<?xml version="1.0" encoding="UTF-8" standalone="yes"?>
<addon id="repository.icanuck-beta" name="[COLOR FF005de5]iCanuck's [/COLOR][COLOR red]beta[/COLOR] Repo" version="1.0.0" provider-name="iCanuck">
	<extension point="xbmc.addon.repository" name="iCanuck's beta Repository">
       <info>https://raw.githubusercontent.com/iCanuck/repo/master/addons.xml</info>
       <checksum>https://raw.githubusercontent.com/iCanuck/repo/master/addons.xml.md5</checksum>
       <datadir zip="true">https://raw.githubusercontent.com/iCanuck/repo/master/</datadir>	
	</extension>
	<extension point="xbmc.addon.metadata">
		<summary>Install iCanuck's beta Skins and Addons</summary>
		<description>Download and install Kodi Skins and beta Addons by iCanuck.</description>
		<platform>all</platform>
		<license>GNU GENERAL PUBLIC LICENSE. Version 3, June 2007</license>
	</extension>
</addon>
