<?xml version="1.0" encoding="UTF-8"?>
<!--NAVI X-->
<window>
    <defaultcontrol always="true">143</defaultcontrol>
    <allowoverlays>false</allowoverlays>
    <controls>
        <control type="image" id="140">
            <description>bg</description>
            <posx>118</posx>
            <top>120</top>
            <width>520</width>
            <height>360</height>
            <texture colordiffuse="$VAR[bgcolor1]">images/Dialog.png</texture>
        </control>
        <control type="label" id="141">
            <description>label_title</description>
            <posx>230</posx>
            <top>220</top>
            <width>290</width>
            <height>32</height>
            <align>center</align>
            <label>Select a Star to Rate:</label>
            <textcolor>$VAR[diffusetext]</textcolor>
            <font>size24</font>
        </control>
        <control type="image" id="142">
            <description>rating</description>
            <posx>238</posx>
            <top>270</top>
            <width>280</width>
            <height>40</height>
            <align>center</align>
            <aligny>center</aligny>
            <!--label>User Name</label-->
            <aspectratio>keep</aspectratio>
            <texture>rating3.png</texture>
        </control>
        <control type="grouplist">
            <width>280</width>
            <ondown>148</ondown>
            <itemgap>0</itemgap>
            <align>center</align>
            <orientation>horizontal</orientation>
            <control type="button" id="150">
                <description>rate0</description>
                <width>30</width>
                <height>40</height>
                <align>left</align>
                <aligny>center</aligny>
                <texturenofocus>-</texturenofocus>
                <texturefocus>-</texturefocus>
            </control>
            <control type="button" id="143">
                <description>rate1</description>
                <width>30</width>
                <height>40</height>
                <align>left</align>
                <aligny>center</aligny>
                <texturenofocus>-</texturenofocus>
                <texturefocus>-</texturefocus>
            </control>
            <control type="button" id="144">
                <description>rate2</description>
                <width>30</width>
                <height>40</height>
                <align>left</align>
                <aligny>center</aligny>
                <number>1</number>
                <texturenofocus>-</texturenofocus>
                <texturefocus>-</texturefocus>
            </control>
            <control type="button" id="145">
                <description>rate3</description>
                <width>30</width>
                <height>40</height>
                <align>left</align>
                <aligny>center</aligny>
                <number>1</number>
                <texturenofocus>-</texturenofocus>
                <texturefocus>-</texturefocus>
            </control>
            <control type="button" id="146">
                <description>rate4</description>
                <width>30</width>
                <height>40</height>
                <align>left</align>
                <aligny>center</aligny>
                <texturenofocus>-</texturenofocus>
                <texturefocus>-</texturefocus>
            </control>
            <control type="button" id="147">
                <description>rate5</description>
                <width>30</width>
                <height>40</height>
                <align>left</align>
                <aligny>center</aligny>
                <texturenofocus>-</texturenofocus>
                <texturefocus>-</texturefocus>
            </control>
        </control>
        <control type="grouplist">
            <posx>255</posx>
            <top>340</top>
            <width>240</width>
            <onup>143</onup>
            <orientation>horizontal</orientation>
            <align>center</align>
            <control type="button" id="148">
                <description>rate</description>
                <width>100</width>
                <height>32</height>
                <align>center</align>
                <aligny>center</aligny>
                <label>Rate</label>
                <textcolor>$VAR[diffusetext]</textcolor>
                <font>special13</font>
                <texturefocus>images/buttonselect.png</texturefocus>
            </control>
            <control type="button" id="149">
                <description>no thanks</description>
                <width>100</width>
                <height>32</height>
                <align>center</align>
                <aligny>center</aligny>
                <label>No Thanks</label>
                <textcolor>$VAR[diffusetext]</textcolor>
                <font>special13</font>
                <texturefocus>images/buttonselect.png</texturefocus>
            </control>
        </control>
    </controls>
</window>
