<?xml version="1.0" encoding="UTF-8"?>
<window type="dialog" id="1141">
    <defaultcontrol always="true">1141</defaultcontrol>
            <animation effect="slide" start="1200,0" end="0,0" time="700"reversible="true">WindowOpen</animation>
            <animation effect="slide" start="0,0" end="1200,0" time="700" reversible="true">WindowClose</animation>			
    <controls>
        <control type="group" description="All dialog content">		
            <control type="image" description="List back">							
                <top>86</top>				
                <posx>1298</posx>
                <width>630</width>
                <height>900</height>				
                <aspectratio>scale</aspectratio>
                <texture colordiffuse="$VAR[diffusemenu]">$VAR[bgimg2]</texture>
            </control>
            <control type="image" description="List back border">
                <top>86</top>
                <posx>1298</posx>
                <width>630</width>
                <height>900</height>
                <aspectratio>stretch</aspectratio>
                <texture colordiffuse="$VAR[diffuseborder]">borders/advbkgdmenu.png</texture>
            </control>			
            <!--control type="image" description="FABRIC">
                <top>400</top>
                <posx>815</posx>
                <visible>Controlgroup(1141).HasFocus(1)</visible>			
                <animation effect="fade" time="200">VisibleChange</animation>		
                <width>456</width>
                <height>256</height>
                <aspectratio align="center" aligny="bottom">keep</aspectratio>																
                <texture>help/icontheme/fabric.png</texture>
            </control>
            <control type="image" description="FABRIC BORDER">
                <top>434</top>
                <posx>815</posx>
                <visible>Controlgroup(1141).HasFocus(1)</visible>			
                <animation effect="fade" time="200">VisibleChange</animation>
                 <width>456</width>
                 <height>208</height>
				 <aspectratio>stretch</aspectratio>
                <texture colordiffuse="$VAR[diffuseborder]">borders/advbkgdmenubg.png</texture>
            </control>
            <control type="image" description="FIBER">
                <top>400</top>
                <posx>815</posx>
                <visible>Controlgroup(1141).HasFocus(2)</visible>			
                <animation effect="fade" time="200">VisibleChange</animation>		
                <width>456</width>
                <height>256</height>
                <aspectratio align="center" aligny="bottom">keep</aspectratio>																
                <texture>help/icontheme/fiber.png</texture>
            </control>
            <control type="image" description="FIBER BORDER">
                <top>434</top>
                <posx>815</posx>
                <visible>Controlgroup(1141).HasFocus(2)</visible>			
                <animation effect="fade" time="200">VisibleChange</animation>
                 <width>456</width>
                 <height>208</height>
				 <aspectratio>stretch</aspectratio>
                <texture colordiffuse="$VAR[diffuseborder]">borders/advbkgdmenubg.png</texture>
            </control>
            <control type="image" description="iOS7">
                <top>400</top>
                <posx>815</posx>
                <visible>Controlgroup(1141).HasFocus(3)</visible>			
                <animation effect="fade" time="200">VisibleChange</animation>		
                <width>456</width>
                <height>256</height>
                <aspectratio align="center" aligny="bottom">keep</aspectratio>																
                <texture>help/icontheme/ios7.png</texture>
            </control>
            <control type="image" description="iOS7 BORDER">
                <top>434</top>
                <posx>815</posx>
                <visible>Controlgroup(1141).HasFocus(3)</visible>			
                <animation effect="fade" time="200">VisibleChange</animation>
                 <width>456</width>
                 <height>208</height>
				 <aspectratio>stretch</aspectratio>
                <texture colordiffuse="$VAR[diffuseborder]">borders/advbkgdmenubg.png</texture>
            </control>
            <control type="image" description="GRUNGE">
                <top>400</top>
                <posx>815</posx>
                <visible>Controlgroup(1141).HasFocus(4)</visible>			
                <animation effect="fade" time="200">VisibleChange</animation>		
                <width>456</width>
                <height>256</height>
                <aspectratio align="center" aligny="bottom">keep</aspectratio>																
                <texture>help/icontheme/grunge.png</texture>
            </control>
            <control type="image" description="GRUNGE BORDER">
                <top>434</top>
                <posx>815</posx>
                <visible>Controlgroup(1141).HasFocus(4)</visible>			
                <animation effect="fade" time="200">VisibleChange</animation>
                 <width>456</width>
                 <height>208</height>
				 <aspectratio>stretch</aspectratio>
                <texture colordiffuse="$VAR[diffuseborder]">borders/advbkgdmenubg.png</texture>
            </control>
            <control type="image" description="GUCCI">
                <top>400</top>
                <posx>815</posx>
                <visible>Controlgroup(1141).HasFocus(5)</visible>			
                <animation effect="fade" time="200">VisibleChange</animation>		
                <width>456</width>
                <height>256</height>
                <aspectratio align="center" aligny="bottom">keep</aspectratio>																
                <texture>help/icontheme/fabric.png</texture>
            </control>
            <control type="image" description="GUCCI BORDER">
                <top>434</top>
                <posx>815</posx>
                <visible>Controlgroup(1141).HasFocus(5)</visible>			
                <animation effect="fade" time="200">VisibleChange</animation>
                 <width>456</width>
                 <height>208</height>
				 <aspectratio>stretch</aspectratio>
                <texture colordiffuse="$VAR[diffuseborder]">borders/advbkgdmenubg.png</texture>
            </control>
            <control type="image" description="VECTOR">
                <top>400</top>
                <posx>815</posx>
                <visible>Controlgroup(1141).HasFocus(6)</visible>			
                <animation effect="fade" time="200">VisibleChange</animation>		
                <width>456</width>
                <height>256</height>
                <aspectratio align="center" aligny="bottom">keep</aspectratio>																
                <texture>help/icontheme/fabric.png</texture>
            </control>
            <control type="image" description="VECTOR BORDER">
                <top>434</top>
                <posx>815</posx>
                <visible>Controlgroup(1141).HasFocus(6)</visible>			
                <animation effect="fade" time="200">VisibleChange</animation>
                 <width>456</width>
                 <height>208</height>
				 <aspectratio>stretch</aspectratio>
                <texture colordiffuse="$VAR[diffuseborder]">borders/advbkgdmenubg.png</texture>
            </control>
            <control type="image" description="DIAGONAL">
                <top>400</top>
                <posx>815</posx>
                <visible>Controlgroup(1141).HasFocus(7)</visible>			
                <animation effect="fade" time="200">VisibleChange</animation>		
                <width>456</width>
                <height>256</height>
                <aspectratio align="center" aligny="bottom">keep</aspectratio>																
                <texture>help/icontheme/fabric.png</texture>
            </control>
            <control type="image" description="DIAGONAL BORDER">
                <top>434</top>
                <posx>815</posx>
                <visible>Controlgroup(1141).HasFocus(7)</visible>			
                <animation effect="fade" time="200">VisibleChange</animation>
                 <width>456</width>
                 <height>208</height>
				 <aspectratio>stretch</aspectratio>
                <texture colordiffuse="$VAR[diffuseborder]">borders/advbkgdmenubg.png</texture>
            </control-->
            <control type="scrollbar" id="60">
                <posx>1880</posx>
                <top>130</top>
                <height>810</height>
                <onleft>1141</onleft>
                <onright>noop</onright>
            </control>			
            <control type="group">
                <control type="grouplist" id="1141">
                <left>1310</left>				
                <centerleft>960</centerleft>
                <top>100</top>
                <width>550</width>
                <height>870</height>
                <itemgap>3</itemgap>
                <onleft>close</onleft>
                <onright>60</onright>
                <onup>1141</onup>
                <ondown>1141</ondown>
                <align>center</align>
				<pagecontrol>60</pagecontrol>
                <scrolltime>200</scrolltime>									
               <control type="radiobutton" id="1">
                    <label>Fabric Icons</label>
                    <onclick>Skin.ToggleSetting(fabricicon)</onclick>
					<onclick condition="Skin.HasSetting(fibericon)">Skin.ToggleSetting(fibericon)</onclick>
					<onclick condition="Skin.HasSetting(ios7icon)">Skin.ToggleSetting(ios7icon)</onclick>					
					<onclick condition="Skin.HasSetting(grungeicon)">Skin.ToggleSetting(grungeicon)</onclick>
					<onclick condition="Skin.HasSetting(gucciicon)">Skin.ToggleSetting(gucciicon)</onclick>
					<onclick condition="Skin.HasSetting(vectoricon)">Skin.ToggleSetting(vectoricon)</onclick>
					<onclick condition="Skin.HasSetting(diagicon)">Skin.ToggleSetting(diagicon)</onclick>
                    <onclick condition="Skin.HasSetting(papericon)">Skin.ToggleSetting(papericon)</onclick>					
					<onclick condition="Skin.HasSetting(metalicon)">Skin.ToggleSetting(metalicon)</onclick>					
					<onclick condition="Skin.HasSetting(metalblkicon)">Skin.ToggleSetting(metalblkicon)</onclick>					
					<onclick condition="Skin.HasSetting(diagonal2icon)">Skin.ToggleSetting(diagonal2icon)</onclick>
					<onclick condition="Skin.HasSetting(diagonal3icon)">Skin.ToggleSetting(diagonal3icon)</onclick>
					<onclick condition="Skin.HasSetting(nanoblkicon)">Skin.ToggleSetting(nanoblkicon)</onclick>
					<onclick condition="Skin.HasSetting(fireicon)">Skin.ToggleSetting(fireicon)</onclick>					
                    <selected>Skin.HasSetting(fabricicon)</selected>				
                </control>
                <control type="radiobutton" id="8">
                    <label>Paper Icons</label>
                    <onclick>Skin.ToggleSetting(papericon)</onclick>
					<onclick condition="Skin.HasSetting(fabricicon)">Skin.ToggleSetting(fabricicon)</onclick>
					<onclick condition="Skin.HasSetting(fibericon)">Skin.ToggleSetting(fibericon)</onclick>
					<onclick condition="Skin.HasSetting(ios7icon)">Skin.ToggleSetting(ios7icon)</onclick>					
					<onclick condition="Skin.HasSetting(grungeicon)">Skin.ToggleSetting(grungeicon)</onclick>
					<onclick condition="Skin.HasSetting(gucciicon)">Skin.ToggleSetting(gucciicon)</onclick>
					<onclick condition="Skin.HasSetting(vectoricon)">Skin.ToggleSetting(vectoricon)</onclick>
					<onclick condition="Skin.HasSetting(diagicon)">Skin.ToggleSetting(diagicon)</onclick>					
					<onclick condition="Skin.HasSetting(metalicon)">Skin.ToggleSetting(metalicon)</onclick>					
					<onclick condition="Skin.HasSetting(metalblkicon)">Skin.ToggleSetting(metalblkicon)</onclick>					
					<onclick condition="Skin.HasSetting(diagonal2icon)">Skin.ToggleSetting(diagonal2icon)</onclick>
					<onclick condition="Skin.HasSetting(diagonal3icon)">Skin.ToggleSetting(diagonal3icon)</onclick>
					<onclick condition="Skin.HasSetting(nanoblkicon)">Skin.ToggleSetting(nanoblkicon)</onclick>
					<onclick condition="Skin.HasSetting(fireicon)">Skin.ToggleSetting(fireicon)</onclick>					
                    <selected>Skin.HasSetting(papericon)</selected>				
                </control>				
                <control type="radiobutton" id="3">
                    <label>iOS7 Icons</label>
                    <onclick>Skin.ToggleSetting(ios7icon)</onclick>
                    <onclick condition="Skin.HasSetting(fabricicon)">Skin.ToggleSetting(fabricicon)</onclick>					
					<onclick condition="Skin.HasSetting(fibericon)">Skin.ToggleSetting(fibericon)</onclick>					
					<onclick condition="Skin.HasSetting(grungeicon)">Skin.ToggleSetting(grungeicon)</onclick>
					<onclick condition="Skin.HasSetting(gucciicon)">Skin.ToggleSetting(gucciicon)</onclick>	
					<onclick condition="Skin.HasSetting(vectoricon)">Skin.ToggleSetting(vectoricon)</onclick>
					<onclick condition="Skin.HasSetting(diagicon)">Skin.ToggleSetting(diagicon)</onclick>
                    <onclick condition="Skin.HasSetting(papericon)">Skin.ToggleSetting(papericon)</onclick>					
					<onclick condition="Skin.HasSetting(metalicon)">Skin.ToggleSetting(metalicon)</onclick>					
					<onclick condition="Skin.HasSetting(metalblkicon)">Skin.ToggleSetting(metalblkicon)</onclick>					
					<onclick condition="Skin.HasSetting(diagonal2icon)">Skin.ToggleSetting(diagonal2icon)</onclick>
					<onclick condition="Skin.HasSetting(diagonal3icon)">Skin.ToggleSetting(diagonal3icon)</onclick>
					<onclick condition="Skin.HasSetting(nanoblkicon)">Skin.ToggleSetting(nanoblkicon)</onclick>
					<onclick condition="Skin.HasSetting(fireicon)">Skin.ToggleSetting(fireicon)</onclick>					
                    <selected>Skin.HasSetting(ios7icon)</selected>				
                </control>
                <control type="radiobutton" id="4">
                    <label>Grunge Icons</label>
                    <onclick>Skin.ToggleSetting(grungeicon)</onclick>
                    <onclick condition="Skin.HasSetting(fabricicon)">Skin.ToggleSetting(fabricicon)</onclick>					
					<onclick condition="Skin.HasSetting(fibericon)">Skin.ToggleSetting(fibericon)</onclick>					
					<onclick condition="Skin.HasSetting(ios7icon)">Skin.ToggleSetting(ios7icon)</onclick>					
					<onclick condition="Skin.HasSetting(gucciicon)">Skin.ToggleSetting(gucciicon)</onclick>
					<onclick condition="Skin.HasSetting(vectoricon)">Skin.ToggleSetting(vectoricon)</onclick>
					<onclick condition="Skin.HasSetting(diagicon)">Skin.ToggleSetting(diagicon)</onclick>
                    <onclick condition="Skin.HasSetting(papericon)">Skin.ToggleSetting(papericon)</onclick>					
					<onclick condition="Skin.HasSetting(metalicon)">Skin.ToggleSetting(metalicon)</onclick>					
					<onclick condition="Skin.HasSetting(metalblkicon)">Skin.ToggleSetting(metalblkicon)</onclick>					
					<onclick condition="Skin.HasSetting(diagonal2icon)">Skin.ToggleSetting(diagonal2icon)</onclick>
					<onclick condition="Skin.HasSetting(diagonal3icon)">Skin.ToggleSetting(diagonal3icon)</onclick>
					<onclick condition="Skin.HasSetting(nanoblkicon)">Skin.ToggleSetting(nanoblkicon)</onclick>
					<onclick condition="Skin.HasSetting(fireicon)">Skin.ToggleSetting(fireicon)</onclick>					
                    <selected>Skin.HasSetting(grungeicon)</selected>				
                </control>
                <control type="radiobutton" id="7">
                    <label>Diagonal Icons</label>
                    <onclick>Skin.ToggleSetting(diagicon)</onclick>
                    <onclick condition="Skin.HasSetting(fabricicon)">Skin.ToggleSetting(fabricicon)</onclick>					
					<onclick condition="Skin.HasSetting(fibericon)">Skin.ToggleSetting(fibericon)</onclick>					
					<onclick condition="Skin.HasSetting(ios7icon)">Skin.ToggleSetting(ios7icon)</onclick>
					<onclick condition="Skin.HasSetting(grungeicon)">Skin.ToggleSetting(grungeicon)</onclick>					
					<onclick condition="Skin.HasSetting(gucciicon)">Skin.ToggleSetting(gucciicon)</onclick>
					<onclick condition="Skin.HasSetting(vectoricon)">Skin.ToggleSetting(vectoricon)</onclick>
                    <onclick condition="Skin.HasSetting(papericon)">Skin.ToggleSetting(papericon)</onclick>					
					<onclick condition="Skin.HasSetting(metalicon)">Skin.ToggleSetting(metalicon)</onclick>					
					<onclick condition="Skin.HasSetting(metalblkicon)">Skin.ToggleSetting(metalblkicon)</onclick>					
					<onclick condition="Skin.HasSetting(diagonal2icon)">Skin.ToggleSetting(diagonal2icon)</onclick>
					<onclick condition="Skin.HasSetting(diagonal3icon)">Skin.ToggleSetting(diagonal3icon)</onclick>
					<onclick condition="Skin.HasSetting(nanoblkicon)">Skin.ToggleSetting(nanoblkicon)</onclick>
					<onclick condition="Skin.HasSetting(fireicon)">Skin.ToggleSetting(fireicon)</onclick>					
                    <selected>Skin.HasSetting(diagicon)</selected>				
                </control>				
                <control type="radiobutton" id="11">
                    <label>Diagonal2 Icons</label>
                    <onclick>Skin.ToggleSetting(diagonal2icon)</onclick>
                    <onclick condition="Skin.HasSetting(fabricicon)">Skin.ToggleSetting(fabricicon)</onclick>
					<onclick condition="Skin.HasSetting(ios7icon)">Skin.ToggleSetting(ios7icon)</onclick>					
					<onclick condition="Skin.HasSetting(fibericon)">Skin.ToggleSetting(fibericon)</onclick>					
					<onclick condition="Skin.HasSetting(grungeicon)">Skin.ToggleSetting(grungeicon)</onclick>
					<onclick condition="Skin.HasSetting(gucciicon)">Skin.ToggleSetting(gucciicon)</onclick>	
					<onclick condition="Skin.HasSetting(vectoricon)">Skin.ToggleSetting(vectoricon)</onclick>
					<onclick condition="Skin.HasSetting(diagicon)">Skin.ToggleSetting(diagicon)</onclick>
                    <onclick condition="Skin.HasSetting(papericon)">Skin.ToggleSetting(papericon)</onclick>					
					<onclick condition="Skin.HasSetting(metalicon)">Skin.ToggleSetting(metalicon)</onclick>					
					<onclick condition="Skin.HasSetting(metalblkicon)">Skin.ToggleSetting(metalblkicon)</onclick>					
					<onclick condition="Skin.HasSetting(diagonal3icon)">Skin.ToggleSetting(diagonal3icon)</onclick>
					<onclick condition="Skin.HasSetting(nanoblkicon)">Skin.ToggleSetting(nanoblkicon)</onclick>
					<onclick condition="Skin.HasSetting(fireicon)">Skin.ToggleSetting(fireicon)</onclick>					
                    <selected>Skin.HasSetting(diagonal2icon)</selected>				
                </control>
                <control type="radiobutton" id="12">
                    <label>Diagonal3 Icons</label>
                    <onclick>Skin.ToggleSetting(diagonal3icon)</onclick>
                    <onclick condition="Skin.HasSetting(fabricicon)">Skin.ToggleSetting(fabricicon)</onclick>					
					<onclick condition="Skin.HasSetting(fibericon)">Skin.ToggleSetting(fibericon)</onclick>					
					<onclick condition="Skin.HasSetting(ios7icon)">Skin.ToggleSetting(ios7icon)</onclick>					
					<onclick condition="Skin.HasSetting(gucciicon)">Skin.ToggleSetting(gucciicon)</onclick>
					<onclick condition="Skin.HasSetting(grungeicon)">Skin.ToggleSetting(grungeicon)</onclick>
					<onclick condition="Skin.HasSetting(vectoricon)">Skin.ToggleSetting(vectoricon)</onclick>
					<onclick condition="Skin.HasSetting(diagicon)">Skin.ToggleSetting(diagicon)</onclick>
                    <onclick condition="Skin.HasSetting(papericon)">Skin.ToggleSetting(papericon)</onclick>					
					<onclick condition="Skin.HasSetting(metalicon)">Skin.ToggleSetting(metalicon)</onclick>					
					<onclick condition="Skin.HasSetting(metalblkicon)">Skin.ToggleSetting(metalblkicon)</onclick>					
					<onclick condition="Skin.HasSetting(diagonal2icon)">Skin.ToggleSetting(diagonal2icon)</onclick>
					<onclick condition="Skin.HasSetting(nanoblkicon)">Skin.ToggleSetting(nanoblkicon)</onclick>
					<onclick condition="Skin.HasSetting(fireicon)">Skin.ToggleSetting(fireicon)</onclick>					
                    <selected>Skin.HasSetting(diagonal3icon)</selected>				
                </control>				
                <control type="radiobutton" id="2">
                    <label>Fiber Icons</label>
                    <onclick>Skin.ToggleSetting(fibericon)</onclick>
                    <onclick condition="Skin.HasSetting(fabricicon)">Skin.ToggleSetting(fabricicon)</onclick>					
					<onclick condition="Skin.HasSetting(ios7icon)">Skin.ToggleSetting(ios7icon)</onclick>
					<onclick condition="Skin.HasSetting(grungeicon)">Skin.ToggleSetting(grungeicon)</onclick>
					<onclick condition="Skin.HasSetting(gucciicon)">Skin.ToggleSetting(gucciicon)</onclick>
					<onclick condition="Skin.HasSetting(vectoricon)">Skin.ToggleSetting(vectoricon)</onclick>
					<onclick condition="Skin.HasSetting(diagicon)">Skin.ToggleSetting(diagicon)</onclick>
                    <onclick condition="Skin.HasSetting(papericon)">Skin.ToggleSetting(papericon)</onclick>					
					<onclick condition="Skin.HasSetting(metalicon)">Skin.ToggleSetting(metalicon)</onclick>					
					<onclick condition="Skin.HasSetting(metalblkicon)">Skin.ToggleSetting(metalblkicon)</onclick>					
					<onclick condition="Skin.HasSetting(diagonal2icon)">Skin.ToggleSetting(diagonal2icon)</onclick>
					<onclick condition="Skin.HasSetting(diagonal3icon)">Skin.ToggleSetting(diagonal3icon)</onclick>
					<onclick condition="Skin.HasSetting(nanoblkicon)">Skin.ToggleSetting(nanoblkicon)</onclick>
					<onclick condition="Skin.HasSetting(fireicon)">Skin.ToggleSetting(fireicon)</onclick>					
                    <selected>Skin.HasSetting(fibericon)</selected>				
                </control>				
                <control type="radiobutton" id="5">
                    <label>Gucci Icons</label>
                    <onclick>Skin.ToggleSetting(gucciicon)</onclick>
                    <onclick condition="Skin.HasSetting(fabricicon)">Skin.ToggleSetting(fabricicon)</onclick>					
					<onclick condition="Skin.HasSetting(fibericon)">Skin.ToggleSetting(fibericon)</onclick>
					<onclick condition="Skin.HasSetting(ios7icon)">Skin.ToggleSetting(ios7icon)</onclick>					
					<onclick condition="Skin.HasSetting(grungeicon)">Skin.ToggleSetting(grungeicon)</onclick>
					<onclick condition="Skin.HasSetting(vectoricon)">Skin.ToggleSetting(vectoricon)</onclick>
					<onclick condition="Skin.HasSetting(diagicon)">Skin.ToggleSetting(diagicon)</onclick>
                    <onclick condition="Skin.HasSetting(papericon)">Skin.ToggleSetting(papericon)</onclick>					
					<onclick condition="Skin.HasSetting(metalicon)">Skin.ToggleSetting(metalicon)</onclick>					
					<onclick condition="Skin.HasSetting(metalblkicon)">Skin.ToggleSetting(metalblkicon)</onclick>					
					<onclick condition="Skin.HasSetting(diagonal2icon)">Skin.ToggleSetting(diagonal2icon)</onclick>
					<onclick condition="Skin.HasSetting(diagonal3icon)">Skin.ToggleSetting(diagonal3icon)</onclick>
					<onclick condition="Skin.HasSetting(nanoblkicon)">Skin.ToggleSetting(nanoblkicon)</onclick>
					<onclick condition="Skin.HasSetting(fireicon)">Skin.ToggleSetting(fireicon)</onclick>					
                    <selected>Skin.HasSetting(gucciicon)</selected>				
                </control>	
                <control type="radiobutton" id="6">
                    <label>Vector Icons</label>
                    <onclick>Skin.ToggleSetting(vectoricon)</onclick>
                    <onclick condition="Skin.HasSetting(fabricicon)">Skin.ToggleSetting(fabricicon)</onclick>					
					<onclick condition="Skin.HasSetting(fibericon)">Skin.ToggleSetting(fibericon)</onclick>					
					<onclick condition="Skin.HasSetting(grungeicon)">Skin.ToggleSetting(grungeicon)</onclick>
					<onclick condition="Skin.HasSetting(gucciicon)">Skin.ToggleSetting(gucciicon)</onclick>	
					<onclick condition="Skin.HasSetting(diagicon)">Skin.ToggleSetting(diagicon)</onclick>
                    <onclick condition="Skin.HasSetting(papericon)">Skin.ToggleSetting(papericon)</onclick>					
					<onclick condition="Skin.HasSetting(metalicon)">Skin.ToggleSetting(metalicon)</onclick>					
					<onclick condition="Skin.HasSetting(metalblkicon)">Skin.ToggleSetting(metalblkicon)</onclick>					
					<onclick condition="Skin.HasSetting(diagonal2icon)">Skin.ToggleSetting(diagonal2icon)</onclick>
					<onclick condition="Skin.HasSetting(diagonal3icon)">Skin.ToggleSetting(diagonal3icon)</onclick>
					<onclick condition="Skin.HasSetting(nanoblkicon)">Skin.ToggleSetting(nanoblkicon)</onclick>
					<onclick condition="Skin.HasSetting(fireicon)">Skin.ToggleSetting(fireicon)</onclick>					
                    <selected>Skin.HasSetting(vectoricon)</selected>				
                </control>							   
                <control type="radiobutton" id="9">
                    <label>Metal Icons</label>
                    <onclick>Skin.ToggleSetting(metalicon)</onclick>
                    <onclick condition="Skin.HasSetting(fabricicon)">Skin.ToggleSetting(fabricicon)</onclick>
					<onclick condition="Skin.HasSetting(fibericon)">Skin.ToggleSetting(fibericon)</onclick>					
					<onclick condition="Skin.HasSetting(ios7icon)">Skin.ToggleSetting(ios7icon)</onclick>
					<onclick condition="Skin.HasSetting(grungeicon)">Skin.ToggleSetting(grungeicon)</onclick>
					<onclick condition="Skin.HasSetting(gucciicon)">Skin.ToggleSetting(gucciicon)</onclick>
					<onclick condition="Skin.HasSetting(vectoricon)">Skin.ToggleSetting(vectoricon)</onclick>
					<onclick condition="Skin.HasSetting(diagicon)">Skin.ToggleSetting(diagicon)</onclick>    					
                    <onclick condition="Skin.HasSetting(papericon)">Skin.ToggleSetting(papericon)</onclick>					
					<onclick condition="Skin.HasSetting(metalblkicon)">Skin.ToggleSetting(metalblkicon)</onclick>					
					<onclick condition="Skin.HasSetting(diagonal2icon)">Skin.ToggleSetting(diagonal2icon)</onclick>
					<onclick condition="Skin.HasSetting(diagonal3icon)">Skin.ToggleSetting(diagonal3icon)</onclick>
					<onclick condition="Skin.HasSetting(nanoblkicon)">Skin.ToggleSetting(nanoblkicon)</onclick>
					<onclick condition="Skin.HasSetting(fireicon)">Skin.ToggleSetting(fireicon)</onclick>					
                    <selected>Skin.HasSetting(metalicon)</selected>				
                </control>
                <control type="radiobutton" id="10">
                    <label>Metal-Black Icons</label>
                    <onclick>Skin.ToggleSetting(metalblkicon)</onclick>
                    <onclick condition="Skin.HasSetting(fabricicon)">Skin.ToggleSetting(fabricicon)</onclick>					
					<onclick condition="Skin.HasSetting(fibericon)">Skin.ToggleSetting(fibericon)</onclick>					
					<onclick condition="Skin.HasSetting(ios7icon)">Skin.ToggleSetting(ios7icon)</onclick>
					<onclick condition="Skin.HasSetting(grungeicon)">Skin.ToggleSetting(grungeicon)</onclick>					
					<onclick condition="Skin.HasSetting(gucciicon)">Skin.ToggleSetting(gucciicon)</onclick>
					<onclick condition="Skin.HasSetting(vectoricon)">Skin.ToggleSetting(vectoricon)</onclick>
                    <onclick condition="Skin.HasSetting(papericon)">Skin.ToggleSetting(papericon)</onclick>					
					<onclick condition="Skin.HasSetting(metalicon)">Skin.ToggleSetting(metalicon)</onclick>
					<onclick condition="Skin.HasSetting(diagicon)">Skin.ToggleSetting(diagicon)</onclick>					
					<onclick condition="Skin.HasSetting(diagonal2icon)">Skin.ToggleSetting(diagonal2icon)</onclick>
					<onclick condition="Skin.HasSetting(diagonal3icon)">Skin.ToggleSetting(diagonal3icon)</onclick>
					<onclick condition="Skin.HasSetting(nanoblkicon)">Skin.ToggleSetting(nanoblkicon)</onclick>
					<onclick condition="Skin.HasSetting(fireicon)">Skin.ToggleSetting(fireicon)</onclick>					
                    <selected>Skin.HasSetting(metalblkicon)</selected>				
                </control>
                <control type="radiobutton" id="13">
                    <label>Nano-Black Icons</label>
                    <onclick>Skin.ToggleSetting(nanoblkicon)</onclick>
                    <onclick condition="Skin.HasSetting(fabricicon)">Skin.ToggleSetting(fabricicon)</onclick>					
					<onclick condition="Skin.HasSetting(fibericon)">Skin.ToggleSetting(fibericon)</onclick>
					<onclick condition="Skin.HasSetting(ios7icon)">Skin.ToggleSetting(ios7icon)</onclick>					
					<onclick condition="Skin.HasSetting(grungeicon)">Skin.ToggleSetting(grungeicon)</onclick>
					<onclick condition="Skin.HasSetting(gucciicon)">Skin.ToggleSetting(gucciicon)</onclick>
					<onclick condition="Skin.HasSetting(vectoricon)">Skin.ToggleSetting(vectoricon)</onclick>
					<onclick condition="Skin.HasSetting(diagicon)">Skin.ToggleSetting(diagicon)</onclick>
                    <onclick condition="Skin.HasSetting(papericon)">Skin.ToggleSetting(papericon)</onclick>					
					<onclick condition="Skin.HasSetting(metalicon)">Skin.ToggleSetting(metalicon)</onclick>					
					<onclick condition="Skin.HasSetting(metalblkicon)">Skin.ToggleSetting(metalblkicon)</onclick>					
					<onclick condition="Skin.HasSetting(diagonal2icon)">Skin.ToggleSetting(diagonal2icon)</onclick>
					<onclick condition="Skin.HasSetting(diagonal3icon)">Skin.ToggleSetting(diagonal3icon)</onclick>
					<onclick condition="Skin.HasSetting(fireicon)">Skin.ToggleSetting(fireicon)</onclick>					
                    <selected>Skin.HasSetting(nanoblkicon)</selected>				
                </control>	
                <control type="radiobutton" id="14">
                    <label>Fire Icons</label>
                    <onclick>Skin.ToggleSetting(fireicon)</onclick>
                    <onclick condition="Skin.HasSetting(fabricicon)">Skin.ToggleSetting(fabricicon)</onclick>
					<onclick condition="Skin.HasSetting(ios7icon)">Skin.ToggleSetting(ios7icon)</onclick>
					<onclick condition="Skin.HasSetting(fibericon)">Skin.ToggleSetting(fibericon)</onclick>					
					<onclick condition="Skin.HasSetting(grungeicon)">Skin.ToggleSetting(grungeicon)</onclick>
					<onclick condition="Skin.HasSetting(gucciicon)">Skin.ToggleSetting(gucciicon)</onclick>	
					<onclick condition="Skin.HasSetting(diagicon)">Skin.ToggleSetting(diagicon)</onclick>
					<onclick condition="Skin.HasSetting(vectoricon)">Skin.ToggleSetting(vectoricon)</onclick>
                    <onclick condition="Skin.HasSetting(papericon)">Skin.ToggleSetting(papericon)</onclick>					
					<onclick condition="Skin.HasSetting(metalicon)">Skin.ToggleSetting(metalicon)</onclick>					
					<onclick condition="Skin.HasSetting(metalblkicon)">Skin.ToggleSetting(metalblkicon)</onclick>					
					<onclick condition="Skin.HasSetting(diagonal2icon)">Skin.ToggleSetting(diagonal2icon)</onclick>
					<onclick condition="Skin.HasSetting(diagonal3icon)">Skin.ToggleSetting(diagonal3icon)</onclick>
					<onclick condition="Skin.HasSetting(nanoblkicon)">Skin.ToggleSetting(nanoblkicon)</onclick>
                    <selected>Skin.HasSetting(fireicon)</selected>				
                </control>				
				
							
                </control>													
            </control>
        </control>
    </controls>
</window>
