<?xml version="1.0" encoding="UTF-8"?>
<window type="dialog" id="1142">
    <defaultcontrol always="true">9000</defaultcontrol>
    <include>DialogOpenClose</include>
    <controls>
        <control type="group">
            <!--visible allowhiddenfocus="true">ControlGroup(9000).HasFocus()</visible-->
            <include>DialogOpenCloseVisible</include>						
            <control type="image" description="List back">				
                <posx>708</posx>
                <top>52</top>
                <width>504</width>
                <height>530</height>
	            <aspectratio>scale</aspectratio>				
                <texture colordiffuse="$VAR[diffusemenu]">$VAR[bgimg2]</texture>			
          </control>		  
            <control type="image" description="List back border">			
                <posx>708</posx>
                <top>52</top>
                <width>504</width>
                <height>530</height>
                <aspectratio>stretch</aspectratio>				
                <texture colordiffuse="$VAR[diffuseborder]">borders/iconthemepopup.png</texture>
          </control>
            <control type="scrollbar" id="60">
                <posx>1180</posx>
                <top>120</top>
                <height>440</height>
                <onleft>9000</onleft>
                <onright>noop</onright>
            </control>
            <control type="image" id="41">
                <centerleft>940</centerleft>
                <top>104</top>					
                <align>center</align>					
                <width>550</width>
                <height>1</height>
                <texture colordiffuse="$VAR[diffuselines]">lines/Line.png</texture>
                <aspectratio>stretch</aspectratio>
            </control>
            <control type="label" id="40">
                <centerleft>940</centerleft>
                <top>60</top>
                <width>450</width>
                <height>50</height>				
                <align>center</align>
		        <font>size33B</font>
                <label>[COLOR=textcolor]• • •  Icon Theme  • • •[/COLOR]</label>
            </control>				
            <control type="grouplist" id="9000">
                    <centerleft>940</centerleft>
                    <top>105</top>
                    <width>420</width>
                    <height>470</height>
                    <itemgap>3</itemgap>
                    <onleft>close</onleft>
                    <onright>60</onright>
                    <onup>9000</onup>
                    <ondown>9000</ondown>
					<pagecontrol>60</pagecontrol>
                    <align>center</align>
                    <scrolltime>200</scrolltime>
               <control type="radiobutton" id="1">
                    <label>Fabric Icons</label>
                    <onclick>Skin.ToggleSetting(fabricicon)</onclick>
					<onclick condition="Skin.HasSetting(fibericon)">Skin.ToggleSetting(fibericon)</onclick>
					<onclick condition="Skin.HasSetting(ios7icon)">Skin.ToggleSetting(ios7icon)</onclick>					
					<onclick condition="Skin.HasSetting(grungeicon)">Skin.ToggleSetting(grungeicon)</onclick>
					<onclick condition="Skin.HasSetting(gucciicon)">Skin.ToggleSetting(gucciicon)</onclick>
					<onclick condition="Skin.HasSetting(vectoricon)">Skin.ToggleSetting(vectoricon)</onclick>
					<onclick condition="Skin.HasSetting(diagicon)">Skin.ToggleSetting(diagicon)</onclick>
                    <onclick condition="Skin.HasSetting(papericon)">Skin.ToggleSetting(papericon)</onclick>					
					<onclick condition="Skin.HasSetting(metalicon)">Skin.ToggleSetting(metalicon)</onclick>					
					<onclick condition="Skin.HasSetting(metalblkicon)">Skin.ToggleSetting(metalblkicon)</onclick>					
					<onclick condition="Skin.HasSetting(diagonal2icon)">Skin.ToggleSetting(diagonal2icon)</onclick>
					<onclick condition="Skin.HasSetting(diagonal3icon)">Skin.ToggleSetting(diagonal3icon)</onclick>
					<onclick condition="Skin.HasSetting(nanoblkicon)">Skin.ToggleSetting(nanoblkicon)</onclick>
					<onclick condition="Skin.HasSetting(fireicon)">Skin.ToggleSetting(fireicon)</onclick>					
                    <selected>Skin.HasSetting(fabricicon)</selected>				
                </control>
                <control type="radiobutton" id="8">
                    <label>Paper Icons</label>
                    <onclick>Skin.ToggleSetting(papericon)</onclick>
					<onclick condition="Skin.HasSetting(fabricicon)">Skin.ToggleSetting(fabricicon)</onclick>
					<onclick condition="Skin.HasSetting(fibericon)">Skin.ToggleSetting(fibericon)</onclick>
					<onclick condition="Skin.HasSetting(ios7icon)">Skin.ToggleSetting(ios7icon)</onclick>					
					<onclick condition="Skin.HasSetting(grungeicon)">Skin.ToggleSetting(grungeicon)</onclick>
					<onclick condition="Skin.HasSetting(gucciicon)">Skin.ToggleSetting(gucciicon)</onclick>
					<onclick condition="Skin.HasSetting(vectoricon)">Skin.ToggleSetting(vectoricon)</onclick>
					<onclick condition="Skin.HasSetting(diagicon)">Skin.ToggleSetting(diagicon)</onclick>					
					<onclick condition="Skin.HasSetting(metalicon)">Skin.ToggleSetting(metalicon)</onclick>					
					<onclick condition="Skin.HasSetting(metalblkicon)">Skin.ToggleSetting(metalblkicon)</onclick>					
					<onclick condition="Skin.HasSetting(diagonal2icon)">Skin.ToggleSetting(diagonal2icon)</onclick>
					<onclick condition="Skin.HasSetting(diagonal3icon)">Skin.ToggleSetting(diagonal3icon)</onclick>
					<onclick condition="Skin.HasSetting(nanoblkicon)">Skin.ToggleSetting(nanoblkicon)</onclick>
					<onclick condition="Skin.HasSetting(fireicon)">Skin.ToggleSetting(fireicon)</onclick>					
                    <selected>Skin.HasSetting(papericon)</selected>				
                </control>				
                <control type="radiobutton" id="3">
                    <label>iOS7 Icons</label>
                    <onclick>Skin.ToggleSetting(ios7icon)</onclick>
                    <onclick condition="Skin.HasSetting(fabricicon)">Skin.ToggleSetting(fabricicon)</onclick>					
					<onclick condition="Skin.HasSetting(fibericon)">Skin.ToggleSetting(fibericon)</onclick>					
					<onclick condition="Skin.HasSetting(grungeicon)">Skin.ToggleSetting(grungeicon)</onclick>
					<onclick condition="Skin.HasSetting(gucciicon)">Skin.ToggleSetting(gucciicon)</onclick>	
					<onclick condition="Skin.HasSetting(vectoricon)">Skin.ToggleSetting(vectoricon)</onclick>
					<onclick condition="Skin.HasSetting(diagicon)">Skin.ToggleSetting(diagicon)</onclick>
                    <onclick condition="Skin.HasSetting(papericon)">Skin.ToggleSetting(papericon)</onclick>					
					<onclick condition="Skin.HasSetting(metalicon)">Skin.ToggleSetting(metalicon)</onclick>					
					<onclick condition="Skin.HasSetting(metalblkicon)">Skin.ToggleSetting(metalblkicon)</onclick>					
					<onclick condition="Skin.HasSetting(diagonal2icon)">Skin.ToggleSetting(diagonal2icon)</onclick>
					<onclick condition="Skin.HasSetting(diagonal3icon)">Skin.ToggleSetting(diagonal3icon)</onclick>
					<onclick condition="Skin.HasSetting(nanoblkicon)">Skin.ToggleSetting(nanoblkicon)</onclick>
					<onclick condition="Skin.HasSetting(fireicon)">Skin.ToggleSetting(fireicon)</onclick>					
                    <selected>Skin.HasSetting(ios7icon)</selected>				
                </control>
                <control type="radiobutton" id="4">
                    <label>Grunge Icons</label>
                    <onclick>Skin.ToggleSetting(grungeicon)</onclick>
                    <onclick condition="Skin.HasSetting(fabricicon)">Skin.ToggleSetting(fabricicon)</onclick>					
					<onclick condition="Skin.HasSetting(fibericon)">Skin.ToggleSetting(fibericon)</onclick>					
					<onclick condition="Skin.HasSetting(ios7icon)">Skin.ToggleSetting(ios7icon)</onclick>					
					<onclick condition="Skin.HasSetting(gucciicon)">Skin.ToggleSetting(gucciicon)</onclick>
					<onclick condition="Skin.HasSetting(vectoricon)">Skin.ToggleSetting(vectoricon)</onclick>
					<onclick condition="Skin.HasSetting(diagicon)">Skin.ToggleSetting(diagicon)</onclick>
                    <onclick condition="Skin.HasSetting(papericon)">Skin.ToggleSetting(papericon)</onclick>					
					<onclick condition="Skin.HasSetting(metalicon)">Skin.ToggleSetting(metalicon)</onclick>					
					<onclick condition="Skin.HasSetting(metalblkicon)">Skin.ToggleSetting(metalblkicon)</onclick>					
					<onclick condition="Skin.HasSetting(diagonal2icon)">Skin.ToggleSetting(diagonal2icon)</onclick>
					<onclick condition="Skin.HasSetting(diagonal3icon)">Skin.ToggleSetting(diagonal3icon)</onclick>
					<onclick condition="Skin.HasSetting(nanoblkicon)">Skin.ToggleSetting(nanoblkicon)</onclick>
					<onclick condition="Skin.HasSetting(fireicon)">Skin.ToggleSetting(fireicon)</onclick>					
                    <selected>Skin.HasSetting(grungeicon)</selected>				
                </control>
                <control type="radiobutton" id="7">
                    <label>Diagonal Icons</label>
                    <onclick>Skin.ToggleSetting(diagicon)</onclick>
                    <onclick condition="Skin.HasSetting(fabricicon)">Skin.ToggleSetting(fabricicon)</onclick>					
					<onclick condition="Skin.HasSetting(fibericon)">Skin.ToggleSetting(fibericon)</onclick>					
					<onclick condition="Skin.HasSetting(ios7icon)">Skin.ToggleSetting(ios7icon)</onclick>
					<onclick condition="Skin.HasSetting(grungeicon)">Skin.ToggleSetting(grungeicon)</onclick>					
					<onclick condition="Skin.HasSetting(gucciicon)">Skin.ToggleSetting(gucciicon)</onclick>
					<onclick condition="Skin.HasSetting(vectoricon)">Skin.ToggleSetting(vectoricon)</onclick>
                    <onclick condition="Skin.HasSetting(papericon)">Skin.ToggleSetting(papericon)</onclick>					
					<onclick condition="Skin.HasSetting(metalicon)">Skin.ToggleSetting(metalicon)</onclick>					
					<onclick condition="Skin.HasSetting(metalblkicon)">Skin.ToggleSetting(metalblkicon)</onclick>					
					<onclick condition="Skin.HasSetting(diagonal2icon)">Skin.ToggleSetting(diagonal2icon)</onclick>
					<onclick condition="Skin.HasSetting(diagonal3icon)">Skin.ToggleSetting(diagonal3icon)</onclick>
					<onclick condition="Skin.HasSetting(nanoblkicon)">Skin.ToggleSetting(nanoblkicon)</onclick>
					<onclick condition="Skin.HasSetting(fireicon)">Skin.ToggleSetting(fireicon)</onclick>					
                    <selected>Skin.HasSetting(diagicon)</selected>				
                </control>				
                <control type="radiobutton" id="11">
                    <label>Diagonal2 Icons</label>
                    <onclick>Skin.ToggleSetting(diagonal2icon)</onclick>
                    <onclick condition="Skin.HasSetting(fabricicon)">Skin.ToggleSetting(fabricicon)</onclick>
					<onclick condition="Skin.HasSetting(ios7icon)">Skin.ToggleSetting(ios7icon)</onclick>					
					<onclick condition="Skin.HasSetting(fibericon)">Skin.ToggleSetting(fibericon)</onclick>					
					<onclick condition="Skin.HasSetting(grungeicon)">Skin.ToggleSetting(grungeicon)</onclick>
					<onclick condition="Skin.HasSetting(gucciicon)">Skin.ToggleSetting(gucciicon)</onclick>	
					<onclick condition="Skin.HasSetting(vectoricon)">Skin.ToggleSetting(vectoricon)</onclick>
					<onclick condition="Skin.HasSetting(diagicon)">Skin.ToggleSetting(diagicon)</onclick>
                    <onclick condition="Skin.HasSetting(papericon)">Skin.ToggleSetting(papericon)</onclick>					
					<onclick condition="Skin.HasSetting(metalicon)">Skin.ToggleSetting(metalicon)</onclick>					
					<onclick condition="Skin.HasSetting(metalblkicon)">Skin.ToggleSetting(metalblkicon)</onclick>					
					<onclick condition="Skin.HasSetting(diagonal3icon)">Skin.ToggleSetting(diagonal3icon)</onclick>
					<onclick condition="Skin.HasSetting(nanoblkicon)">Skin.ToggleSetting(nanoblkicon)</onclick>
					<onclick condition="Skin.HasSetting(fireicon)">Skin.ToggleSetting(fireicon)</onclick>					
                    <selected>Skin.HasSetting(diagonal2icon)</selected>				
                </control>
                <control type="radiobutton" id="12">
                    <label>Diagonal3 Icons</label>
                    <onclick>Skin.ToggleSetting(diagonal3icon)</onclick>
                    <onclick condition="Skin.HasSetting(fabricicon)">Skin.ToggleSetting(fabricicon)</onclick>					
					<onclick condition="Skin.HasSetting(fibericon)">Skin.ToggleSetting(fibericon)</onclick>					
					<onclick condition="Skin.HasSetting(ios7icon)">Skin.ToggleSetting(ios7icon)</onclick>					
					<onclick condition="Skin.HasSetting(gucciicon)">Skin.ToggleSetting(gucciicon)</onclick>
					<onclick condition="Skin.HasSetting(grungeicon)">Skin.ToggleSetting(grungeicon)</onclick>
					<onclick condition="Skin.HasSetting(vectoricon)">Skin.ToggleSetting(vectoricon)</onclick>
					<onclick condition="Skin.HasSetting(diagicon)">Skin.ToggleSetting(diagicon)</onclick>
                    <onclick condition="Skin.HasSetting(papericon)">Skin.ToggleSetting(papericon)</onclick>					
					<onclick condition="Skin.HasSetting(metalicon)">Skin.ToggleSetting(metalicon)</onclick>					
					<onclick condition="Skin.HasSetting(metalblkicon)">Skin.ToggleSetting(metalblkicon)</onclick>					
					<onclick condition="Skin.HasSetting(diagonal2icon)">Skin.ToggleSetting(diagonal2icon)</onclick>
					<onclick condition="Skin.HasSetting(nanoblkicon)">Skin.ToggleSetting(nanoblkicon)</onclick>
					<onclick condition="Skin.HasSetting(fireicon)">Skin.ToggleSetting(fireicon)</onclick>					
                    <selected>Skin.HasSetting(diagonal3icon)</selected>				
                </control>				
                <control type="radiobutton" id="2">
                    <label>Fiber Icons</label>
                    <onclick>Skin.ToggleSetting(fibericon)</onclick>
                    <onclick condition="Skin.HasSetting(fabricicon)">Skin.ToggleSetting(fabricicon)</onclick>					
					<onclick condition="Skin.HasSetting(ios7icon)">Skin.ToggleSetting(ios7icon)</onclick>
					<onclick condition="Skin.HasSetting(grungeicon)">Skin.ToggleSetting(grungeicon)</onclick>
					<onclick condition="Skin.HasSetting(gucciicon)">Skin.ToggleSetting(gucciicon)</onclick>
					<onclick condition="Skin.HasSetting(vectoricon)">Skin.ToggleSetting(vectoricon)</onclick>
					<onclick condition="Skin.HasSetting(diagicon)">Skin.ToggleSetting(diagicon)</onclick>
                    <onclick condition="Skin.HasSetting(papericon)">Skin.ToggleSetting(papericon)</onclick>					
					<onclick condition="Skin.HasSetting(metalicon)">Skin.ToggleSetting(metalicon)</onclick>					
					<onclick condition="Skin.HasSetting(metalblkicon)">Skin.ToggleSetting(metalblkicon)</onclick>					
					<onclick condition="Skin.HasSetting(diagonal2icon)">Skin.ToggleSetting(diagonal2icon)</onclick>
					<onclick condition="Skin.HasSetting(diagonal3icon)">Skin.ToggleSetting(diagonal3icon)</onclick>
					<onclick condition="Skin.HasSetting(nanoblkicon)">Skin.ToggleSetting(nanoblkicon)</onclick>
					<onclick condition="Skin.HasSetting(fireicon)">Skin.ToggleSetting(fireicon)</onclick>					
                    <selected>Skin.HasSetting(fibericon)</selected>				
                </control>				
                <control type="radiobutton" id="5">
                    <label>Gucci Icons</label>
                    <onclick>Skin.ToggleSetting(gucciicon)</onclick>
                    <onclick condition="Skin.HasSetting(fabricicon)">Skin.ToggleSetting(fabricicon)</onclick>					
					<onclick condition="Skin.HasSetting(fibericon)">Skin.ToggleSetting(fibericon)</onclick>
					<onclick condition="Skin.HasSetting(ios7icon)">Skin.ToggleSetting(ios7icon)</onclick>					
					<onclick condition="Skin.HasSetting(grungeicon)">Skin.ToggleSetting(grungeicon)</onclick>
					<onclick condition="Skin.HasSetting(vectoricon)">Skin.ToggleSetting(vectoricon)</onclick>
					<onclick condition="Skin.HasSetting(diagicon)">Skin.ToggleSetting(diagicon)</onclick>
                    <onclick condition="Skin.HasSetting(papericon)">Skin.ToggleSetting(papericon)</onclick>					
					<onclick condition="Skin.HasSetting(metalicon)">Skin.ToggleSetting(metalicon)</onclick>					
					<onclick condition="Skin.HasSetting(metalblkicon)">Skin.ToggleSetting(metalblkicon)</onclick>					
					<onclick condition="Skin.HasSetting(diagonal2icon)">Skin.ToggleSetting(diagonal2icon)</onclick>
					<onclick condition="Skin.HasSetting(diagonal3icon)">Skin.ToggleSetting(diagonal3icon)</onclick>
					<onclick condition="Skin.HasSetting(nanoblkicon)">Skin.ToggleSetting(nanoblkicon)</onclick>
					<onclick condition="Skin.HasSetting(fireicon)">Skin.ToggleSetting(fireicon)</onclick>					
                    <selected>Skin.HasSetting(gucciicon)</selected>				
                </control>	
                <control type="radiobutton" id="6">
                    <label>Vector Icons</label>
                    <onclick>Skin.ToggleSetting(vectoricon)</onclick>
                    <onclick condition="Skin.HasSetting(fabricicon)">Skin.ToggleSetting(fabricicon)</onclick>					
					<onclick condition="Skin.HasSetting(fibericon)">Skin.ToggleSetting(fibericon)</onclick>					
					<onclick condition="Skin.HasSetting(grungeicon)">Skin.ToggleSetting(grungeicon)</onclick>
					<onclick condition="Skin.HasSetting(gucciicon)">Skin.ToggleSetting(gucciicon)</onclick>	
					<onclick condition="Skin.HasSetting(diagicon)">Skin.ToggleSetting(diagicon)</onclick>
                    <onclick condition="Skin.HasSetting(papericon)">Skin.ToggleSetting(papericon)</onclick>					
					<onclick condition="Skin.HasSetting(metalicon)">Skin.ToggleSetting(metalicon)</onclick>					
					<onclick condition="Skin.HasSetting(metalblkicon)">Skin.ToggleSetting(metalblkicon)</onclick>					
					<onclick condition="Skin.HasSetting(diagonal2icon)">Skin.ToggleSetting(diagonal2icon)</onclick>
					<onclick condition="Skin.HasSetting(diagonal3icon)">Skin.ToggleSetting(diagonal3icon)</onclick>
					<onclick condition="Skin.HasSetting(nanoblkicon)">Skin.ToggleSetting(nanoblkicon)</onclick>
					<onclick condition="Skin.HasSetting(fireicon)">Skin.ToggleSetting(fireicon)</onclick>					
                    <selected>Skin.HasSetting(vectoricon)</selected>				
                </control>							   
                <control type="radiobutton" id="9">
                    <label>Metal Icons</label>
                    <onclick>Skin.ToggleSetting(metalicon)</onclick>
                    <onclick condition="Skin.HasSetting(fabricicon)">Skin.ToggleSetting(fabricicon)</onclick>
					<onclick condition="Skin.HasSetting(fibericon)">Skin.ToggleSetting(fibericon)</onclick>					
					<onclick condition="Skin.HasSetting(ios7icon)">Skin.ToggleSetting(ios7icon)</onclick>
					<onclick condition="Skin.HasSetting(grungeicon)">Skin.ToggleSetting(grungeicon)</onclick>
					<onclick condition="Skin.HasSetting(gucciicon)">Skin.ToggleSetting(gucciicon)</onclick>
					<onclick condition="Skin.HasSetting(vectoricon)">Skin.ToggleSetting(vectoricon)</onclick>
					<onclick condition="Skin.HasSetting(diagicon)">Skin.ToggleSetting(diagicon)</onclick>    					
                    <onclick condition="Skin.HasSetting(papericon)">Skin.ToggleSetting(papericon)</onclick>					
					<onclick condition="Skin.HasSetting(metalblkicon)">Skin.ToggleSetting(metalblkicon)</onclick>					
					<onclick condition="Skin.HasSetting(diagonal2icon)">Skin.ToggleSetting(diagonal2icon)</onclick>
					<onclick condition="Skin.HasSetting(diagonal3icon)">Skin.ToggleSetting(diagonal3icon)</onclick>
					<onclick condition="Skin.HasSetting(nanoblkicon)">Skin.ToggleSetting(nanoblkicon)</onclick>
					<onclick condition="Skin.HasSetting(fireicon)">Skin.ToggleSetting(fireicon)</onclick>					
                    <selected>Skin.HasSetting(metalicon)</selected>				
                </control>
                <control type="radiobutton" id="10">
                    <label>Metal-Black Icons</label>
                    <onclick>Skin.ToggleSetting(metalblkicon)</onclick>
                    <onclick condition="Skin.HasSetting(fabricicon)">Skin.ToggleSetting(fabricicon)</onclick>					
					<onclick condition="Skin.HasSetting(fibericon)">Skin.ToggleSetting(fibericon)</onclick>					
					<onclick condition="Skin.HasSetting(ios7icon)">Skin.ToggleSetting(ios7icon)</onclick>
					<onclick condition="Skin.HasSetting(grungeicon)">Skin.ToggleSetting(grungeicon)</onclick>					
					<onclick condition="Skin.HasSetting(gucciicon)">Skin.ToggleSetting(gucciicon)</onclick>
					<onclick condition="Skin.HasSetting(vectoricon)">Skin.ToggleSetting(vectoricon)</onclick>
                    <onclick condition="Skin.HasSetting(papericon)">Skin.ToggleSetting(papericon)</onclick>					
					<onclick condition="Skin.HasSetting(metalicon)">Skin.ToggleSetting(metalicon)</onclick>	
					<onclick condition="Skin.HasSetting(diagicon)">Skin.ToggleSetting(diagicon)</onclick>					
					<onclick condition="Skin.HasSetting(diagonal2icon)">Skin.ToggleSetting(diagonal2icon)</onclick>
					<onclick condition="Skin.HasSetting(diagonal3icon)">Skin.ToggleSetting(diagonal3icon)</onclick>
					<onclick condition="Skin.HasSetting(nanoblkicon)">Skin.ToggleSetting(nanoblkicon)</onclick>
					<onclick condition="Skin.HasSetting(fireicon)">Skin.ToggleSetting(fireicon)</onclick>					
                    <selected>Skin.HasSetting(metalblkicon)</selected>				
                </control>
                <control type="radiobutton" id="13">
                    <label>Nano-Black Icons</label>
                    <onclick>Skin.ToggleSetting(nanoblkicon)</onclick>
                    <onclick condition="Skin.HasSetting(fabricicon)">Skin.ToggleSetting(fabricicon)</onclick>					
					<onclick condition="Skin.HasSetting(fibericon)">Skin.ToggleSetting(fibericon)</onclick>
					<onclick condition="Skin.HasSetting(ios7icon)">Skin.ToggleSetting(ios7icon)</onclick>					
					<onclick condition="Skin.HasSetting(grungeicon)">Skin.ToggleSetting(grungeicon)</onclick>
					<onclick condition="Skin.HasSetting(gucciicon)">Skin.ToggleSetting(gucciicon)</onclick>
					<onclick condition="Skin.HasSetting(vectoricon)">Skin.ToggleSetting(vectoricon)</onclick>
					<onclick condition="Skin.HasSetting(diagicon)">Skin.ToggleSetting(diagicon)</onclick>
                    <onclick condition="Skin.HasSetting(papericon)">Skin.ToggleSetting(papericon)</onclick>					
					<onclick condition="Skin.HasSetting(metalicon)">Skin.ToggleSetting(metalicon)</onclick>					
					<onclick condition="Skin.HasSetting(metalblkicon)">Skin.ToggleSetting(metalblkicon)</onclick>					
					<onclick condition="Skin.HasSetting(diagonal2icon)">Skin.ToggleSetting(diagonal2icon)</onclick>
					<onclick condition="Skin.HasSetting(diagonal3icon)">Skin.ToggleSetting(diagonal3icon)</onclick>
					<onclick condition="Skin.HasSetting(fireicon)">Skin.ToggleSetting(fireicon)</onclick>					
                    <selected>Skin.HasSetting(nanoblkicon)</selected>				
                </control>	
                <control type="radiobutton" id="14">
                    <label>Fire Icons</label>
                    <onclick>Skin.ToggleSetting(fireicon)</onclick>
                    <onclick condition="Skin.HasSetting(fabricicon)">Skin.ToggleSetting(fabricicon)</onclick>
					<onclick condition="Skin.HasSetting(ios7icon)">Skin.ToggleSetting(ios7icon)</onclick>
					<onclick condition="Skin.HasSetting(fibericon)">Skin.ToggleSetting(fibericon)</onclick>					
					<onclick condition="Skin.HasSetting(grungeicon)">Skin.ToggleSetting(grungeicon)</onclick>
					<onclick condition="Skin.HasSetting(gucciicon)">Skin.ToggleSetting(gucciicon)</onclick>	
					<onclick condition="Skin.HasSetting(diagicon)">Skin.ToggleSetting(diagicon)</onclick>
					<onclick condition="Skin.HasSetting(vectoricon)">Skin.ToggleSetting(vectoricon)</onclick>
                    <onclick condition="Skin.HasSetting(papericon)">Skin.ToggleSetting(papericon)</onclick>					
					<onclick condition="Skin.HasSetting(metalicon)">Skin.ToggleSetting(metalicon)</onclick>					
					<onclick condition="Skin.HasSetting(metalblkicon)">Skin.ToggleSetting(metalblkicon)</onclick>					
					<onclick condition="Skin.HasSetting(diagonal2icon)">Skin.ToggleSetting(diagonal2icon)</onclick>
					<onclick condition="Skin.HasSetting(diagonal3icon)">Skin.ToggleSetting(diagonal3icon)</onclick>
					<onclick condition="Skin.HasSetting(nanoblkicon)">Skin.ToggleSetting(nanoblkicon)</onclick>
                    <selected>Skin.HasSetting(fireicon)</selected>				
                </control>
							
            </control>
        </control>
    </controls>
</window>
