<?xml version="1.0" encoding="UTF-8"?>
<window id="1717">
    <defaultcontrol always="true">50</defaultcontrol>
    <allowoverlay>no</allowoverlay>
    <backgroundcolor>background</backgroundcolor>
    <include>OpenClose</include>
    <controls>
        <include>Linemiddle</include>
        <include>WindowsTopInfos</include>
        <control type="group">
            <posx>960</posx>
            <top>131</top>
            <control type="list" id="50">
                <top>30</top>
                <width>902</width>
                <height>801</height>
                <onleft>noop</onleft>
                <onright>noop</onright>
                <onup>50</onup>
                <ondown>50</ondown>
                <pagecontrol>60</pagecontrol>
                <focusposition>0</focusposition>
                <movement>5</movement>
                <scrolltime>250</scrolltime>
                <itemlayout width="802" height="81">
                    <control type="label" description="Main Label">
                        <include>52MainLabel</include>
                        <label>$INFO[ListItem.Label]</label>
                    </control>
                    <control type="label" description="Label 2">
                        <include>SettingsLabel2</include>
                        <label>$INFO[ListItem.Label2]</label>
                    </control>
                    <control type="image" description="Icon">
                        <animation condition="true" effect="fade" start="100" end="60" time="0">Conditional</animation>
                        <posx>775</posx>
                        <top>0</top>
                        <height>81</height>
                        <width>42</width>
                        <aspectratio>keep</aspectratio>
                        <texture>$INFO[ListItem.Icon]</texture>
                    </control>
                    <include>listline</include>
                </itemlayout>
                <focusedlayout width="802" height="81">
                    <include>SmallSelector</include>
                    <control type="label" description="Main Label">
                        <textcolor>$VAR[diffusetext]</textcolor>

                        <include>52MainLabel</include>
                        <label>$INFO[ListItem.Label]</label>
                    </control>
                    <control type="label" description="Label 2">
                        <include>SettingsLabel2</include>
                        <label>$INFO[ListItem.Label2]</label>
                    </control>
                    <control type="image" description="Icon">
                        <animation effect="fade" start="60" end="100" time="100" delay="200">Focus</animation>
                        <posx>775</posx>
                        <top>0</top>
                        <height>81</height>
                        <width>42</width>
                        <aspectratio>keep</aspectratio>
                        <texture>$INFO[ListItem.Icon]</texture>
                    </control>
                    <include>listline</include>
                </focusedlayout>
                <content>
                    <!--<item id="0" description="safe">
                      <label>BACK</label>
                      <onclick>Action(Back)</onclick>
                      <icon>DefaultIconWarning.png</icon>
                    </item>
                    <item id="1" description="Cache">
                      <label>31065</label>
                      <onclick>RunScript(special://skin/resources/cache.py)</onclick>
                      <icon>DefaultIconWarning.png</icon>
                    </item-->
                    <item id="2" description="Thumbnails">
                        <label>31066</label>
                        <onclick>RunScript(service.clean.up,thumbs)</onclick>
                        <icon>DefaultIconWarning.png</icon>
                    </item>
                    <item id="3" description="packages">
                        <label>31067</label>
                        <onclick>RunScript(service.clean.up,packages)</onclick>
                        <icon>DefaultIconWarning.png</icon>
                    </item>
                    <item id="6" description="advanced settings">
                        <label>31080</label>
                        <onclick>RunScript(service.clean.up,advanced)</onclick>
                        <icon>DefaultIconWarning.png</icon>
                    </item>
                    <item id="8" description="videodb">
                        <label>31084</label>
                        <onclick>RunScript(service.clean.up,videodb)</onclick>
                        <icon>DefaultIconWarning.png</icon>
                    </item>
                    <item id="9" description="Musicdb">
                        <label>31085</label>
                        <onclick>RunScript(service.clean.up,musicdb)</onclick>
                        <icon>DefaultIconWarning.png</icon>
                    </item>
                    <!--item id="10" description="test">
                      <label>LABELHERE</label>
                      <onclick>RunScript()</onclick>
                      <icon>DefaultIconWarning.png</icon>
                    </item-->
                </content>
            </control>
        </control>
        <control type="group" description="Left panel">
            <posx>270</posx>
            <top>60</top>
            <control type="image" description="reset">
                <include>Help_Panel</include>
                <texture>help/Warning.png</texture>
            </control>
        </control>
        <control type="image" description="Line">
            <posx>150</posx>
            <top>440</top>
            <height>1</height>
            <width>660</width>
            <texture colordiffuse="$VAR[diffuselines]">lines/Line.png</texture>
        </control>
        <control type="textbox" description="HelpDetails">
            <posx>170</posx>
            <top>460</top>
            <width>660</width>
            <height>480</height>
            <font>size28</font>
            <align>justify</align>
            <label>[COLOR=$VAR[diffusetext]]31070[/COLOR]</label>
        </control>
    </controls>
</window>
