<?xml version="1.0" encoding="UTF-8"?>
<window id="103">
	<defaultcontrol always="true">300</defaultcontrol>
	<animation type="WindowOpen" reversible="false">
		<effect type="slide" start="0,600" end="0,0" easing="out" tween="back" time="400" />
		<effect type="fade" start="0" end="100" time="300" />
	</animation>
	<animation type="WindowClose" reversible="false">
		<effect type="slide" start="0,0" end="0,600" easing="in" tween="back" time="400" />
		<effect type="fade" start="100" end="0" time="300" />
	</animation>
	<controls>
		<control type="group">
            <top>450</top>
			<visible>!Window.IsVisible(numericinput)</visible>			
			<!--control type="image">
				<width>1920</width>
				<height>700</height>
				<texture border="150" colordiffuse="keyboard">images/dialog.png</texture>
			</control-->						
			<control type="image">
			    <top>115</top>
				<posx>125</posx>
				<width>1670</width>
				<height>450</height>
				<aspectratio>scale</aspectratio>				
				<texture colordiffuse="$VAR[diffusekeyboard]">$VAR[bgimgkeyboard]</texture>
			</control>
			<control type="image">
			    <top>115</top>
				<posx>125</posx>			
				<width>1674</width>
				<height>454</height>
				<aspectratio>stretch</aspectratio>				
				<texture colordiffuse="$VAR[diffuseborder]">borders/powermenuborder.png</texture>
			</control>						
			<control type="label" id="311">
				<left>600</left>
				<top>130</top>
				<width>720</width>
				<font>size36B</font>
                <align>center</align>
				<textcolor>$VAR[diffusetext]</textcolor>
			</control>
			<control type="image">
				<centerleft>960</centerleft>
				<top>200</top>
				<width>1500</width>
				<height>70</height>
				<aspectratio>stretch</aspectratio>
				<texture border="10" colordiffuse="White">images/textedit.png</texture>
			</control>			
            <control type="edit" id="312">
                <description>Edit Text</description>
                <centerleft>960</centerleft>
                <top>203</top>
                <width>1420</width>
                <height>60</height>
                <texturefocus>-</texturefocus>
                <texturenofocus>-</texturenofocus>
                <align>center</align>
                <textcolor>White</textcolor>
				<font>size50</font>
            </control>						
			<control type="group">
				<visible>Skin.HasSetting(qwerty)</visible>
				<left>160</left>
				<top>280</top>
				<control type="button" id="8">
					<description>BACKSPACE button</description>
                    <width>300</width>
					<include>Keyboardbuttons</include>
					<label>20181</label>
					<onleft>109</onleft>
					<onright>100</onright>
					<onup>307</onup>
					<ondown>304</ondown>					
				</control>
				<control type="button" id="100">
					<description>'1' button</description>
					<posx>300</posx>
					<include>Keyboardbuttons</include>
					<onleft>8</onleft>
					<onright>101</onright>
					<onup>32</onup>
					<ondown>140</ondown>
					<textcolor>keybletters</textcolor>
				</control>
				<control type="button" id="101">
					<description>'2' button</description>
					<posx>430</posx>
					<include>Keyboardbuttons</include>
					<onleft>100</onleft>
					<onright>102</onright>
					<onup>32</onup>
					<ondown>164</ondown>
				</control>
				<control type="button" id="102">
					<description>'3' button</description>
					<posx>560</posx>
					<include>Keyboardbuttons</include>
					<onleft>101</onleft>
					<onright>103</onright>
					<onup>32</onup>
					<ondown>162</ondown>
				</control>
				<control type="button" id="103">
					<description>'4' button</description>
					<posx>690</posx>
					<posy>0</posy>
					<include>Keyboardbuttons</include>
					<onleft>102</onleft>
					<onright>104</onright>
					<onup>32</onup>
					<ondown>142</ondown>
				</control>
				<control type="button" id="104">
					<description>'5' button</description>
					<posx>820</posx>
					<posy>0</posy>
					<include>Keyboardbuttons</include>
					<onleft>103</onleft>
					<onright>105</onright>
					<onup>32</onup>
					<ondown>122</ondown>
				</control>
				<control type="button" id="105">
					<description>'6' button</description>
					<posx>950</posx>
					<include>Keyboardbuttons</include>
					<onleft>104</onleft>
					<onright>106</onright>
					<onup>32</onup>
					<ondown>143</ondown>
				</control>
				<control type="button" id="106">
					<description>'7' button</description>
					<posx>1080</posx>
					<include>Keyboardbuttons</include>
					<onleft>105</onleft>
					<onright>107</onright>
					<onup>305</onup>
					<ondown>144</ondown>
				</control>
				<control type="button" id="107">
					<description>'8' button</description>
					<posx>1210</posx>
					<include>Keyboardbuttons</include>
					<onleft>106</onleft>
					<onright>108</onright>
					<onup>305</onup>
					<ondown>145</ondown>
				</control>
				<control type="button" id="108">
					<description>'9' button</description>
					<posx>1340</posx>
					<include>Keyboardbuttons</include>
					<onleft>107</onleft>
					<onright>109</onright>
					<onup>306</onup>
					<ondown>127</ondown>
				</control>
				<control type="button" id="109">
					<description>'0' button</description>
					<posx>1470</posx>
					<include>Keyboardbuttons</include>
					<onleft>108</onleft>
					<onright>8</onright>
					<onup>306</onup>
					<ondown>146</ondown>
				</control>
				<control type="radiobutton" id="304">
					<description>SYMBOLS button</description>
					<posx>0</posx>
					<posy>50</posy>
                    <width>300</width>
					<include>Keyboardbuttons</include>
					<label>20180</label>
					<onleft>146</onleft>
					<onright>140</onright>
					<onup>8</onup>
					<ondown>303</ondown>
				</control>
				<control type="button" id="140">
					<description>'A' button</description>
					<posx>300</posx>
					<posy>50</posy>
					<include>Keyboardbuttons</include>
					<onleft>304</onleft>
					<onright>164</onright>
					<onup>100</onup>
					<ondown>147</ondown>
				</control>
				<control type="button" id="164">
					<description>'B' button</description>
					<posx>430</posx>
					<posy>50</posy>
					<include>Keyboardbuttons</include>
					<onleft>140</onleft>
					<onright>162</onright>
					<onup>101</onup>
					<ondown>148</ondown>
				</control>
				<control type="button" id="162">
					<description>'C' button</description>
					<posx>560</posx>
					<posy>50</posy>
					<include>Keyboardbuttons</include>
					<onleft>164</onleft>
					<onright>142</onright>
					<onup>102</onup>
					<ondown>166</ondown>
				</control>
				<control type="button" id="142">
					<description>'D' button</description>
					<posx>690</posx>
					<posy>50</posy>
					<include>Keyboardbuttons</include>
					<onleft>162</onleft>
					<onright>122</onright>
					<onup>103</onup>
					<ondown>165</ondown>
				</control>
				<control type="button" id="122">
					<description>'E' button</description>
					<posx>820</posx>
					<posy>50</posy>
					<include>Keyboardbuttons</include>
					<onleft>142</onleft>
					<onright>143</onright>
					<onup>104</onup>
					<ondown>128</ondown>
				</control>
				<control type="button" id="143">
					<description>'F' button</description>
					<posx>950</posx>
					<posy>50</posy>
					<include>Keyboardbuttons</include>
					<onleft>122</onleft>
					<onright>144</onright>
					<onup>105</onup>
					<ondown>129</ondown>
				</control>
				<control type="button" id="144">
					<description>'G' button</description>
					<posx>1080</posx>
					<posy>50</posy>
					<include>Keyboardbuttons</include>
					<onleft>143</onleft>
					<onright>145</onright>
					<onup>106</onup>
					<ondown>120</ondown>
				</control>
				<control type="button" id="145">
					<description>'H' button</description>
					<posx>1210</posx>
					<posy>50</posy>
					<include>Keyboardbuttons</include>
					<onleft>144</onleft>
					<onright>127</onright>
					<onup>107</onup>
					<ondown>123</ondown>
				</control>
				<control type="button" id="127">
					<description>'I' button</description>
					<posx>1340</posx>
					<posy>50</posy>
					<include>Keyboardbuttons</include>
					<onleft>145</onleft>
					<onright>146</onright>
					<onup>108</onup>
					<ondown>141</ondown>
				</control>
				<control type="button" id="146">
					<description>'J' button</description>
					<posx>1470</posx>
					<posy>50</posy>
					<include>Keyboardbuttons</include>
					<onleft>127</onleft>
					<onright>304</onright>
					<onup>109</onup>
					<ondown>124</ondown>
				</control>
				<control type="radiobutton" id="303">
					<description>CAPS LOCK button</description>
					<posx>0</posx>
					<posy>100</posy>
					<width>300</width>
					<include>Keyboardbuttons</include>
					<label>20179</label>
					<onleft>124</onleft>
					<onright>147</onright>
					<onup>304</onup>
					<ondown>302</ondown>
				</control>
				<control type="button" id="147">
					<description>'K' button</description>
					<posx>300</posx>
					<posy>100</posy>
					<include>Keyboardbuttons</include>
					<onleft>303</onleft>
					<onright>148</onright>
					<onup>140</onup>
					<ondown>126</ondown>
				</control>
				<control type="button" id="148">
					<description>'L' button</description>
					<posx>430</posx>
					<posy>100</posy>
                    <include>Keyboardbuttons</include>
					<onleft>147</onleft>
					<onright>166</onright>
					<onup>164</onup>
					<ondown>163</ondown>
				</control>
				<control type="button" id="166">
					<description>'M' button</description>
					<posx>560</posx>
					<posy>100</posy>
					<include>Keyboardbuttons</include>
					<onleft>148</onleft>
					<onright>165</onright>
					<onup>162</onup>
					<ondown>121</ondown>
				</control>
				<control type="button" id="165">
					<description>'N' button</description>
					<posx>690</posx>
					<posy>100</posy>
					<include>Keyboardbuttons</include>
					<onleft>166</onleft>
					<onright>128</onright>
					<onup>142</onup>
					<ondown>161</ondown>
				</control>
				<control type="button" id="128">
					<description>'O' button</description>
					<posx>820</posx>
					<posy>100</posy>
					<include>Keyboardbuttons</include>
					<onleft>165</onleft>
					<onright>129</onright>
					<onup>122</onup>
					<ondown>125</ondown>
				</control>
				<control type="button" id="129">
					<description>'P' button</description>
					<posx>950</posx>
					<posy>100</posy>
					<include>Keyboardbuttons</include>
					<onleft>128</onleft>
					<onright>120</onright>
					<onup>143</onup>
					<ondown>160</ondown>
				</control>
				<control type="button" id="120">
					<description>'Q' button</description>
					<posx>1080</posx>
					<posy>100</posy>
					<include>Keyboardbuttons</include>
					<onleft>129</onleft>
					<onright>123</onright>
					<onup>144</onup>
					<ondown>300</ondown>
				</control>
				<control type="button" id="123">
					<description>'R' button</description>
					<posx>1210</posx>
					<posy>100</posy>
					<include>Keyboardbuttons</include>
					<onleft>120</onleft>
					<onright>141</onright>
					<onup>145</onup>
					<ondown>300</ondown>
				</control>
				<control type="button" id="141">
					<description>'S' button</description>
					<posx>1340</posx>
					<posy>100</posy>
					<include>Keyboardbuttons</include>
					<onleft>123</onleft>
					<onright>124</onright>
					<onup>127</onup>
					<ondown>300</ondown>
				</control>
				<control type="button" id="124">
					<description>'T' button</description>
					<posx>1470</posx>
					<posy>100</posy>
					<include>Keyboardbuttons</include>
					<onleft>141</onleft>
					<onright>303</onright>
					<onup>146</onup>
					<ondown>300</ondown>
				</control>
				<control type="radiobutton" id="302">
					<description>SHIFT button</description>
					<posx>0</posx>
					<posy>150</posy>
					<width>300</width>
                    <include>Keyboardbuttons</include>
					<label>20178</label>
					<onleft>300</onleft>
					<onright>126</onright>
					<onup>303</onup>
					<ondown>307</ondown>
				</control>
				<control type="button" id="126">
					<description>'U' button</description>
					<posx>300</posx>
					<posy>150</posy>
					<include>Keyboardbuttons</include>
					<onleft>302</onleft>
					<onright>163</onright>
					<onup>147</onup>
					<ondown>32</ondown>
				</control>
				<control type="button" id="163">
					<description>'V' button</description>
					<posx>430</posx>
					<posy>150</posy>
					<include>Keyboardbuttons</include>
					<onleft>126</onleft>
					<onright>121</onright>
					<onup>148</onup>
					<ondown>32</ondown>
				</control>
				<control type="button" id="121">
					<description>'W' button</description>
					<posx>560</posx>
					<posy>150</posy>
					<include>Keyboardbuttons</include>
					<onleft>163</onleft>
					<onright>161</onright>
					<onup>166</onup>
					<ondown>32</ondown>
				</control>
				<control type="button" id="161">
					<description>'X' button</description>
					<posx>690</posx>
					<posy>150</posy>
					<include>Keyboardbuttons</include>
					<onleft>121</onleft>
					<onright>125</onright>
					<onup>165</onup>
					<ondown>32</ondown>
					<textoffsetx>0</textoffsetx>
				</control>
				<control type="button" id="125">
					<description>'Y' button</description>
					<posx>820</posx>
					<posy>150</posy>
					<include>Keyboardbuttons</include>
					<onleft>161</onleft>
					<onright>160</onright>
					<onup>128</onup>
					<ondown>32</ondown>
				</control>
				<control type="button" id="160">
					<description>'Z' button</description>
					<posx>950</posx>
					<posy>150</posy>
					<include>Keyboardbuttons</include>
					<onleft>125</onleft>
					<onright>300</onright>
					<onup>129</onup>
					<ondown>32</ondown>
				</control>
				<control type="button" id="300">
					<description>DONE button</description>
					<posx>1080</posx>
					<posy>150</posy>
                    <width>520</width>
					<include>Keyboardbuttons</include>
					<label>20177</label>
					<onleft>160</onleft>
					<onright>302</onright>
					<onup>120</onup>
					<ondown>305</ondown>
				</control>
				<control type="button" id="307">
					<description>IP ADDRESS button</description>
					<posx>0</posx>
					<posy>200</posy>
                    <width>400</width>
					<include>Keyboardbuttons</include>
					<label>1006</label>
					<textoffsetx>0</textoffsetx>
					<onleft>306</onleft>
					<onright>32</onright>
					<onup>302</onup>
					<ondown>8</ondown>
				</control>
				<control type="button" id="32">
					<description>SPACE button</description>
					<posx>400</posx>
					<posy>200</posy>
                    <width>800</width>
					<include>Keyboardbuttons</include>
					<label>20182</label>
					<textoffsetx>0</textoffsetx>
					<onleft>307</onleft>
					<onright>305</onright>
					<onup>126</onup>
					<ondown>100</ondown>
				</control>
				<control type="button" id="305">
					<description>PREVIOUS button</description>
					<posx>1200</posx>
					<posy>200</posy>
                    <width>200</width>
					<include>Keyboardbuttons</include>
					<label>&lt;</label>
					<onleft>32</onleft>
					<onright>306</onright>
					<onup>300</onup>
					<ondown>106</ondown>
				</control>
				<control type="button" id="306">
					<description>NEXT button</description>
					<posx>1400</posx>
					<posy>200</posy>
                    <width>200</width>
					<include>Keyboardbuttons</include>
					<label>&gt;</label>
					<onleft>305</onleft>
					<onright>307</onright>
					<onup>300</onup>
					<ondown>108</ondown>
				</control>										
			</control>
		</control>			
<!-- QWERTY KEYBOARD  -->		
		<control type="group">
			<visible>!Window.IsVisible(numericinput)</visible>		
            <top>450</top>						
			<control type="group">
			 <visible>!Skin.HasSetting(qwerty)</visible>
				<left>160</left>
				<top>280</top>
				<control type="button" id="8">
					<description>BACKSPACE button</description>
                    <width>300</width>
					<include>Keyboardbuttons</include>
					<label>20181</label>
					<onleft>109</onleft>
					<onright>100</onright>
					<onup>307</onup>
					<ondown>304</ondown>					
				</control>
				<control type="button" id="100">
					<description>'1' button</description>
					<posx>300</posx>
					<include>Keyboardbuttons</include>
					<onleft>8</onleft>
					<onright>101</onright>
					<onup>32</onup>
					<ondown>120</ondown>
					<textcolor>keybletters</textcolor>
				</control>
				<control type="button" id="101">
					<description>'2' button</description>
					<posx>430</posx>
					<include>Keyboardbuttons</include>
					<onleft>100</onleft>
					<onright>102</onright>
					<onup>32</onup>
					<ondown>121</ondown>
				</control>
				<control type="button" id="102">
					<description>'3' button</description>
					<posx>560</posx>
					<include>Keyboardbuttons</include>
					<onleft>101</onleft>
					<onright>103</onright>
					<onup>32</onup>
					<ondown>122</ondown>
				</control>
				<control type="button" id="103">
					<description>'4' button</description>
					<posx>690</posx>
					<posy>0</posy>
					<include>Keyboardbuttons</include>
					<onleft>102</onleft>
					<onright>104</onright>
					<onup>32</onup>
					<ondown>123</ondown>
				</control>
				<control type="button" id="104">
					<description>'5' button</description>
					<posx>820</posx>
					<posy>0</posy>
					<include>Keyboardbuttons</include>
					<onleft>103</onleft>
					<onright>105</onright>
					<onup>32</onup>
					<ondown>124</ondown>
				</control>
				<control type="button" id="105">
					<description>'6' button</description>
					<posx>950</posx>
					<include>Keyboardbuttons</include>
					<onleft>104</onleft>
					<onright>106</onright>
					<onup>32</onup>
					<ondown>125</ondown>
				</control>
				<control type="button" id="106">
					<description>'7' button</description>
					<posx>1080</posx>
					<include>Keyboardbuttons</include>
					<onleft>105</onleft>
					<onright>107</onright>
					<onup>305</onup>
					<ondown>126</ondown>
				</control>
				<control type="button" id="107">
					<description>'8' button</description>
					<posx>1210</posx>
					<include>Keyboardbuttons</include>
					<onleft>106</onleft>
					<onright>108</onright>
					<onup>305</onup>
					<ondown>127</ondown>
				</control>
				<control type="button" id="108">
					<description>'9' button</description>
					<posx>1340</posx>
					<include>Keyboardbuttons</include>
					<onleft>107</onleft>
					<onright>109</onright>
					<onup>306</onup>
					<ondown>128</ondown>
				</control>
				<control type="button" id="109">
					<description>'0' button</description>
					<posx>1470</posx>
					<include>Keyboardbuttons</include>
					<onleft>108</onleft>
					<onright>8</onright>
					<onup>306</onup>
					<ondown>129</ondown>
				</control>
				<control type="radiobutton" id="304">
					<description>SYMBOLS button</description>
					<posx>0</posx>
					<posy>50</posy>
                    <width>300</width>
					<include>Keyboardbuttons</include>
					<label>20180</label>
					<onleft>129</onleft>
					<onright>120</onright>
					<onup>8</onup>
					<ondown>303</ondown>
				</control>				
				<control type="button" id="120">
					<description>'Q' button</description>
					<posx>300</posx>
					<posy>50</posy>
					<include>Keyboardbuttons</include>
					<onleft>304</onleft>
					<onright>121</onright>
					<onup>100</onup>
					<ondown>140</ondown>
				</control>
				<control type="button" id="121">
					<description>'W' button</description>
					<posx>430</posx>
					<posy>50</posy>
					<include>Keyboardbuttons</include>
					<onleft>120</onleft>
					<onright>122</onright>
					<onup>101</onup>
					<ondown>141</ondown>
				</control>
				<control type="button" id="122">
					<description>'E' button</description>
					<posx>560</posx>
					<posy>50</posy>
					<include>Keyboardbuttons</include>
					<onleft>121</onleft>
					<onright>123</onright>
					<onup>102</onup>
					<ondown>142</ondown>
				</control>
				<control type="button" id="123">
					<description>'R' button</description>
					<posx>690</posx>
					<posy>50</posy>
					<include>Keyboardbuttons</include>
					<onleft>122</onleft>
					<onright>124</onright>
					<onup>103</onup>
					<ondown>143</ondown>
				</control>
				<control type="button" id="124">
					<description>'T' button</description>
					<posx>820</posx>
					<posy>50</posy>
					<include>Keyboardbuttons</include>
					<onleft>123</onleft>
					<onright>125</onright>
					<onup>104</onup>
					<ondown>144</ondown>
				</control>
				<control type="button" id="125">
					<description>'Y' button</description>
					<posx>950</posx>
					<posy>50</posy>
					<include>Keyboardbuttons</include>
					<onleft>124</onleft>
					<onright>126</onright>
					<onup>105</onup>
					<ondown>145</ondown>
				</control>
				<control type="button" id="126">
					<description>'U' button</description>
					<posx>1080</posx>
					<posy>50</posy>
					<include>Keyboardbuttons</include>
					<onleft>125</onleft>
					<onright>127</onright>
					<onup>106</onup>
					<ondown>146</ondown>
				</control>
				<control type="button" id="127">
					<description>'I' button</description>
					<posx>1210</posx>
					<posy>50</posy>
					<include>Keyboardbuttons</include>
					<onleft>126</onleft>
					<onright>128</onright>
					<onup>107</onup>
					<ondown>147</ondown>
				</control>
				<control type="button" id="128">
					<description>'O' button</description>
					<posx>1340</posx>
					<posy>50</posy>
					<include>Keyboardbuttons</include>
					<onleft>127</onleft>
					<onright>129</onright>
					<onup>108</onup>
					<ondown>148</ondown>
				</control>
				<control type="button" id="129">
					<description>'P' button</description>
					<posx>1470</posx>
					<posy>50</posy>
					<include>Keyboardbuttons</include>
					<onleft>128</onleft>
					<onright>304</onright>
					<onup>109</onup>
					<ondown>300</ondown>
				</control>
				<control type="radiobutton" id="303">
					<description>CAPS LOCK button</description>
					<posx>0</posx>
					<posy>100</posy>
					<width>320</width>
					<include>Keyboardbuttons</include>
					<label>20179</label>
					<onleft>148</onleft>
					<onright>140</onright>
					<onup>304</onup>
					<ondown>302</ondown>
				</control>
				<control type="button" id="140">
					<description>'A' button</description>
					<posx>320</posx>
					<posy>100</posy>
					<include>Keyboardbuttons</include>
					<onleft>303</onleft>
					<onright>141</onright>
					<onup>120</onup>
					<ondown>160</ondown>
				</control>
				<control type="button" id="141">
					<description>'S' button</description>
					<posx>450</posx>
					<posy>100</posy>
                    <include>Keyboardbuttons</include>
					<onleft>140</onleft>
					<onright>142</onright>
					<onup>121</onup>
					<ondown>161</ondown>
				</control>
				<control type="button" id="142">
					<description>'D' button</description>
					<posx>580</posx>
					<posy>100</posy>
					<include>Keyboardbuttons</include>
					<onleft>141</onleft>
					<onright>143</onright>
					<onup>122</onup>
					<ondown>162</ondown>
				</control>
				<control type="button" id="143">
					<description>'F' button</description>
					<posx>710</posx>
					<posy>100</posy>
					<include>Keyboardbuttons</include>
					<onleft>142</onleft>
					<onright>144</onright>
					<onup>123</onup>
					<ondown>163</ondown>
				</control>
				<control type="button" id="144">
					<description>'G' button</description>
					<posx>840</posx>
					<posy>100</posy>
					<include>Keyboardbuttons</include>
					<onleft>143</onleft>
					<onright>145</onright>
					<onup>124</onup>
					<ondown>164</ondown>
				</control>
				<control type="button" id="145">
					<description>'H' button</description>
					<posx>970</posx>
					<posy>100</posy>
					<include>Keyboardbuttons</include>
					<onleft>144</onleft>
					<onright>146</onright>
					<onup>125</onup>
					<ondown>165</ondown>
				</control>
				<control type="button" id="146">
					<description>'J' button</description>
					<posx>1100</posx>
					<posy>100</posy>
					<include>Keyboardbuttons</include>
					<onleft>145</onleft>
					<onright>147</onright>
					<onup>126</onup>
					<ondown>166</ondown>
				</control>
				<control type="button" id="147">
					<description>'K' button</description>
					<posx>1230</posx>
					<posy>100</posy>
					<include>Keyboardbuttons</include>
					<onleft>146</onleft>
					<onright>148</onright>
					<onup>127</onup>
					<ondown>300</ondown>
				</control>
				<control type="button" id="148">
					<description>'L' button</description>
					<posx>1360</posx>
					<posy>100</posy>
					<include>Keyboardbuttons</include>
					<onleft>147</onleft>
					<onright>300</onright>
					<onup>128</onup>
					<ondown>300</ondown>
				</control>
				<control type="radiobutton" id="302">
					<description>SHIFT button</description>
					<posx>0</posx>
					<posy>150</posy>
					<width>340</width>
                    <include>Keyboardbuttons</include>
					<label>20178</label>
					<onleft>300</onleft>
					<onright>160</onright>
					<onup>303</onup>
					<ondown>307</ondown>
				</control>
				<control type="button" id="160">
					<description>'Z' button</description>
					<posx>340</posx>
					<posy>150</posy>
					<include>Keyboardbuttons</include>
					<onleft>302</onleft>
					<onright>161</onright>
					<onup>140</onup>
					<ondown>32</ondown>
				</control>										
				<control type="button" id="161">
					<description>'X' button</description>
					<posx>470</posx>
					<posy>150</posy>
					<include>Keyboardbuttons</include>
					<onleft>160</onleft>
					<onright>162</onright>
					<onup>141</onup>
					<ondown>32</ondown>
				</control>
				<control type="button" id="162">
					<description>'C' button</description>
					<posx>600</posx>
					<posy>150</posy>
					<include>Keyboardbuttons</include>
					<onleft>161</onleft>
					<onright>163</onright>
					<onup>142</onup>
					<ondown>32</ondown>
				</control>
				<control type="button" id="163">
					<description>'V' button</description>
					<posx>730</posx>
					<posy>150</posy>
					<include>Keyboardbuttons</include>
					<onleft>162</onleft>
					<onright>164</onright>
					<onup>143</onup>
					<ondown>32</ondown>
					<textoffsetx>0</textoffsetx>
				</control>
				<control type="button" id="164">
					<description>'B' button</description>
					<posx>860</posx>
					<posy>150</posy>
					<include>Keyboardbuttons</include>
					<onleft>163</onleft>
					<onright>165</onright>
					<onup>144</onup>
					<ondown>32</ondown>
				</control>
				<control type="button" id="165">
					<description>'N' button</description>
					<posx>990</posx>
					<posy>150</posy>
					<include>Keyboardbuttons</include>
					<onleft>164</onleft>
					<onright>166</onright>
					<onup>145</onup>
					<ondown>32</ondown>
				</control>				
				<control type="button" id="166">
					<description>'M' button</description>
					<posx>1120</posx>
					<posy>150</posy>
					<include>Keyboardbuttons</include>
					<onleft>165</onleft>
					<onright>300</onright>
					<onup>146</onup>
					<ondown>32</ondown>
				</control>
				<!--control type="image">
					<description>'blank' button</description>
					<posx>1490</posx>
					<posy>100</posy>
					<width>110</width>
					<height>50</height>
                    <texture border="3">keyb/plain.png</texture>      				
				</control-->				
				<control type="button" id="300">
					<description>DONE button</description>
					<posx>1250</posx>
					<posy>100</posy>
                    <width>350</width>
					<height>100</height>
					<texturenofocus border="3">keyb/plain-done.png</texturenofocus>
					<texturefocus border="3" colordiffuse="$VAR[diffuseselect]">keyb/plain-done.png</texturefocus>
					<alttexturenofocus border="3">keyb/plain-done.png</alttexturenofocus>
					<alttexturefocus border="3" colordiffuse="$VAR[diffuseselect]">keyb/plain-done.png</alttexturefocus>
					<align>center</align>
					<aligny>top</aligny>
					<textoffsetx>0</textoffsetx>
					<textoffsety>50</textoffsety>
					<font>size36B</font>
					<textcolor>keys</textcolor>
					<focusedcolor>keys2</focusedcolor>															
					<!--include>Keyboardbuttons</include-->
					<label>20177</label>
					<onleft>166</onleft>
					<onright>302</onright>
					<onup>148</onup>
					<ondown>306</ondown>
				</control>
				<control type="button" id="307">
					<description>IP ADDRESS button</description>
					<posx>0</posx>
					<posy>200</posy>
                    <width>400</width>
					<include>Keyboardbuttons</include>
					<label>1006</label>
					<textoffsetx>0</textoffsetx>
					<onleft>306</onleft>
					<onright>32</onright>
					<onup>302</onup>
					<ondown>8</ondown>
				</control>
				<control type="button" id="32">
					<description>SPACE button</description>
					<posx>400</posx>
					<posy>200</posy>
                    <width>800</width>
					<include>Keyboardbuttons</include>
					<label>20182</label>
					<textoffsetx>0</textoffsetx>
					<onleft>307</onleft>
					<onright>305</onright>
					<onup>163</onup>
					<ondown>100</ondown>
				</control>
				<control type="button" id="305">
					<description>PREVIOUS button</description>
					<posx>1200</posx>
					<posy>200</posy>
                    <width>200</width>
					<include>Keyboardbuttons</include>
					<label>&lt;</label>
					<onleft>32</onleft>
					<onright>306</onright>
					<onup>300</onup>
					<ondown>105</ondown>
				</control>
				<control type="button" id="306">
					<description>NEXT button</description>
					<posx>1400</posx>
					<posy>200</posy>
                    <width>200</width>
					<include>Keyboardbuttons</include>
					<label>&gt;</label>
					<onleft>305</onleft>
					<onright>307</onright>
					<onup>300</onup>
					<ondown>108</ondown>
				</control>
			</control>
		</control>				
		<include condition="Skin.HasSetting(DebugMode)">Debug</include>
	</controls>
</window>
