<?xml version="1.0" encoding="UTF-8"?>
<window type="dialog" id="134">
    <defaultcontrol always="true">450</defaultcontrol>
    <allowoverlay>no</allowoverlay>
    <onunload>RunScript(script.favourites)</onunload>
    <controls>
        <control type="group">
            <animation effect="slide" start="0,-700" end="0,0" time="600" reversible="true">WindowOpen</animation>
            <animation effect="slide" start="0,0" end="0,-700" time="600" reversible="true">WindowClose</animation>
            <!--control type="image">
                <top>-60</top>
                <width>1920</width>
                <height>550</height>
                <texture border="50" colordiffuse="$VAR[bgcolor1]">sidepanel/Back.png</texture>
            </control-->			
            <control type="image">
                <top>-60</top>
				<posx>10</posx>
                <width>1900</width>
                <height>560</height>
                <texture colordiffuse="$VAR[diffusefav]">$VAR[bgimgfav]</texture>
				<aspectratio>scale</aspectratio>
            </control>
            <control type="image">
                <top>-60</top>
				<posx>10</posx>				
                <width>1900</width>
                <height>560</height>
                <texture colordiffuse="$VAR[diffuseborder]">borders/favmenuborder.png</texture>
				<aspectratio>stretch</aspectratio>				
            </control>					
            <control type="group">
                <posx>960</posx>
                <top>0</top>
                <control type="list" id="450">
                    <width>960</width>
                    <height>498</height>
                    <onleft>noop</onleft>
                    <onright condition="!Skin.HasSetting(Scrollbars_Passive)">60</onright>
                    <onup>450</onup>
                    <ondown>450</ondown>
                    <pagecontrol>60</pagecontrol>
                    <focusposition>1</focusposition>
                    <movement>4</movement>
                    <scrolltime tween="sine" easing="inout">280</scrolltime>
                    <itemlayout width="890" height="70">
                        <control type="label" description="Main Label">
                            <posx>45</posx>
                            <width>725</width>
                            <include>BigListTitle</include>
                            <label>$INFO[ListItem.label]</label>
                        </control>
                        <include>listline</include>
                    </itemlayout>
                    <focusedlayout width="890" height="70">
                        <control type="image">
                            <animation effect="fade" end="0" time="30">UnFocus</animation>
                            <width>920</width>
                            <height>70</height>
                            <texture colordiffuse="$VAR[diffuseselect]">images/buttonselect1.png</texture>
                        </control>
                        <control type="label" description="Main Label">
                            <posx>45</posx>
                            <width>725</width>
                            <include>BigListTitleFO</include>
                            <label>$INFO[ListItem.label]</label>
                        </control>
                        <include>listline</include>
                    </focusedlayout>
                </control>
            </control>
            <control type="image">
                <left>960</left>
                <width>1</width>
                <height>459</height>
                <texture colordiffuse="$VAR[diffuselines]">lines/LineV.png</texture>
            </control>
            <control type="group" description="Thumbs">
                 <control type="group">
                    <control type="image" description="Thumb">
                        <centerleft>480</centerleft>
                        <centertop>225</centertop>
                        <width>395</width>
                        <height>395</height>
                        <include>Icon_Fade</include>
                        <texture diffuse="images/DiffuseB.png" background="true">$INFO[ListItem.Icon]</texture>
                        <aspectratio>keep</aspectratio>
                    </control>
                </control>
            </control>
            <control type="scrollbar" id="60">
                <posx>51r</posx>
                <top>10</top>
                <height>430</height>
                <onleft>450</onleft>
                <onright>noop</onright>
            </control>
        </control>
    </controls>
</window>
