<?xml version="1.0" encoding="UTF-8"?>
<window id="128">
    <defaultcontrol always="true">10</defaultcontrol>
    <allowoverlay>no</allowoverlay>
    <backgroundcolor>background</backgroundcolor>
    <include>OpenClose</include>
    <controls>
        <include>BlackBackground</include>
        <control type="group">
            <top>150</top>
            <control type="label" id="2" description="Heading">
                <width>1920</width>
                <font>size42</font>
                <label>1007</label>
                <align>center</align>
            </control>
            <control type="spincontrolex" id="10">
                <description>Protocol</description>
                <posx>500</posx>
                <top>90</top>
                <width>920</width>
                <label>1008</label>
                <onup>18</onup>
                <ondown>11</ondown>
                <onleft>10</onleft>
                <onright>10</onright>
            </control>
            <control type="edit" id="11" description="Server Name">
                <posx>500</posx>
                <top>168</top>
                <width>690</width>
                <align>left</align>
                <label>-</label>
                <onup>10</onup>
                <onleft>12</onleft>
                <onright>12</onright>
                <ondown>16</ondown>
            </control>
            <control type="button" id="12" description="Server Browse">
                <posx>1190</posx>
                <top>168</top>
                <width>230</width>
                <label>1024</label>
                <onup>10</onup>
                <onleft>11</onleft>
                <onright>11</onright>
                <ondown>16</ondown>
            </control>
            <control type="image" description="Separator">
                <posx>400</posx>
                <top>80</top>
                <height>1</height>
                <width>1120</width>
                <texture colordiffuse="$VAR[diffuselines]">lines/Line.png</texture>
            </control>
            <control type="image" description="Separator">
                <posx>400</posx>
                <top>260</top>
                <height>1</height>
                <width>1120</width>
                <texture colordiffuse="$VAR[diffuselines]">lines/Line.png</texture>
            </control>
            <control type="image" description="Separator">
                <posx>400</posx>
                <top>605</top>
                <height>1</height>
                <width>1120</width>
                <texture colordiffuse="$VAR[diffuselines]">lines/Line.png</texture>
            </control>
            <control type="group">
                <posx>0</posx>
                <top>45</top>
                <control type="edit" id="16" description="Shared folder">
                    <posx>500</posx>
                    <top>231</top>
                    <width>920</width>
                    <label>-</label>
                    <onup>11</onup>
                    <onleft>16</onleft>
                    <onright>16</onright>
                    <ondown>13</ondown>
                </control>
                <control type="edit" id="13">
                    <description>Port</description>
                    <posx>500</posx>
                    <top>306</top>
                    <width>920</width>
                    <label>1013</label>
                    <onup>16</onup>
                    <onleft>13</onleft>
                    <onright>13</onright>
                    <ondown>14</ondown>
                </control>
                <control type="edit" id="14" description="Username">
                    <posx>500</posx>
                    <top>381</top>
                    <width>920</width>
                    <align>left</align>
                    <label>1014</label>
                    <onup>13</onup>
                    <onleft>14</onleft>
                    <onright>14</onright>
                    <ondown>15</ondown>
                </control>
                <control type="edit" id="15" description="Password">
                    <posx>500</posx>
                    <top>459</top>
                    <width>920</width>
                    <align>left</align>
                    <label>15052</label>
                    <onup>14</onup>
                    <onleft>15</onleft>
                    <onright>15</onright>
                    <ondown>18</ondown>
                </control>
            </control>
            <control type="button" id="18" description="Ok">
                <posx>600</posx>
                <top>630</top>
                <width>300</width>
                <label>186</label>
                <onup>15</onup>
                <onleft>19</onleft>
                <onright>19</onright>
                <ondown>10</ondown>
            </control>
            <control type="button" id="19" description="Cancel">
                <posx>1020</posx>
                <top>630</top>
                <width>300</width>
                <label>222</label>
                <onup>15</onup>
                <onleft>18</onleft>
                <onright>18</onright>
                <ondown>10</ondown>
            </control>
        </control>
    </controls>
</window>
