<?xml version="1.0" encoding="UTF-8"?>
<window>
    <defaultcontrol>29</defaultcontrol>
    <include>DialogOpenClose</include>
    <controls>
        <control type="image">
            <description>background image</description>
            <posx>230</posx>
            <top>0</top>
            <width>1460</width>
            <height>1080</height>
            <texture border="150" colordiffuse="$VAR[bgcolor1]">images/Dialog.png</texture>
            <visible>![Window.IsVisible(FullscreenVideo) | Window.IsVisible(Visualisation)]</visible>
        </control>
        <control type="label" id="2">
            <description>header label</description>
            <posx>110</posx>
            <top>150</top>
            <width>1700</width>
            <height>50</height>
            <label>-</label>
            <align>center</align>
        </control>
        <control type="grouplist" id="5">
            <description>control area</description>
            <posx>510</posx>
            <top>250</top>
            <width>900</width>
            <height>550</height>
            <itemgap>5</itemgap>
            <onup>9001</onup>
            <ondown>9001</ondown>
            <onleft>9001</onleft>
            <onright>9001</onright>
        </control>
        <control type="grouplist" id="9001">
            <posx>200</posx>
            <top>850</top>
            <width>1520</width>
            <align>center</align>
            <orientation>horizontal</orientation>
            <itemgap>20</itemgap>
            <control type="button" id="28">
                <description>OK Button</description>
                <width>200</width>
                <height>40</height>
                <align>center</align>
                <aligny>center</aligny>
                <font>size26</font>
                <label>186</label>
                <onleft>29</onleft>
                <onright>29</onright>
                <onup>5</onup>
                <ondown>5</ondown>
            </control>
            <control type="button" id="29">
                <description>Cancel Button</description>
                <width>200</width>
                <height>40</height>
                <align>center</align>
                <aligny>center</aligny>
                <font>size26</font>
                <label>222</label>
                <onleft>28</onleft>
                <onright>28</onright>
                <onup>5</onup>
                <ondown>5</ondown>
            </control>
        </control>
        <control type="button" id="7">
            <description>Default Button</description>
            <height>40</height>
            <font>size26</font>
            <textcolor>$VAR[diffusetext]</textcolor>
            <focusedcolor>white</focusedcolor>
            <align>left</align>
        </control>
        <control type="radiobutton" id="8">
            <description>Default RadioButton</description>
            <height>40</height>
            <font>size26</font>
            <textcolor>$VAR[diffusetext]</textcolor>
            <focusedcolor>white</focusedcolor>
            <align>left</align>
        </control>
        <control type="spincontrolex" id="9">
            <description>Default spincontrolex</description>
            <height>40</height>
            <textcolor>$VAR[diffusetext]</textcolor>
            <focusedcolor>white</focusedcolor>
            <font>size26</font>
            <aligny>center</aligny>
            <reverse>yes</reverse>
        </control>
        <control type="sliderex" id="13">
            <description>Default Slider</description>
            <height>200</height>
            <font>size26</font>
            <textcolor>$VAR[diffusetext]</textcolor>
            <focusedcolor>white</focusedcolor>
        </control>
        <control type="image" id="11">
            <description>Default Seperator</description>
            <width>1000</width>
            <height>2</height>
            <texture>images/line.png</texture>
        </control>
        <control type="edit" id="12">
            <description>Default Edit</description>
            <height>100</height>
            <font>size26</font>
            <textcolor>$VAR[diffusetext]</textcolor>
            <focusedcolor>white</focusedcolor>
        </control>
    </controls>
</window>
