<?xml version="1.0" encoding="UTF-8"?>
<window id="136">
    <coordinates>
        <posx>0</posx>
        <top>0</top>
    </coordinates>
    <include>OpenClose</include>
    <controls>
    <control type="image" description="Busy BG">
      <posx>0</posx>
      <posy>0</posy>
      <width>1920</width>
      <height>1080</height>
      <texture>busy/BusyBG.png</texture>
	  <colordiffuse>$VAR[bgcolor1]</colordiffuse>
      <aspectratio>stretch</aspectratio>
    </control>
    <control type="group">
      <posx>832</posx>
      <posy>412</posy>
      <control type="image" description="Busy animation">
        <width>256</width>
        <height>256</height>
        <bordersize>24</bordersize>
        <texture>busy/busyout.png</texture>
	    <colordiffuse>$VAR[diffuseselect]</colordiffuse>
        <aspectratio>keep</aspectratio>
      </control>
      <control type="image" description="Busy animation">
        <width>256</width>
        <height>256</height>
        <bordersize>24</bordersize>
        <texture>busy/Busy.png</texture>
   	    <colordiffuse>$VAR[bgcolor2]</colordiffuse>
        <aspectratio>keep</aspectratio>
        <animation effect="rotate" start="360" end="auto" center="auto" time="1400" loop="true" condition="true">conditional</animation>
      </control>
        </control>
        <control type="progress" id="10">
            <posx>735</posx>
            <top>650</top>
            <width>450</width>
            <height>8</height>
            <texturebg>MusicOSD/ProgressBG.png</texturebg>
            <midtexture>MusicOSD/ProgressM.png</midtexture>
            <righttexture>MusicOSD/ProgressR.png</righttexture>
            <lefttexture>MusicOSD/ProgressL.png</lefttexture>
        </control>
    </controls>
</window>
