<?xml version="1.0" encoding="UTF-8"?>
<window id="10140">
    <defaultcontrol always="true">20</defaultcontrol>
    <include>DialogOpenClose</include>
    <coordinates>
        <system>1</system>
    </coordinates>
    <controls>
        <control type="image">
            <posx>225</posx>
            <top>-150</top>
            <width>1470</width>
            <height>1380</height>
            <texture border="150" colordiffuse="$VAR[bgcolor1]">images/Dialog.png</texture>
        </control>
        <control type="group">
            <posx>502</posx>
            <top>45</top>
            <control type="label" id="1">
                <description>header label</description>
                <posx>60</posx>
                <top>30</top>
                <width>795</width>
                <height>45</height>
                <font>size28</font>
                <label>$LOCALIZE[35000]</label>
                <align>center</align>
                <aligny>center</aligny>
            </control>
            <control type="list" id="20">
                <posx>30</posx>
                <top>195</top>
                <width>825</width>
                <height>510</height>
                <onup>6</onup>
                <ondown>10</ondown>
                <onleft>5</onleft>
                <onright>61</onright>
                <pagecontrol>61</pagecontrol>
                <scrolltime>200</scrolltime>
                <animation effect="slide" start="0,0" end="15,0" time="0" condition="!Control.IsVisible(61)">Conditional</animation>
                <itemlayout height="128" width="825">
                    <control type="label">
                        <description>Name</description>
                        <posx>15</posx>
                        <top>8</top>
                        <width>780</width>
                        <height>30</height>
                        <label>$INFO[ListItem.Label]</label>
                        <align>left</align>
                        <aligny>center</aligny>
                        <font>size27</font>
                    </control>
                    <control type="label">
                        <description>Product ID Vendor ID</description>
                        <posx>15</posx>
                        <top>45</top>
                        <width>780</width>
                        <height>30</height>
                        <label>$LOCALIZE[35504]:  [COLOR=White]$INFO[ListItem.Property(Product)][/COLOR]    $LOCALIZE[35503]:  [COLOR=White]$INFO[ListItem.Property(Vendor)][/COLOR]</label>
                        <align>left</align>
                        <aligny>center</aligny>
                        <font>size26</font>
                    </control>
                    <control type="label">
                        <description>class</description>
                        <posx>15</posx>
                        <top>75</top>
                        <width>780</width>
                        <height>30</height>
                        <label>$LOCALIZE[35501]:  [COLOR=White]$INFO[ListItem.Property(Class)][/COLOR]</label>
                        <align>left</align>
                        <aligny>center</aligny>
                        <font>size26</font>
                    </control>
                </itemlayout>
                <focusedlayout height="128" width="825">
                    <control type="image">
                        <posx>0</posx>
                        <top>0</top>
                        <width>825</width>
                        <height>120</height>
                        <texture border="8">images/Buttonselect.png</texture>
                        <visible>Control.HasFocus(20)</visible>
                    </control>
                    <control type="label">
                        <description>Name</description>
                        <posx>15</posx>
                        <top>8</top>
                        <width>780</width>
                        <height>30</height>
                        <label>$INFO[ListItem.Label]</label>
                        <align>left</align>
                        <aligny>center</aligny>
                        <font>size27</font>
                        <textcolor>$VAR[diffusetext]</textcolor>
                    </control>
                    <control type="label">
                        <description>Product ID Vendor ID</description>
                        <posx>15</posx>
                        <top>45</top>
                        <width>780</width>
                        <height>30</height>
                        <label>$LOCALIZE[35504]:  [COLOR=White]$INFO[ListItem.Property(Product)][/COLOR]    $LOCALIZE[35503]:  [COLOR=White]$INFO[ListItem.Property(Vendor)][/COLOR]</label>
                        <align>left</align>
                        <aligny>center</aligny>
                        <font>size26</font>
                    </control>
                    <control type="label">
                        <description>class</description>
                        <posx>15</posx>
                        <top>75</top>
                        <width>780</width>
                        <height>30</height>
                        <label>$LOCALIZE[35501]:  [COLOR=White]$INFO[ListItem.Property(Class)][/COLOR]</label>
                        <align>left</align>
                        <aligny>center</aligny>
                        <font>size26</font>
                    </control>
                </focusedlayout>
            </control>
            <control type="scrollbar" id="61">
                <posx>855</posx>
                <top>98</top>
                <width>36</width>
                <height>765</height>
                <onleft>20</onleft>
                <onright>20</onright>
                <ondown>noop</ondown>
                <onup>noop</onup>
                <showonepage>false</showonepage>
                <orientation>vertical</orientation>
            </control>
            <control type="label" description="Item count">
                <posx>870</posx>
                <top>878</top>
                <width>450</width>
                <height>52</height>
                <font>size26</font>
                <align>right</align>
                <aligny>center</aligny>
                <scroll>true</scroll>
                <textcolor>$VAR[diffusetext]</textcolor>
                <label>($INFO[Container(20).NumItems] $LOCALIZE[31001] - $LOCALIZE[31000] ($INFO[Container(20).CurrentPage]/$INFO[Container(20).NumPages])</label>
            </control>
            <control type="button" id="10">
                <description>Close button</description>
                <posx>30</posx>
                <top>878</top>
                <width>300</width>
                <height>60</height>
                <label>186</label>
                <font>size26</font>
                <textcolor>$VAR[diffusetext]</textcolor>
                <focusedcolor>white</focusedcolor>
                <texturenofocus border="5">images/white.png</texturenofocus>
                <align>center</align>
                <onleft>61</onleft>
                <onright>20</onright>
                <onup>20</onup>
                <ondown>20</ondown>
            </control>
        </control>
    </controls>
</window>
