<?xml version="1.0" encoding="UTF-8"?>
<!--openelec-->
<window id="5533">
    <!--todo wtf is passkey-->
    <defaultcontrol always="true">2000</defaultcontrol>
    <allowoverlay>no</allowoverlay>
    <controls>
        <control type="group">
            <left>440</left>
            <top>260</top>
            <animation type="WindowOpen" reversible="false">
                <effect type="zoom" start="80" end="100" center="640,360" easing="out" tween="back" time="300" />
                <effect type="fade" start="0" end="100" time="300" />
            </animation>
            <animation type="WindowClose" reversible="false">
                <effect type="zoom" start="100" end="80" center="640,360" easing="in" tween="back" time="300" />
                <effect type="fade" start="100" end="0" time="300" />
            </animation>
            <control type="image">
                <left>5</left>
                <top>5</top>
                <width>600</width>
                <height>174</height>
                <texture border="15">ContentPanel.png</texture>
            </control>
            <control type="image">
                <left>5</left>
                <top>5</top>
                <width>600</width>
                <height>174</height>
                <texture border="15">ContentPanel.png</texture>
            </control>
            <control type="group">
                <left>17</left>
                <top>16</top>
                <!-- Window Title -->
                <control type="label" id="1700">
                    <left>20</left>
                    <top>10</top>
                    <width>540</width>
                    <height>30</height>
                    <font>font12</font>
                    <textcolor>black</textcolor>
                    <label></label>
                    <align>center</align>

                </control>
                <control type="label" id="1701">
                    <left>10</left>
                    <top>50</top>
                    <width>560</width>
                    <height>30</height>
                    <font>font24_title</font>
                    <textcolor>Blue</textcolor>
                    <label></label>
                    <align>center</align>

                </control>
                <control type="label" id="1702">
                    <left>10</left>
                    <top>70</top>
                    <width>560</width>
                    <height>30</height>
                    <font>font24_title</font>
                    <textcolor>Blue</textcolor>
                    <label></label>
                    <align>center</align>

                </control>
                <control type="label" id="1703">
                    <left>10</left>
                    <top>90</top>
                    <width>560</width>
                    <height>30</height>
                    <font>font24_title</font>
                    <textcolor>Blue</textcolor>
                    <label></label>
                    <align>center</align>

                </control>
                <control type="progress" id="1704">
                    <left>10</left>
                    <top>140</top>
                    <width>555</width>
                    <height>12</height>
                </control>
            </control>
        </control>
    </controls>
</window>
