<?xml version="1.0" encoding="UTF-8"?>
<window id="120">
    <defaultcontrol always="true">101</defaultcontrol>
    <include>OpenClose</include>
    <controls>
        <control type="progress" id="23" description="Progress Bar">
            <visible>true</visible>
            <posx>84</posx>
            <top>-750</top>
            <width>747</width>
            <info>Player.Progress</info>
            <visible>true</visible>
        </control>		
        <!--control type="image">
            <posx>190</posx>
            <top>90r</top>
            <width>750</width>
            <height>500</height>
            <aspectratio>stretch</aspectratio>
            <texture border="50" colordiffuse="$VAR[bgcolor1]">MusicOSD/Back.png</texture>
        </control-->



		
        <!--control type="image" description="Info BG">
            <posx>190</posx>
            <top>90r</top>
            <width>750</width>
            <height>500</height>
            <aspectratio>scale</aspectratio>
            <texture>$VAR[bgimg2]</texture>
        </control>
        <control type="image" description="Info BG Border">
            <posx>190</posx>
            <top>90r</top>
            <width>750</width>
            <height>500</height>
            <aspectratio>stretch</aspectratio>
            <texture colordiffuse="$VAR[diffuseborder]">borders/musicOSD.png</texture>
        </control-->		
		
		
		

        <control type="image">
            <posx>-2</posx>
            <top>988</top>
            <width>1924</width>
            <height>94</height>
			<include>OSDdefaultBG</include>
			<!--include condition="IsEmpty(Skin.String(CustomBgOSD))">OSDdefaultBG</include>
			<include condition="!IsEmpty(Skin.String(CustomBgOSD))">OSDcustomBG</include-->						
		</control>		
        <control type="group" id="101">
            <posx>20</posx>
            <top>94r</top>
            <control type="list" id="102">
                <onright>102</onright>
                <onleft>102</onleft>
                <onup>555</onup>
                <ondown>555</ondown>
                <width>1000</width>
                <height>100</height>
                <orientation>horizontal</orientation>
                <itemlayout width="90">
                    <control type="image">
                        <posx>0</posx>
                        <top>0</top>
                        <width>90</width>
                        <height>98</height>
                        <texture>$INFO[ListItem.thumb]</texture>
                    </control>
                </itemlayout>
                <focusedlayout width="90">
                    <control type="image">
						<animation effect="zoom" center="auto" end="130" time="200" reversible="true">Focus</animation>
                        <animation effect="zoom" center="auto" start="130" end="100" time="100" reversible="true">unFocus</animation>					
                        <posx>0</posx>
                        <top>0</top>
                        <width>90</width>
                        <height>98</height>
                        <texture>$INFO[ListItem.label]</texture>
                    </control>
                </focusedlayout>
                <content>
                    <item id="3">
                        <thumb>Seekbar/OSDPreviousNF.png</thumb>
                        <label>Seekbar/OSDPreviousFO.png</label>
                        <onclick>Playlist.PlayOffset(-1)</onclick>
                    </item>
                    <item id="4">
                        <thumb>Seekbar/OSDRWNF.png</thumb>
                        <label>Seekbar/OSDRWFO.png</label>
                        <onclick>PlayerControl(Rewind)</onclick>
                    </item>
                    <item id="5">
                        <visible>!Player.Paused + !Player.Forwarding + !Player.Rewinding</visible>
                        <thumb>Seekbar/OSDPauseNF.png</thumb>
                        <label>Seekbar/OSDPauseFO.png</label>
                        <onclick>PlayerControl(Play)</onclick>
                    </item>
                    <item id="5">
                        <visible>Player.Paused | Player.Forwarding | Player.Rewinding</visible>
                        <thumb>Seekbar/OSDPlayNF.png</thumb>
                        <label>Seekbar/OSDPlayFO.png</label>
                        <onclick>PlayerControl(Play)</onclick>
                    </item>
                    <item id="6">
                        <thumb>Seekbar/OSDStopNF.png</thumb>
                        <label>Seekbar/OSDStopFO.png</label>
                        <onclick>PlayerControl(Stop)</onclick>
                    </item>
                    <item id="7">
                        <thumb>Seekbar/OSDFWNF.png</thumb>
                        <label>Seekbar/OSDFWFO.png</label>
                        <onclick>PlayerControl(Forward)</onclick>
                    </item>
                    <item id="8">
                        <thumb>Seekbar/OSDNextNF.png</thumb>
                        <label>Seekbar/OSDNextFO.png</label>
                        <onclick>Playlist.PlayOffset(1)</onclick>
                    </item>
                    <item id="2">
                        <visible>!Playlist.IsRepeatOne + !Playlist.IsRepeat</visible>
                        <thumb>MusicOSD/OSDRepeatNF.png</thumb>
                        <label>MusicOSD/OSDRepeatFO.png</label>
                        <onclick>XBMC.PlayerControl(Repeat)</onclick>
                    </item>
                    <item id="2">
                        <thumb>MusicOSD/OSDRepeatOneNF.png</thumb>
                        <label>MusicOSD/OSDRepeatOneFO.png</label>
                        <onclick>XBMC.PlayerControl(Repeat)</onclick>
                        <visible>Playlist.IsRepeatOne</visible>
                    </item>
                    <item id="2">
                        <thumb>MusicOSD/OSDRepeatAllNF.png</thumb>
                        <label>MusicOSD/OSDRepeatAllFO.png</label>
                        <onclick>XBMC.PlayerControl(Repeat)</onclick>
                        <visible>Playlist.IsRepeat</visible>
                    </item>					
                    <item id="9">
                        <visible>Playlist.IsRandom</visible>
                        <thumb>MusicOSD/OSDRandomOnNF.png</thumb>
                        <label>MusicOSD/OSDRandomOnFO.png</label>
                        <onclick>PlayerControl(Random)</onclick>
                    </item>
                    <item id="9">
                        <visible>!Playlist.IsRandom</visible>
                        <thumb>MusicOSD/OSDRandomOffNF.png</thumb>
                        <label>MusicOSD/OSDRandomOffFO.png</label>
                        <onclick>PlayerControl(Random)</onclick>
                    </item>
                    <item id="254">
						<thumb>Seekbar/OSDMenuNF.png</thumb>
						<label>Seekbar/OSDMenuFO.png</label>
						<onclick>SetFocus(100)</onclick>
                    </item>					
                </content>
            </control>
        </control>
        <control type="group" description="All dialog content">
            <animation type="Focus">
                <effect type="slide" tween="Cubic" easing="out" start="0,0" end="0,-760" time="800" />
            </animation>
            <animation type="Unfocus">
                <effect type="slide" tween="Cubic" easing="in" start="0,-760" end="0,0" time="500" />
            </animation>			
            <!--control type="image">
                <posx>1090</posx>
                <top>920</top>
                <width>950</width>
                <height>900</height>
                <texture diffuse="$VAR[bgimg2]">MusicOSD/Dialog.png</texture>
            </control-->			
            <control type="image" description="Dialog">
                <posx>10</posx>
                <top>1098</top>
                <width>550</width>
                <height>650</height>
				<texture diffuse="MusicOSD/Dialog80.png">$VAR[bgimgnav]</texture>
				<aspectratio>scale</aspectratio>
            </control>
			<control type="image" description="Dialog border">
                <posx>10</posx>
                <top>1098</top>
                <width>550</width>
                <height>650</height>
				<texture colordiffuse="$VAR[diffuseborder]">borders/musicDialogborder.png</texture>
				<aspectratio>stretch</aspectratio>
            </control>		
            <control type="label" description="Dialog heading">
                <posx>10</posx>
                <top>1110</top>
                <width>550</width>
                <height>52</height>
                <label>•• $LOCALIZE[33063] ••</label>
                <align>center</align>
                <aligny>center</aligny>
                <include>TitleCommons</include>
            </control>
            <control type="grouplist" id="100" description="Music OSD Options">
                <posx>20</posx>
                <top>1176</top>
                <width>550</width>
                <height>600</height>
                <onleft>101</onleft>
                <onright>101</onright>
                <onup>100</onup>
                <ondown>100</ondown>
                <itemgap>0</itemgap>
                <scrolltime>280</scrolltime>
                <control type="button" id="555">
                    <description>Playlist</description>
                    <include>ButtonMenu</include>
                    <label>559</label>
                    <onclick>Close</onclick>
                    <onclick>ActivateWindow(MusicPlaylist)</onclick>
                </control>
                <control type="button" id="556" description="Fanart">
                    <include>ButtonMenu</include>
                    <label>$VAR[Fanartdisplaystatus]</label>
                    <onclick>Skin.ToggleSetting(MusicPlayingFanart)</onclick>
                </control>
                <control type="button" id="500">
                    <description>Visualisation</description>
                    <include>ButtonMenu</include>
                    <label>24010</label>
                </control>
                <control type="button" id="19">
                    <description>Visualisation settings</description>
                    <include>ButtonMenu</include>
                    <label>$LOCALIZE[250] $LOCALIZE[10004]</label>
                    <onclick>Addon.Default.OpenSettings(xbmc.player.musicviz)</onclick>
                    <enable>Visualisation.Enabled</enable>
                    <animation effect="fade" start="100" end="50" time="100" condition="!Visualisation.Enabled">Conditional</animation>
                </control>
                <control type="button" id="20">
                    <description>Visualisation Presets</description>
                    <include>ButtonMenu</include>
                    <label>31004</label>
                    <onclick>ActivateWindow(122)</onclick>
                    <enable>Visualisation.Enabled</enable>
                    <animation effect="fade" start="100" end="50" time="100" condition="!Visualisation.Enabled">Conditional</animation>
                </control>
                <control type="button" id="9">
                    <description>Lyrics</description>
                    <include>ButtonMenu</include>
                    <label>24013</label>
                    <onclick>Close</onclick>
                    <onclick condition="IsEmpty(Skin.String(LyricPath))">Skin.SetAddon(LyricPath,xbmc.python.lyrics)</onclick>
                    <onclick condition="!IsEmpty(Skin.String(LyricPath))">XBMC.RunScript($INFO[Skin.String(LyricPath)])</onclick>
                </control>
                <control type="button" id="301">
                    <description>CodecInfo</description>
                    <include>ButtonMenu</include>
                    <label>21446</label>
                    <onclick>CodecInfo</onclick>
                </control>
                <control type="button" id="709" description="Custom OSD BG">
                    <include>ButtonMenu</include>
                    <label>Custom OSD BG</label>
                    <!--onclick>close</onclick-->
                    <onclick>ActivateWindow(1151)</onclick>
                </control>					
            </control>
        </control>
        <!--control type="image">
            <visible>!ControlGroup(100).HasFocus()</visible>
            <animation type="Visible">
                <effect type="fade" tween="circle" easing="in" start="0" end="100" time="800" />
            </animation>
            <posx>1540</posx>
            <top>1030</top>
            <width>48</width>
            <height>48</height>
            <texture>images/Dialogpull.png</texture>
        </control-->
    </controls>
</window>
