<?xml version="1.0" encoding="UTF-8"?>
<window>
    <include>OpenClose</include>

    <controls>
        <!--DIALOG BASE-->
        <control type="group">
            <control type="image">
                <posx>410</posx>
                <top>200</top>
                <width>1100</width>
                <height>680</height>
                <texture border="150" colordiffuse="$VAR[bgcolor1]">images/Dialog.png</texture>
            </control>

            <control type="label" id="10011"> <!--DIALOG TITLE-->
                <description>Title</description>
                <left>660</left>
                <top>360</top>
                <width>600</width>
                <height>30</height>
                <label>$ADDON[script.trakt 1313]</label>
                <align>center</align>
                <aligny>center</aligny>
            </control>

            <control type="label" id="10012"> <!--MEDIA TITLE-->
                <description>Title</description>
                <left>660</left>
                <top>400</top>
                <width>600</width>
                <height>24</height>
                <label></label>
                <align>center</align>
                <aligny>center</aligny>
                <font>font24</font>
            </control>

            <control type="label" id="10013"> <!--RATING TITLE-->
                <description>Title</description>
                <left>660</left>
                <top>430</top>
                <width>600</width>
                <height>24</height>
                <label></label>
                <align>center</align>
                <aligny>center</aligny>
                <font>font21</font>
                <textcolor>FF999999</textcolor>
            </control>
        </control>
        <control type="image">
            <left>610</left>
            <top>470</top>
            <width>700</width>
            <height>1</height>
            <texture colordiffuse="$VAR[diffuselines]">lines/Line.png</texture>
        </control>
        <control type="image">
            <left>610</left>
            <top>680</top>
            <width>700</width>
            <height>1</height>
            <texture colordiffuse="$VAR[diffuselines]">lines/Line.png</texture>
        </control>
        <!--SIMPLE -->
        <control type="group" id="10014">
            <posx>700</posx>
            <top>500</top>
            <control type="button" id="10030">
                <description>Love Button</description>
                <width>250</width>
                <height>150</height>
                <label></label>
                <texturefocus>trakt/love.png</texturefocus>
                <texturenofocus>trakt/love_nofocus.png</texturenofocus>
                <aligny>center</aligny>
                <align>center</align>
                <onleft>10031</onleft>
                <onright>10031</onright>
            </control>

            <control type="button" id="10031">
                <description>Hate Button</description>
                <posx>270</posx>
                <width>250</width>
                <height>150</height>
                <label></label>
                <texturefocus>trakt/hate.png</texturefocus>
                <texturenofocus>trakt/hate_nofocus.png</texturenofocus>
                <align>center</align>
                <aligny>center</aligny>
                <onleft>10030</onleft>
                <onright>10030</onright>
            </control>
        </control>
        <!--ADVANCED-->
        <control type="group" id="10015">
            <posx>690</posx>
            <top>550</top>
            <control type="button" id="11030">
                <description>1 Button</description>
                <width>50</width>
                <height>50</height>
                <label></label>
                <texturefocus>trakt/1.png</texturefocus>
                <texturenofocus>trakt/1.png</texturenofocus>
                <align>center</align>
                <aligny>center</aligny>
                <ondown>11039</ondown>
                <onup>11031</onup>
                <onleft>11039</onleft>
                <onright>11031</onright>
                <animation effect="zoom" end="115,115" center="auto" time="100">focus</animation>
            </control>

            <control type="button" id="11031">
                <description>2 Button</description>
                <posx>55</posx>
                <width>50</width>
                <height>50</height>
                <label></label>
                <texturefocus>trakt/2.png</texturefocus>
                <texturenofocus>trakt/2.png</texturenofocus>
                <align>center</align>
                <aligny>center</aligny>
                <ondown>11030</ondown>
                <onup>11032</onup>
                <onleft>11030</onleft>
                <onright>11032</onright>
                <visible allowhiddenfocus="true">!Control.HasFocus(11030)|!Control.HasFocus(11032)</visible>
                <animation effect="zoom" end="115,115" center="auto" time="100">focus</animation>
            </control>

            <control type="image">
                <description>2 Button Placeholder</description>
                <posx>55</posx>
                <width>50</width>
                <height>50</height>
                <texture>trakt/2_b.png</texture>
                <visible>Control.HasFocus(11030)</visible>
            </control>

            <control type="button" id="11032">
                <description>3 Button</description>
                <posx>110</posx>
                <width>50</width>
                <height>50</height>
                <label></label>
                <texturefocus>trakt/3.png</texturefocus>
                <texturenofocus>trakt/3.png</texturenofocus>
                <align>center</align>
                <aligny>center</aligny>
                <ondown>11031</ondown>
                <onup>11033</onup>
                <onleft>11031</onleft>
                <onright>11033</onright>
                <visible allowhiddenfocus="true">!Control.HasFocus(11030)|!Control.HasFocus(11031)</visible>
                <animation effect="zoom" end="115,115" center="auto" time="100">focus</animation>
            </control>

            <control type="image">
                <description>3 Button Placeholder</description>
                <posx>110</posx>
                <width>50</width>
                <height>50</height>
                <texture>trakt/3_b.png</texture>
                <visible>Control.HasFocus(11030)|Control.HasFocus(11031)</visible>
            </control>

            <control type="button" id="11033">
                <description>4 Button</description>
                <posx>165</posx>
                <width>50</width>
                <height>50</height>
                <label></label>
                <texturefocus>trakt/4.png</texturefocus>
                <texturenofocus>trakt/4.png</texturenofocus>
                <align>center</align>
                <aligny>center</aligny>
                <ondown>11032</ondown>
                <onup>11034</onup>
                <onleft>11032</onleft>
                <onright>11034</onright>
                <visible allowhiddenfocus="true">!Control.HasFocus(11030)|!Control.HasFocus(11031)|!Control.HasFocus(11032)</visible>
                <animation effect="zoom" end="115,115" center="auto" time="100">focus</animation>
            </control>

            <control type="image">
                <description>4 Button Placeholder</description>
                <posx>165</posx>
                <width>50</width>
                <height>50</height>
                <texture>trakt/4_b.png</texture>
                <visible>Control.HasFocus(11030)|Control.HasFocus(11031)|Control.HasFocus(11032)</visible>
            </control>

            <control type="button" id="11034">
                <description>5 Button</description>
                <posx>220</posx>
                <width>50</width>
                <height>50</height>
                <label></label>
                <texturefocus>trakt/5.png</texturefocus>
                <texturenofocus>trakt/5.png</texturenofocus>
                <align>center</align>
                <aligny>center</aligny>
                <ondown>11033</ondown>
                <onup>11035</onup>
                <onleft>11033</onleft>
                <onright>11035</onright>
                <visible allowhiddenfocus="true">!Control.HasFocus(11030)|!Control.HasFocus(11031)|!Control.HasFocus(11032)|!Control.HasFocus(11033)</visible>
                <animation effect="zoom" end="115,115" center="auto" time="100">focus</animation>
            </control>

            <control type="image">
                <description>5 Button Placeholder</description>
                <posx>220</posx>
                <width>50</width>
                <height>50</height>
                <texture>trakt/5_b.png</texture>
                <visible>Control.HasFocus(11030)|Control.HasFocus(11031)|Control.HasFocus(11032)|Control.HasFocus(11033)</visible>
            </control>

            <control type="button" id="11035">
                <description>6 Button</description>
                <posx>275</posx>
                <width>50</width>
                <height>50</height>
                <label></label>
                <texturefocus>trakt/6.png</texturefocus>
                <texturenofocus>trakt/6.png</texturenofocus>
                <align>center</align>
                <aligny>center</aligny>
                <ondown>11034</ondown>
                <onup>11036</onup>
                <onleft>11034</onleft>
                <onright>11036</onright>
                <visible allowhiddenfocus="true">!Control.HasFocus(11030)|!Control.HasFocus(11031)|!Control.HasFocus(11032)|!Control.HasFocus(11033)|!Control.HasFocus(11034)</visible>
                <animation effect="zoom" end="115,115" center="auto" time="100">focus</animation>
            </control>

            <control type="image">
                <description>6 Button Placeholder</description>
                <posx>275</posx>
                <width>50</width>
                <height>50</height>
                <texture>trakt/6_b.png</texture>
                <visible>Control.HasFocus(11030)|Control.HasFocus(11031)|Control.HasFocus(11032)|Control.HasFocus(11033)|Control.HasFocus(11034)</visible>
            </control>

            <control type="button" id="11036">
                <description>7 Button</description>
                <posx>330</posx>
                <width>50</width>
                <height>50</height>
                <label></label>
                <texturefocus>trakt/7.png</texturefocus>
                <texturenofocus>trakt/7.png</texturenofocus>
                <align>center</align>
                <aligny>center</aligny>
                <ondown>11035</ondown>
                <onup>11037</onup>
                <onleft>11035</onleft>
                <onright>11037</onright>
                <visible allowhiddenfocus="true">!Control.HasFocus(11030)|!Control.HasFocus(11031)|!Control.HasFocus(11032)|!Control.HasFocus(11033)|!Control.HasFocus(11034)|!Control.HasFocus(11035)</visible>
                <animation effect="zoom" end="115,115" center="auto" time="100">focus</animation>
            </control>

            <control type="image">
                <description>7 Button Placeholder</description>
                <posx>330</posx>
                <width>50</width>
                <height>50</height>
                <texture>trakt/7_b.png</texture>
                <visible>Control.HasFocus(11030)|Control.HasFocus(11031)|Control.HasFocus(11032)|Control.HasFocus(11033)|Control.HasFocus(11034)|Control.HasFocus(11035)</visible>
            </control>

            <control type="button" id="11037">
                <description>8 Button</description>
                <posx>385</posx>
                <width>50</width>
                <height>50</height>
                <label></label>
                <texturefocus>trakt/8.png</texturefocus>
                <texturenofocus>trakt/8.png</texturenofocus>
                <align>center</align>
                <aligny>center</aligny>
                <ondown>11036</ondown>
                <onup>11038</onup>
                <onleft>11036</onleft>
                <onright>11038</onright>
                <visible allowhiddenfocus="true">!Control.HasFocus(11030)|!Control.HasFocus(11031)|!Control.HasFocus(11032)|!Control.HasFocus(11033)|!Control.HasFocus(11034)|!Control.HasFocus(11035)|!Control.HasFocus(11036)</visible>
                <animation effect="zoom" end="115,115" center="auto" time="100">focus</animation>
            </control>

            <control type="image">
                <description>8 Button Placeholder</description>
                <posx>385</posx>
                <width>50</width>
                <height>50</height>
                <texture>trakt/8_b.png</texture>
                <visible>Control.HasFocus(11030)|Control.HasFocus(11031)|Control.HasFocus(11032)|Control.HasFocus(11033)|Control.HasFocus(11034)|Control.HasFocus(11035)|Control.HasFocus(11036)</visible>
            </control>

            <control type="button" id="11038">
                <description>9 Button</description>
                <posx>440</posx>
                <width>50</width>
                <height>50</height>
                <label></label>
                <texturefocus>trakt/9.png</texturefocus>
                <texturenofocus>trakt/9.png</texturenofocus>
                <align>center</align>
                <aligny>center</aligny>
                <ondown>11037</ondown>
                <onup>11039</onup>
                <onleft>11037</onleft>
                <onright>11039</onright>
                <visible allowhiddenfocus="true">!Control.HasFocus(11030)|!Control.HasFocus(11031)|!Control.HasFocus(11032)|!Control.HasFocus(11033)|!Control.HasFocus(11034)|!Control.HasFocus(11035)|!Control.HasFocus(11036)|!Control.HasFocus(11037)</visible>
                <animation effect="zoom" end="115,115" center="auto" time="100">focus</animation>
            </control>

            <control type="image">
                <description>9 Button Placeholder</description>
                <posx>440</posx>
                <top>130</top>
                <width>50</width>
                <height>50</height>
                <texture>trakt/9_b.png</texture>
                <visible>Control.HasFocus(11030)|Control.HasFocus(11031)|Control.HasFocus(11032)|Control.HasFocus(11033)|Control.HasFocus(11034)|Control.HasFocus(11035)|Control.HasFocus(11036)|Control.HasFocus(11037)</visible>
            </control>

            <control type="button" id="11039">
                <description>10 Button</description>
                <posx>495</posx>
                <width>50</width>
                <height>50</height>
                <label></label>
                <texturefocus>trakt/10.png</texturefocus>
                <texturenofocus>trakt/10.png</texturenofocus>
                <align>center</align>
                <aligny>center</aligny>
                <ondown>11038</ondown>
                <onup>11030</onup>
                <onleft>11038</onleft>
                <onright>11030</onright>
                <visible allowhiddenfocus="true">!Control.HasFocus(11030)|!Control.HasFocus(11031)|!Control.HasFocus(11032)|!Control.HasFocus(11033)|!Control.HasFocus(11034)|!Control.HasFocus(11035)|!Control.HasFocus(11036)|!Control.HasFocus(11037)|!Control.HasFocus(11038)</visible>
                <animation effect="zoom" end="115,115" center="auto" time="100">focus</animation>
            </control>

            <control type="image">
                <description>10 Button Placeholder</description>
                <posx>495</posx>
                <width>50</width>
                <height>50</height>
                <texture>trakt/10_b.png</texture>
                <visible>Control.HasFocus(11030)|Control.HasFocus(11031)|Control.HasFocus(11032)|Control.HasFocus(11033)|Control.HasFocus(11034)|Control.HasFocus(11035)|Control.HasFocus(11036)|Control.HasFocus(11037)|Control.HasFocus(11038)</visible>
            </control>
        </control>

    </controls>

</window>