<?xml version="1.0" encoding="UTF-8"?>
<window id="123">
    <defaultcontrol always="true">5</defaultcontrol>
    <allowoverlay>yes</allowoverlay>
    <controls>
        <control type="group">
            <posx>1050</posx>
            <animation effect="slide" tween="circle" start="1050,0" end="0,0" time="400" easing="Out">windowopen</animation>
            <animation effect="slide" tween="back" start="0,0" end="1050,0" time="400" easing="In">windowclose</animation>
            <animation effect="fade" start="100" end="0" time="300" condition="Window.IsVisible(SliderDialog) | Window.IsVisible(FileBrowser)">Conditional</animation>
            <control type="image" description="background image">
                <posx>0</posx>
                <width>880</width>
                <height>1080</height>
                <texture diffuse="images/white.png">$VAR[bgimg2]</texture>
                <aspectratio>scale</aspectratio>
            </control>
            <control type="image" description="background image border">
                <posx>0</posx>
                <width>2</width>
                <height>1080</height>
                <texture colordiffuse="$VAR[diffuseborder]">images/DialoglineV.png</texture>
                <aspectratio>stretch</aspectratio>
            </control>						
            <control type="label" id="2" description="Title">
                <posx>45</posx>
                <width>780</width>
                <font>size36B</font>
                <align>center</align>
            </control>
            <control type="grouplist" id="5" description="Settings">
                <posx>15</posx>
                <top>110</top>
                <width>840</width>
                <height>880</height>
                <itemgap>12</itemgap>
                <orientation>vertical</orientation>
                <pagecontrol>60</pagecontrol>
                <onup>5</onup>
                <ondown>5</ondown>
            </control>
            <control type="button" id="7">
                <description>Default Button</description>
                <texturenofocus>-</texturenofocus>
                <font>size33</font>
                <align>left</align>
                <aligny>center</aligny>
                <height>70</height>
            </control>
            <control type="radiobutton" id="8">
                <description>Default RadioButton</description>
                <texturenofocus>-</texturenofocus>
                <align>left</align>
                <font>size33</font>
                <height>70</height>
                <aligny>center</aligny>
            </control>
            <control type="spincontrolex" id="9">
                <description>Default spincontrolex</description>
                <texturenofocus>-</texturenofocus>
                <align>left</align>
                <font>size33</font>
                <height>70</height>
                <aligny>center</aligny>
                <reverse>yes</reverse>
            </control>
            <control type="sliderex" id="13">
                <description>Default Slider</description>
                <texturenofocus>-</texturenofocus>
                <align>left</align>
                <font>size33</font>
                <aligny>center</aligny>
                <height>70</height>
            </control>
        </control>
    </controls>
</window>
