<?xml version="1.0" encoding="UTF-8"?>
<includes>
<!--BELLO NERO VARIABLES-->
	
	<variable name="lightpulsetrans">
		<value condition="Skin.HasSetting(lightpulse-trans1)">DD</value>
		<value condition="Skin.HasSetting(lightpulse-trans2)">CC</value>	
		<value condition="Skin.HasSetting(lightpulse-trans3)">BB</value>
		<value condition="Skin.HasSetting(lightpulse-trans4)">AA</value>
		<value condition="Skin.HasSetting(lightpulse-trans5)">77</value>
		<value>FF</value>		
    </variable>	

	<variable name="lightpulsediffuse">
		<value condition="Skin.HasSetting(lightpulse-white)">$VAR[lightpulsetrans]FFFFFF</value>
		<value condition="Skin.HasSetting(lightpulse-blue)">$VAR[lightpulsetrans]1F68C9</value>
		<value condition="Skin.HasSetting(lightpulse-green)">$VAR[lightpulsetrans]45C300</value>	
		<value condition="Skin.HasSetting(lightpulse-pink)">$VAR[lightpulsetrans]B700B8</value>
		<value condition="Skin.HasSetting(lightpulse-red)">$VAR[lightpulsetrans]B80037</value>
		<value condition="!Skin.HasTheme(Skindefault) + !Skin.HasSetting(lightpulse-custom)">$VAR[lightpulsetrans]000000</value>
		<value condition="Skin.HasSetting(lightpulse-custom)">$VAR[lightpulsetrans]$INFO[Skin.String(CustomSmokeColor)]</value>
		<value>$VAR[lightpulsetrans]191A19</value>		
    </variable>	
	
	<variable name="filebrowserthumb">
        <value condition="SubString(Control.GetLabel(412),jpg) | SubString(Control.GetLabel(412),png)">$INFO[Control.GetLabel(412)]</value>
        <value>$INFO[ListItem.Icon]</value>
    </variable>	
	
</includes>