<?xml version="1.0" encoding="UTF-8"?>
<window  id="2600">
	<defaultcontrol always="true">50</defaultcontrol>
  <allowoverlay>no</allowoverlay>
  <backgroundcolor>0</backgroundcolor>
	<onload condition="SubString(Window(Weather).Property(Current.ConditionIcon),na) | [IsEmpty(Window(Weather).Property(Current.Condition)) | IsEmpty(Window(Weather).Property(Location))] + IsEmpty(Control.GetLabel(3))">ActivateWindow(1110)</onload>
	<onload condition="IsEmpty(Skin.String(WeatherExtended))">Skin.SetString(WeatherExtended,1)</onload>
	<controls>
		<include>BackgroundContent</include>
		<include>BackgroundVignette</include>
	  <include>CommonNowPlaying</include>
    <include condition="Skin.HasSetting(EnableWeatherAlertsNotifications)">WeatherAlertsNotifications</include>

		<control type="group">
		 <include>WeatherTopInfo</include>
		 <include condition="!StringCompare(Weather.Plugin,weather.openweathermap.extended)">WeatherDefault</include>
		 <include condition="StringCompare(Weather.Plugin,weather.openweathermap.extended)">WeatherExtended</include>
		</control>

		<include>CommonDialogsFadeOutBG</include>

    <!-- ================= -->
    <!-- Top Options Menus -->
    <!-- ================= -->
	  <control type="group"  id="9000">
			<left>45</left>
			<top>-10</top>
      <include>TopOptionsSlideAnimations</include>
		  <visible>!Skin.HasSetting(EnableKioskMode)</visible>
		  <visible>!IsEmpty(Window.Property(Current.Condition))</visible>
		    <visible allowhiddenfocus="true">ControlGroup(9111).HasFocus + !Window.IsActive(ShutdownMenu) + !Window.IsActive(favourites)</visible>
      <!-- Head Labels -->
			<control type="grouplist">
				<left>0</left>
				<top>0</top>
				<height>70</height>
				<width>1000</width>
				<align>left</align>
				<aligny>center</aligny>
				<itemgap>20</itemgap>
				<orientation>horizontal</orientation>
				<control type="label">
				  <include>TopBigLabel</include>
					<label>$LOCALIZE[33063] $LOCALIZE[33061]</label>
				</control>
				<control type="label">
				  <include>TopZoomedSmallLabel</include>
			    <label>$LOCALIZE[3]</label>
				</control>
			</control>
      <!-- Main Options -->
			<control type="grouplist" id="9111">
  			<left>0</left>
  			<top>50</top>
  			<width>460</width>
  			<height max="520">auto</height>
  			<itemgap>0</itemgap>
  			<onleft>50</onleft>
  			<onright>50</onright>
  			<onup>9111</onup>
  			<ondown>9111</ondown>
  			<onback>50</onback>
    		<control type="button" id="3">
    			<description>Location</description>
    	    <visible>false</visible>
    		</control>
				<control type="button" id="260">
					<description>Location</description>
	        <label>$LOCALIZE[35500]: $INFO[Control.GetLabel(3)]</label>
				  <include>TopLeftMenusButton</include>
			    <onclick>Weather.LocationNext</onclick>
					<onclick>SetFocus(50)</onclick>
				</control>
				<control type="button" id="261">
					<description>Change View</description>
	        <label>$LOCALIZE[31237]: $VAR[WeatherViewsLabels]</label>
				  <include>TopLeftMenusButton</include>
			    <onclick condition="stringcompare(Skin.String(WeatherExtended),4)">Skin.SetString(WeatherExtended,1)</onclick>
			    <onclick condition="stringcompare(Skin.String(WeatherExtended),3)">Skin.SetString(WeatherExtended,4)</onclick>
			    <onclick condition="stringcompare(Skin.String(WeatherExtended),2)">Skin.SetString(WeatherExtended,3)</onclick>
			    <onclick condition="stringcompare(Skin.String(WeatherExtended),1)">Skin.SetString(WeatherExtended,2)</onclick>
			    <onclick condition="stringcompare(Skin.String(WeatherExtended),4)">Skin.SetString(WeatherExtended,1)</onclick>
					<visible>StringCompare(Weather.Plugin,weather.openweathermap.extended) + !IsEmpty(Control.GetLabel(3))</visible>
				</control>
				<control type="togglebutton" id="262">
					<description>Fanart Toggle</description>
	        <label>$LOCALIZE[20445]: $LOCALIZE[31012]</label>
	        <altlabel>$LOCALIZE[20445]: $LOCALIZE[31011]</altlabel>
				  <include>TopLeftMenusButton</include>
					<onclick>SetFocus(50)</onclick>
					<onclick>Skin.ToggleSetting(ShowWeatherFanart)</onclick>
					<onclick condition="!Skin.HasSetting(ShowWeatherFanart)">Skin.SetPath(WeatherFanartDir)</onclick>
					<onclick condition="!IsEmpty(Skin.String(WeatherFanartDir)) + !Skin.HasSetting(ShowWeatherFanart)">ReplaceWindow(Weather)</onclick>
					<selected>Skin.HasSetting(ShowWeatherFanart) + !IsEmpty(Skin.String(WeatherFanartDir))</selected>
				</control>
				<control type="togglebutton" id="263">
					<description>Alerts Toggle</description>
	        <label>$LOCALIZE[33050]: $LOCALIZE[31011]</label>
	        <altlabel>$LOCALIZE[33050]: $LOCALIZE[31012]</altlabel>
				  <include>TopLeftMenusButton</include>
					<onclick>Skin.ToggleSetting(EnableWeatherAlertsNotifications)</onclick>
			    <onclick condition="Skin.HasSetting(EnableWeatherAlertsNotifications)">ReplaceWindow(Weather)</onclick>
					<selected>Skin.HasSetting(EnableWeatherAlertsNotifications)</selected>
					<visible>StringCompare(Weather.Plugin,weather.openweathermap.extended)</visible>
				</control>
				<control type="button" id="2">
					<description>Refresh</description>
		      <label>103</label>
				  <include>TopLeftMenusButton</include>
					<onclick>SetFocus(50)</onclick>
				</control>
				<control type="button" id="4">
					<description>Settings</description>
					<label>5</label>
				  <include>TopLeftMenusButton</include>
					<onclick>SetFocus(50)</onclick>
			    <onclick>ActivateWindow(WeatherSettings)</onclick>
				</control>
			</control>
	  </control>

		<control type="image">
			<include>FullscreenDimensions</include>
			<texture background="true">windows/bg/bg_diffuse.png</texture>
			<include>FanartFade</include>
			<fadetime>300</fadetime>
      <colordiffuse>ddFFFFFF</colordiffuse>
	    <visible>[IsEmpty(Window(Weather).Property(Current.Condition)) | IsEmpty(Window(Weather).Property(Location))] + !IsEmpty(Control.GetLabel(3)) + !SubString(Window(Weather).Property(Current.ConditionIcon),na)</visible>
	  </control>

	  <include>CommonWeatherAndClock</include>

    <!-- ================ -->
    <!-- Top Content Info -->
    <!-- ================ -->
	  <control type="group">
			<left>45</left>
			<top>25</top>
		  <include>CommonSlideAnimations</include>
			<include>ShutdownMenuAnimation</include>
		  <visible>!ControlGroup(9000).HasFocus</visible>
			<control type="grouplist">
				<left>0</left>
				<top>0</top>
				<height>70</height>
				<width>1000</width>
				<align>left</align>
				<itemgap>20</itemgap>
				<orientation>horizontal</orientation>
	      <include>CommonSlideAnimations</include>
			  <visible>![IsEmpty(Window(Weather).Property(Current.Condition)) | IsEmpty(Window(Weather).Property(Location))] + !IsEmpty(Control.GetLabel(3)) + !SubString(Window(Weather).Property(Current.ConditionIcon),na)</visible>
				<control type="label">
				  <include>TopBigLabel</include>
					<label fallback="8">$INFO[Window.Property(Location)]</label>
				</control>
				<control type="label">
				  <include>TopZoomedSmallLabel</include>
			    <label>$LOCALIZE[31235]</label>
		      <visible>![Skin.String(WeatherExtended,2) | Skin.String(WeatherExtended,3) | Skin.String(WeatherExtended,4)]</visible>
				</control>
				<control type="label">
				  <include>TopZoomedSmallLabel</include>
					<label>$LOCALIZE[31223]</label>
		      <visible>Skin.String(WeatherExtended,2)</visible>
				</control>
				<control type="label">
				  <include>TopZoomedSmallLabel</include>
					<label>$LOCALIZE[31224]</label>
		      <visible>Skin.String(WeatherExtended,3)</visible>
				</control>
				<control type="label">
				  <include>TopZoomedSmallLabel</include>
					<label>$LOCALIZE[31226]</label>
		      <visible>Skin.String(WeatherExtended,4)</visible>
				</control>
			</control>
			<control type="grouplist">
				<left>0</left>
				<top>0</top>
				<height>70</height>
				<width>1000</width>
				<align>left</align>
				<itemgap>20</itemgap>
				<orientation>horizontal</orientation>
	      <include>CommonSlideAnimations</include>
			  <visible>[IsEmpty(Window(Weather).Property(Current.Condition)) | IsEmpty(Window(Weather).Property(Location))] | IsEmpty(Control.GetLabel(3)) | SubString(Window(Weather).Property(Current.ConditionIcon),na)</visible>
				<control type="label">
				  <include>TopBigLabel</include>
					<label>$INFO[Control.GetLabel(3)]...</label>
					<visible>!IsEmpty(Control.GetLabel(3))</visible>
				</control>
				<control type="label">
				  <include>TopBigLabel</include>
					<label>8</label>
					<visible>IsEmpty(Control.GetLabel(3))</visible>
				</control>				
			</control>
	  </control>

		<!-- Fetching Info  -->
		<control type="label">
			<description>fetching label</description>
			<left>45</left>
			<top>235</top>
			<width>1200</width>
			<height>40</height>
			<font>FontSize_48</font>
			<textcolor>99white</textcolor>
			<shadowcolor>99000000</shadowcolor>
			<align>center</align>
			<aligny>center</aligny>
			<label>$LOCALIZE[411]</label>
	    <visible>[IsEmpty(Window(Weather).Property(Current.Condition)) | IsEmpty(Window(Weather).Property(Location))] + !IsEmpty(Control.GetLabel(3)) + !SubString(Window(Weather).Property(Current.ConditionIcon),na)</visible>
		  <include>CommonSlideAnimations</include>
	  </control>
		<control type="label">
			<description>location label</description>
			<left>30</left>
			<top>270</top>
			<width>1200</width>
			<height>120</height>
			<font>FontSize_80</font>
			<textcolor>white</textcolor>
			<shadowcolor>99000000</shadowcolor>
			<align>center</align>
			<aligny>center</aligny>
			<label>$INFO[Control.GetLabel(3)]</label>
	    <visible>[IsEmpty(Window(Weather).Property(Current.Condition)) | IsEmpty(Window(Weather).Property(Location))] + !SubString(Window(Weather).Property(Current.ConditionIcon),na)</visible>
	    <include>CommonSlideAnimations</include>
	  </control>

	</controls>
</window>

