<?xml version="1.0" encoding="UTF-8"?>
<window>
	<defaultcontrol always="true">8000</defaultcontrol>
  <allowoverlay>no</allowoverlay>
  <backgroundcolor>0</backgroundcolor>
	<onload condition="IsEmpty(Skin.String(QuickNavWidgetMoviesType))">Skin.SetString(QuickNavWidgetMoviesType,1)</onload>
	<onload condition="IsEmpty(Skin.String(QuickNavWidgetMoviesName))">Skin.SetString(QuickNavWidgetMoviesName,$LOCALIZE[31241])</onload>
	<onload condition="IsEmpty(Skin.String(QuickNavWidgetTVShowsType))">Skin.SetString(QuickNavWidgetTVShowsType,1)</onload>
	<onload condition="IsEmpty(Skin.String(QuickNavWidgetTVShowsName))">Skin.SetString(QuickNavWidgetTVShowsName,$LOCALIZE[31242])</onload>
	<onload condition="IsEmpty(Skin.String(QuickNavWidgetMusicType))">Skin.SetString(QuickNavWidgetMusicType,1)</onload>
	<onload condition="IsEmpty(Skin.String(QuickNavWidgetMusicName))">Skin.SetString(QuickNavWidgetMusicName,$LOCALIZE[31243])</onload>
  <onload condition="[System.HasAddon(script.extendedinfo) + IsEmpty(Skin.String(RSSVideoFeedName))]">Skin.SetString(RSSVideoFeedName,Euronews)</onload>
  <onload condition="[System.HasAddon(script.extendedinfo) + IsEmpty(Skin.String(RSSVideoFeedURL))]">Skin.SetString(RSSVideoFeedURL,Euronews)</onload>
	<onunload condition="[stringcompare(Skin.String(RSSVideoFeedName),Custom) + IsEmpty(Skin.String(SearchStringName))]">Skin.SetString(RSSVideoFeedName,Euronews)</onunload>
	<onunload condition="[stringcompare(Skin.String(RSSVideoFeedName),Custom) + IsEmpty(Skin.String(SearchStringURL))]">Skin.SetString(RSSVideoFeedURL,Euronews)</onunload>
	<controls>
	 <include>BackgroundItems</include>
	 
	 <control type="group">
    <include>Window_OpenClose_Animation</include>
		<visible>![Window.IsActive(PlayerControls) + ![Skin.HasSetting(DisableQuickNav) + !Player.HasMedia]] + !Window.IsActive(virtualkeyboard) + !Window.IsActive(ShutdownMenu) + !Window.IsActive(favourites) + !Window.IsActive(addonsettings) + !Window.IsActive(filebrowser) + !Window.IsActive(yesnodialog) + !Window.IsActive(selectdialog) + !Window.IsActive(DialogSelect.xml) + !Window.IsActive(script-skinshortcuts.xml) + !Window.IsActive(1117) + !Window.IsActive(1118) + !Window.IsActive(1119)</visible>

	  <control type="group">
	    <include>Window_OpenClose_Animation</include>
			<control type="image">
			  <include>FullscreenDimensions</include>
			  <texture background="true">windows/settings/bg_settings.png</texture>
			</control>
		</control>			

		<!-- ======================== -->
		<!-- == Categories Buttons == -->
		<!-- ======================== -->
		<control type="group" id="8000">
			<left>100</left>
			<top>166</top>
      <include>Window_OpenClose_Animation</include>
			<control type="list" id="8800">
				<left>0</left>
				<top>0</top>
				<width>295</width>
				<height>414</height>
				<itemgap>2</itemgap>
				<onleft>9000</onleft>
				<onright>8900</onright>
				<onup>8800</onup>
				<ondown>8800</ondown>
				<pagecontrol>-</pagecontrol>
				<scrolltime>300</scrolltime>
				<itemlayout height="52" width="295">
					<control type="image">
						<left>0</left>
						<top>0</top>
						<width>295</width>
						<height>50</height>
						<texture>buttons/catbullet_nf.png</texture>
					</control>
					<control type="label">
						<left>40</left>
						<top>0</top>
						<width>295</width>
						<height>50</height>
				    <font>FontSize_20</font>
						<textcolor>77white</textcolor>
						<align>left</align>
						<aligny>center</aligny>
						<label>$INFO[ListItem.Label]</label>
					</control>
				</itemlayout>
				<focusedlayout height="52" width="295">
					<control type="image">
						<left>0</left>
						<top>0</top>
						<width>295</width>
						<height>50</height>
						<texture>buttons/catbullet_fo.png</texture>
            <animation effect="fade" start="100" end="50" time="100" condition="!Control.HasFocus(8800)">Conditional</animation>
					</control>
					<control type="label">
						<left>40</left>
						<top>0</top>
						<width>295</width>
						<height>50</height>
				    <font>FontSize_20</font>
						<textcolor>white</textcolor>
						<align>left</align>
						<aligny>center</aligny>
						<label>$INFO[ListItem.Label]</label>
					</control>
				</focusedlayout>
				<content>
				  <!-- General -->
					<item id="1">
						<label>$LOCALIZE[128]</label>
						<onclick>noop</onclick>
					</item>
				  <!-- Home Window -->
					<item id="2">
						<label>$LOCALIZE[513]</label>
						<onclick>noop</onclick>
					</item>
				  <!-- Custom Items
					<item id="3">
						<label>$LOCALIZE[31379]</label>
						<onclick>noop</onclick>
					</item> -->
				  <!-- Backgrounds -->
					<item id="4">
						<label>$LOCALIZE[33069]</label>
						<onclick>noop</onclick>
					</item>
				  <!-- Views -->
					<item id="5">
						<label>$LOCALIZE[31158]</label>
						<onclick>noop</onclick>
					</item>
				  <!-- Addons -->
					<item id="6">
						<label>$LOCALIZE[24001]</label>
						<onclick>noop</onclick>
					</item>
				  <!-- Quick Nav -->
					<item id="7">
						<label>$LOCALIZE[31374]</label>
						<onclick>noop</onclick>
					</item>
				</content>
			</control>

			<control type="group" id="8900">
			
				<!-- ============= -->
				<!-- == General == -->
				<!-- ============= -->
				<control type="grouplist" id="8100">
					<include>CloseAnimation</include>
					<visible>Container(8800).Hasfocus(1)</visible>
					<left>297</left>
					<top>0</top>
					<width>782</width>
					<height>414</height>
					<itemgap>2</itemgap>
					<pagecontrol>60</pagecontrol>
					<onleft>8800</onleft>
					<onright>9000</onright>
					<onup>8100</onup>
					<ondown>8100</ondown>
					<control type="radiobutton" id="8101">
	          <include>SettingsRadioButton</include>
						<label>20189</label>
						<onclick>Skin.ToggleSetting(AutoScroll)</onclick>
						<selected>Skin.HasSetting(AutoScroll)</selected>
					</control>
					<control type="radiobutton" id="8102">
	          <include>SettingsRadioButton</include>
						<label>21398</label>
						<onclick>Skin.Reset(Startup_Playlist_Path)</onclick>
						<onclick>Skin.ToggleSetting(Use_Startup_Playlist)</onclick>
						<selected>Skin.HasSetting(Use_Startup_Playlist)</selected>
					</control>
					<control type="button" id="8103">
	          <include>SettingsButton</include>
						<label> • $LOCALIZE[15311]</label>
						<label2>$INFO[Skin.String(Startup_Playlist_Path)]</label2>
            <onclick>Skin.SetFile(Startup_Playlist_Path,.m3u|.xsp,special://profile/playlists/)</onclick>
						<visible>Skin.HasSetting(Use_Startup_Playlist)</visible>
					</control>
					<control type="radiobutton" id="8104">
	          <include>SettingsRadioButton</include>
						<label>31139</label>
						<onclick>Skin.ToggleSetting(EnableAddonsNotifications)</onclick>
						<selected>Skin.HasSetting(EnableAddonsNotifications)</selected>
					</control>
					<control type="radiobutton" id="8105">
	          <include>SettingsRadioButton</include>
						<label>31140</label>
						<onclick>Skin.ToggleSetting(EnableWeatherAlertsNotifications)</onclick>
						<selected>Skin.HasSetting(EnableWeatherAlertsNotifications)</selected>
					</control>
					<control type="radiobutton" id="8108">
	          <include>SettingsRadioButton</include>
						<label>31162</label>
						<onclick>Skin.ToggleSetting(EnableKioskMode)</onclick>
						<selected>Skin.HasSetting(EnableKioskMode)</selected>
					</control>
					<control type="radiobutton" id="8106">
	          <include>SettingsRadioButton</include>
						<label>31151</label>
						<onclick>Skin.ToggleSetting(EnableGlobalRSS)</onclick>
						<selected>Skin.HasSetting(EnableGlobalRSS)</selected>
						<enable>System.Getbool(lookandfeel.enablerssfeeds)</enable>
					</control>
					<control type="radiobutton" id="8107">
	          <include>SettingsRadioButton</include>
						<label>31159</label>
						<onclick>Skin.ToggleSetting(ShowVideoInfo)</onclick>
						<selected>Skin.HasSetting(ShowVideoInfo)</selected>
					</control>
				</control>
				
				<!-- ================= -->
				<!-- == Home Window == -->
				<!-- ================= -->
				<control type="grouplist" id="8200">
					<include>CloseAnimation</include>
					<visible>Container(8800).Hasfocus(2)</visible>
					<left>297</left>
					<top>0</top>
					<width>782</width>
					<height>414</height>
					<itemgap>2</itemgap>
					<pagecontrol>60</pagecontrol>
					<onleft>8800</onleft>
					<onright>9000</onright>
					<onup>8200</onup>
					<ondown>8200</ondown>
				  <!-- Customize Home Menu -->
					<control type="button" id="8201">
						<description>Home Menu Customizer</description>
	          <include>SettingsRadioButton</include>
				    <label>$ADDON[script.skinshortcuts 32071]</label>
						<onclick>RunScript(script.skinshortcuts,type=manage&amp;nolabels=True&amp;group=mainmenu)</onclick>
					</control>
					<control type="radiobutton" id="8202">
						<description>Enable HomeMenu Animation</description>
	          <include>SettingsRadioButton</include>
						<label>31013</label>
						<onclick>Skin.ToggleSetting(HomeMenuAnimation)</onclick>
						<selected>Skin.HasSetting(HomeMenuAnimation)</selected>
					</control>
					<control type="radiobutton" id="8203">
						<description>Hide Library Totals</description>
	          <include>SettingsRadioButton</include>
						<label>31161</label>
						<onclick>Skin.ToggleSetting(ShowLibraryTotals)</onclick>
						<selected>Skin.HasSetting(ShowLibraryTotals)</selected>
					</control>
				  <!-- Hide Now Playing -->
					<control type="radiobutton" id="8204">
						<description>Hide Home NP VideoInfo</description>
	          <include>SettingsRadioButton</include>
						<label>31102</label>
						<onclick>Skin.ToggleSetting(HideHomeNPVideoInfo)</onclick>
						<selected>Skin.HasSetting(HideHomeNPVideoInfo)</selected>
					</control>
					<control type="radiobutton" id="8205">
						<description>Hide Home NP MusicInfo</description>
	          <include>SettingsRadioButton</include>
						<label>31103</label>
						<onclick>Skin.ToggleSetting(HideHomeNPMusicInfo)</onclick>
						<selected>Skin.HasSetting(HideHomeNPMusicInfo)</selected>
					</control>
				</control>

				<!-- ================== -->
				<!-- == Custom Items == -->
				<!-- ================== -->
				<control type="grouplist" id="8300">
					<include>CloseAnimation</include>
					<visible>Container(8800).Hasfocus(3)</visible>
					<left>297</left>
					<top>0</top>
					<width>782</width>
					<height>414</height>
					<itemgap>2</itemgap>
					<pagecontrol>60</pagecontrol>
					<onleft>8800</onleft>
					<onright>9000</onright>
					<onup>8300</onup>
					<ondown>8300</ondown>
    			<control type="button" id="8301">
    				<description>Custom Item 1</description>
            <include>SettingsButton</include>
    				<label>$LOCALIZE[31378] 1</label>
    				<label2>[COLOR=selected]$INFO[Skin.String(CustomItem.1.Label)][/COLOR]</label2>
            <onclick>SetProperty(EditCustomItems,customitem1)</onclick>
						<onclick>ActivateWindow(1119)</onclick>
    			</control>
    			<control type="button" id="8302">
    				<description>Custom Item 2</description>
            <include>SettingsButton</include>
    				<label>$LOCALIZE[31378] 2</label>
    				<label2>[COLOR=selected]$INFO[Skin.String(CustomItem.2.Label][/COLOR]</label2>
            <onclick>SetProperty(EditCustomItems,customitem2)</onclick>
						<onclick>ActivateWindow(1119)</onclick>
    			</control>
    			<control type="button" id="8303">
    				<description>Custom Item 3</description>
            <include>SettingsButton</include>
    				<label>$LOCALIZE[31378] 3</label>
    				<label2>[COLOR=selected]$INFO[Skin.String(CustomItem.3.Label][/COLOR]</label2>
            <onclick>SetProperty(EditCustomItems,customitem3)</onclick>
						<onclick>ActivateWindow(1119)</onclick>
    			</control>
    			<control type="button" id="8304">
    				<description>Custom Item 4</description>
            <include>SettingsButton</include>
    				<label>$LOCALIZE[31378] 4</label>
    				<label2>[COLOR=selected]$INFO[Skin.String(CustomItem.4.Label][/COLOR]</label2>
            <onclick>SetProperty(EditCustomItems,customitem4)</onclick>
						<onclick>ActivateWindow(1119)</onclick>
    			</control>
    			<control type="button" id="8305">
    				<description>Custom Item 5</description>
            <include>SettingsButton</include>
    				<label>$LOCALIZE[31378] 5</label>
    				<label2>[COLOR=selected]$INFO[Skin.String(CustomItem.5.Label][/COLOR]</label2>
            <onclick>SetProperty(EditCustomItems,customitem5)</onclick>
						<onclick>ActivateWindow(1119)</onclick>
    			</control>
    			<control type="button" id="8306">
    				<description>Custom Item 6</description>
            <include>SettingsButton</include>
    				<label>$LOCALIZE[31378] 6</label>
    				<label2>[COLOR=selected]$INFO[Skin.String(CustomItem.6.Label][/COLOR]</label2>
            <onclick>SetProperty(EditCustomItems,customitem6)</onclick>
						<onclick>ActivateWindow(1119)</onclick>
    			</control>
    			<control type="button" id="8307">
    				<description>Custom Item 7</description>
            <include>SettingsButton</include>
    				<label>$LOCALIZE[31378] 7</label>
    				<label2>[COLOR=selected]$INFO[Skin.String(CustomItem.7.Label][/COLOR]</label2>
            <onclick>SetProperty(EditCustomItems,customitem7)</onclick>
						<onclick>ActivateWindow(1119)</onclick>
    			</control>
    			<control type="button" id="8308">
    				<description>Custom Item 8</description>
            <include>SettingsButton</include>
    				<label>$LOCALIZE[31378] 8</label>
    				<label2>[COLOR=selected]$INFO[Skin.String(CustomItem.8.Label][/COLOR]</label2>
            <onclick>SetProperty(EditCustomItems,customitem8)</onclick>
						<onclick>ActivateWindow(1119)</onclick>
    			</control>
    			<control type="button" id="8309">
    				<description>Custom Item 9</description>
            <include>SettingsButton</include>
    				<label>$LOCALIZE[31378] 9</label>
    				<label2>[COLOR=selected]$INFO[Skin.String(CustomItem.9.Label][/COLOR]</label2>
            <onclick>SetProperty(EditCustomItems,customitem9)</onclick>
						<onclick>ActivateWindow(1119)</onclick>
    			</control>
    			<control type="button" id="8310">
    				<description>Custom Item 10</description>
            <include>SettingsButton</include>
    				<label>$LOCALIZE[31378] 10</label>
    				<label2>[COLOR=selected]$INFO[Skin.String(CustomItem.10.Label][/COLOR]</label2>
            <onclick>SetProperty(EditCustomItems,customitem10)</onclick>
						<onclick>ActivateWindow(1119)</onclick>
    			</control>
				</control>

				<!-- ================= -->
				<!-- == Backgrounds == -->
				<!-- ================= -->
				<control type="grouplist" id="8400">
					<include>CloseAnimation</include>
					<visible>Container(8800).Hasfocus(4)</visible>
					<left>297</left>
					<top>0</top>
					<width>782</width>
					<height>414</height>
					<itemgap>2</itemgap>
					<pagecontrol>60</pagecontrol>
					<onleft>8800</onleft>
					<onright>9000</onright>
					<onup>8400</onup>
					<ondown>8400</ondown>
					<control type="radiobutton" id="8401">
	          <include>SettingsRadioButton</include>
						<label>31130</label>
						<onclick>Skin.ToggleSetting(HideBGFanart)</onclick>
						<selected>Skin.HasSetting(HideBGFanart)</selected>
					</control>
					<control type="radiobutton" id="8402">
	          <include>SettingsRadioButton</include>
						<label>31132</label>
						<onclick>Skin.ToggleSetting(HideBGVideo)</onclick>
						<selected>Skin.HasSetting(HideBGVideo)</selected>
					</control>
					<control type="radiobutton" id="8403">
	          <include>SettingsRadioButton</include>
						<label>31133</label>
						<onclick>Skin.ToggleSetting(CustomBackground)</onclick>
						<selected>Skin.HasSetting(CustomBackground)</selected>
					</control>
					<control type="button" id="8404">
	          <include>SettingsButton</include>
						<label> • $LOCALIZE[31135]</label>
						<label2>[COLOR=selected]$INFO[Skin.String(CustomImageBackgroundPath)][/COLOR]</label2>
						<onclick>Skin.Reset(CustomFolderBackgroundPath)</onclick>
						<onclick>Skin.SetImage(CustomImageBackgroundPath)</onclick>
						<visible>Skin.HasSetting(CustomBackground)</visible>
					</control>
					<control type="button" id="8405">
	          <include>SettingsButton</include>
						<label> • $LOCALIZE[31136]</label>
						<label2>[COLOR=selected]$INFO[Skin.String(CustomFolderBackgroundPath)][/COLOR]</label2>
						<onclick>Skin.Reset(CustomImageBackgroundPath)</onclick>
						<onclick>Skin.SetPath(CustomFolderBackgroundPath)</onclick>
						<visible>Skin.HasSetting(CustomBackground)</visible>
					</control>
					<control type="radiobutton" id="8406">
	          <include>SettingsRadioButton</include>
						<label> • $LOCALIZE[31131]</label>
						<onclick>Skin.ToggleSetting(ShowCustomBackgroundOnHomeOnly)</onclick>
						<selected>Skin.HasSetting(ShowCustomBackgroundOnHomeOnly)</selected>
						<visible>Skin.HasSetting(CustomBackground)</visible>
						<enable>!IsEmpty(Skin.String(CustomFolderBackgroundPath))</enable>
					</control>
				</control>

				<!-- =========== -->
				<!-- == Views == -->
				<!-- =========== -->
				<control type="grouplist" id="8500">
				<include>CloseAnimation</include>
					<visible>Container(8800).Hasfocus(5)</visible>
					<left>297</left>
					<top>0</top>
					<width>782</width>
					<height>414</height>
					<itemgap>2</itemgap>
					<pagecontrol>60</pagecontrol>
					<onleft>8800</onleft>
					<onright>9000</onright>
					<onup>8500</onup>
					<ondown>8500</ondown>
					<!-- Video Views -->
					<control type="button" id="8510">
						<description>Hide Video Views</description>
	          <include>SettingsButton</include>
						<label>$LOCALIZE[31156]</label>
            <onclick>SetProperty(ManageButtons,managevideoviews)</onclick>
						<onclick>ActivateWindow(1118)</onclick>
					</control>
				  <!-- Music Views -->
					<control type="button" id="8520">
						<description>Hide Music Views</description>
	          <include>SettingsButton</include>
						<label>$LOCALIZE[31157]</label>
            <onclick>SetProperty(ManageButtons,managemusicviews)</onclick>
						<onclick>ActivateWindow(1118)</onclick>
					</control>
				</control>

				<!-- ============ -->
				<!-- == Addons == -->
				<!-- ============ -->
				<control type="grouplist" id="8600">
				<include>CloseAnimation</include>
					<visible>Container(8800).Hasfocus(6)</visible>
					<left>297</left>
					<top>0</top>
					<width>782</width>
					<height>414</height>
					<itemgap>2</itemgap>
					<pagecontrol>60</pagecontrol>
					<onleft>8800</onleft>
					<onright>9000</onright>
					<onup>8600</onup>
					<ondown>8600</ondown>
					<control type="button" id="8601">
            <include>SettingsButton</include>
						<label>$LOCALIZE[31141]</label>
						<label2>[COLOR=selected]$INFO[system.addontitle(Skin.String(LyricScript_Path))][/COLOR]</label2>
						<onclick>Skin.SetAddon(LyricScript_Path,xbmc.python.lyrics)</onclick>
					</control>
					<control type="button" id="8602">
            <include>SettingsButton</include>
						<label> • $LOCALIZE[1045]</label>
						<onclick>Addon.OpenSettings($INFO[Skin.String(LyricScript_Path)])</onclick>
						<visible>!IsEmpty(Skin.String(LyricScript_Path))</visible>
					</control> 
					<control type="button" id="8603">
            <include>SettingsButton</include>
						<label>$LOCALIZE[31154]</label>
						<label2>[COLOR=selected]$INFO[system.addontitle(Skin.String(TrailersAddon_Path))][/COLOR]</label2>
						<onclick>Skin.SetAddon(TrailersAddon_Path,xbmc.addon.video)</onclick>
						<enable>Skin.HasSetting(trailers)</enable>
					</control>
					<control type="button" id="8604">
            <include>SettingsButton</include>
						<label> • $LOCALIZE[1045]</label>
						<onclick>Addon.OpenSettings($INFO[Skin.String(TrailersAddon_Path)])</onclick>
						<visible>Skin.HasSetting(trailers) + !IsEmpty(Skin.String(TrailersAddon_Path))</visible>
					</control>
					<control type="radiobutton" id="8605">
	          <include>SettingsRadioButton</include>
						<label>$LOCALIZE[31143]</label>
						<onclick>Skin.ToggleSetting(NextAiredEnabled)</onclick>
						<selected>Skin.HasSetting(NextAiredEnabled)</selected>
						<enable>System.HasAddon(script.tv.show.next.aired)</enable>
					</control>
					<control type="button" id="8606">
            <include>SettingsButton</include>
						<label> • $LOCALIZE[1045]</label>
            <onclick>Addon.OpenSettings(script.tv.show.next.aired)</onclick>
            <visible>Skin.HasSetting(NextAiredEnabled) + System.HasAddon(script.tv.show.next.aired)</visible>
					</control>
					<control type="radiobutton" id="8607">
	          <include>SettingsRadioButton</include>
						<label> • $LOCALIZE[31137]</label>
						<onclick>Skin.ToggleSetting(EnableNextAiredNotifications)</onclick>
						<selected>Skin.HasSetting(EnableNextAiredNotifications)</selected>
            <visible>Skin.HasSetting(NextAiredEnabled) + System.HasAddon(script.tv.show.next.aired)</visible>
					</control>
					<control type="button" id="8608">
	          <include>SettingsButton</include>
						<label> • $LOCALIZE[31146]</label>
            <onclick>XBMC.RunScript(script.artwork.downloader,mode=custom,mediatype=tvshow,clearlogo)</onclick>
            <visible>Skin.HasSetting(NextAiredEnabled) + System.HasAddon(script.tv.show.next.aired)</visible>
					</control>
					<control type="button" id="8609">
	          <include>SettingsButton</include>
						<label> • $LOCALIZE[31147]</label>
            <onclick>XBMC.RunScript(script.artwork.downloader,mode=custom,mediatype=tvshow,clearart)</onclick>
            <visible>Skin.HasSetting(NextAiredEnabled) + System.HasAddon(script.tv.show.next.aired)</visible>
					</control>
					<control type="button" id="8610">
	          <include>SettingsButton</include>
						<label> • $LOCALIZE[31148]</label>
            <onclick>XBMC.RunScript(script.artwork.downloader,mode=custom,mediatype=tvshow,landscape)</onclick>
            <visible>Skin.HasSetting(NextAiredEnabled) + System.HasAddon(script.tv.show.next.aired)</visible>
					</control>
					<control type="button" id="8611">
	          <include>SettingsButton</include>
						<label> • $LOCALIZE[31149]</label>
            <onclick>XBMC.RunScript(script.artwork.downloader,mode=custom,mediatype=tvshow,banner)</onclick>
            <visible>Skin.HasSetting(NextAiredEnabled) + System.HasAddon(script.tv.show.next.aired)</visible>
					</control>
					<control type="button" id="8612">
	          <include>SettingsButton</include>
						<label> • $LOCALIZE[31150]</label>
            <onclick>XBMC.RunScript(script.artwork.downloader,mode=custom,mediatype=tvshow,poster)</onclick>
            <visible>Skin.HasSetting(NextAiredEnabled) + System.HasAddon(script.tv.show.next.aired)</visible>
					</control>
					<control type="button" id="8618">
	          <include>SettingsButton</include>
						<label> • $LOCALIZE[31165]</label>
            <onclick>XBMC.RunScript(script.artwork.downloader,mode=custom,mediatype=movie,discart)</onclick>
            <visible>Skin.HasSetting(NextAiredEnabled) + System.HasAddon(script.tv.show.next.aired)</visible>
					</control>
					<control type="button" id="8619">
	          <include>SettingsButton</include>
						<label> • $LOCALIZE[31160]</label>
            <onclick>XBMC.RunScript(script.artwork.downloader,mode=custom,mediatype=movie,clearlogo)</onclick>
            <visible>Skin.HasSetting(NextAiredEnabled) + System.HasAddon(script.tv.show.next.aired)</visible>
					</control>
					<control type="radiobutton" id="8613">
	          <include>SettingsRadioButton</include>
						<label>$LOCALIZE[31144]</label>
						<onclick>Skin.ToggleSetting(TVTunesEnabled)</onclick>
						<selected>Skin.HasSetting(TVTunesEnabled)</selected>
						<enable>System.HasAddon(script.tvtunes)</enable>
					</control>
					<control type="button" id="8614">
            <include>SettingsButton</include>
						<label> • $LOCALIZE[1045]</label>
            <onclick>Addon.OpenSettings(script.tvtunes)</onclick>
            <visible>Skin.HasSetting(TVTunesEnabled) + System.HasAddon(script.tvtunes)</visible>
					</control>
					<control type="button" id="8615">
            <include>SettingsButton</include>
						<label> • $LOCALIZE[31145]</label>
            <onclick>XBMC.RunScript(script.tvtunes)</onclick>
            <visible>Skin.HasSetting(TVTunesEnabled) + System.HasAddon(script.tvtunes)</visible>
					</control>
				</control>

				<!-- ====================== -->
				<!-- == Quick Navigation == -->
				<!-- ====================== -->
				<control type="grouplist" id="8700">
					<include>CloseAnimation</include>
					<visible>Container(8800).Hasfocus(7)</visible>
					<left>297</left>
					<top>0</top>
					<width>782</width>
					<height>414</height>
					<itemgap>2</itemgap>
					<pagecontrol>60</pagecontrol>
					<onleft>8800</onleft>
					<onright>9000</onright>
					<onup>8700</onup>
					<ondown>8700</ondown>
					<control type="radiobutton" id="8701">
	          <include>SettingsRadioButton</include>
						<label>31375</label>
						<onclick>Skin.ToggleSetting(DisableQuickNav)</onclick>
						<selected>Skin.HasSetting(DisableQuickNav)</selected>
					</control>
					<control type="button" id="8702">
						<description>Default QuickNav Buttons</description>
	          <include>SettingsButton</include>
						<label>$LOCALIZE[31376]</label>
            <onclick>SetProperty(ManageButtons,defualtquicknav)</onclick>
						<onclick>ActivateWindow(1118)</onclick>
						<visible>!Skin.HasSetting(DisableQuickNav)</visible>
					</control>
					<control type="button" id="8703">
						<description>Custom QuickNav Buttons</description>
	          <include>SettingsButton</include>
						<label>$LOCALIZE[31377]</label>
						<onclick>ActivateWindow(1119)</onclick>
						<visible>!Skin.HasSetting(DisableQuickNav)</visible>
					</control>

					<!-- Movies Widget -->
					<control type="group" id="8770">
						<description>Fake spin control</description>
						<width>782</width>
						<height>50</height>
						<control type="image">
							<left>0</left>
							<top>0</top>
							<width>782</width>
							<height>50</height>
							<texture>buttons/focus.png</texture>
							<aspectratio>stretch</aspectratio>
							<visible>ControlGroup(8770).HasFocus</visible>
						</control>
					  <control type="button" id="87702">
								<onleft>8800</onleft>
								<onright>9000</onright>
								<onup>8703</onup>
								<ondown>8780</ondown>
						    <visible>!Skin.HasSetting(DisableQuickNav)</visible>
								<texturefocus>-</texturefocus>
								<texturenofocus>-</texturenofocus>
								<onclick condition="!System.HasAddon(script.extendedinfo) + stringcompare(Skin.String(QuickNavWidgetMoviesType),3)">Skin.SetString(QuickNavWidgetMoviesName,$LOCALIZE[31241])</onclick>
								<onclick condition="!System.HasAddon(script.extendedinfo) + stringcompare(Skin.String(QuickNavWidgetMoviesType),3)">Skin.SetString(QuickNavWidgetMoviesType,1)</onclick>
								<onclick condition="System.HasAddon(script.extendedinfo) + stringcompare(Skin.String(QuickNavWidgetMoviesType),5)">Skin.SetString(QuickNavWidgetMoviesName,$LOCALIZE[31241])</onclick>
								<onclick condition="System.HasAddon(script.extendedinfo) + stringcompare(Skin.String(QuickNavWidgetMoviesType),5)">Skin.SetString(QuickNavWidgetMoviesType,1)</onclick>
								<onclick condition="System.HasAddon(script.extendedinfo) + stringcompare(Skin.String(QuickNavWidgetMoviesType),4)">Skin.SetString(QuickNavWidgetMoviesName,$LOCALIZE[31257])</onclick>
								<onclick condition="System.HasAddon(script.extendedinfo) + stringcompare(Skin.String(QuickNavWidgetMoviesType),4)">Skin.SetString(QuickNavWidgetMoviesType,5)</onclick>
								<onclick condition="System.HasAddon(script.extendedinfo) + stringcompare(Skin.String(QuickNavWidgetMoviesType),3)">Skin.SetString(QuickNavWidgetMoviesName,$LOCALIZE[31256])</onclick>
								<onclick condition="System.HasAddon(script.extendedinfo) + stringcompare(Skin.String(QuickNavWidgetMoviesType),3)">Skin.SetString(QuickNavWidgetMoviesType,4)</onclick>
								<onclick condition="stringcompare(Skin.String(QuickNavWidgetMoviesType),2)">Skin.SetString(QuickNavWidgetMoviesName,$LOCALIZE[31247])</onclick>
								<onclick condition="stringcompare(Skin.String(QuickNavWidgetMoviesType),2)">Skin.SetString(QuickNavWidgetMoviesType,3)</onclick>
								<onclick condition="stringcompare(Skin.String(QuickNavWidgetMoviesType),1)">Skin.SetString(QuickNavWidgetMoviesName,$LOCALIZE[342] $LOCALIZE[575])</onclick>
								<onclick condition="stringcompare(Skin.String(QuickNavWidgetMoviesType),1)">Skin.SetString(QuickNavWidgetMoviesType,2)</onclick>
								<onclick condition="stringcompare(Skin.String(QuickNavWidgetMoviesType),6)">Skin.SetString(QuickNavWidgetMoviesName,$LOCALIZE[31241])</onclick>
								<onclick condition="stringcompare(Skin.String(QuickNavWidgetMoviesType),6)">Skin.SetString(QuickNavWidgetMoviesType,1)</onclick>
						</control>
						<control type="button">
								<width>780</width>
								<height>50</height>
								<font>FontSize_20</font>
								<textcolor>77white</textcolor>
								<align>left</align>
								<aligny>top</aligny>
								<textoffsetx>15</textoffsetx>
								<textoffsety>10</textoffsety>
								<label>$LOCALIZE[31094]</label>
								<label2>[COLOR=selected]$INFO[Skin.String(QuickNavWidgetMoviesName)][/COLOR]</label2>
						    <visible>!ControlGroup(8770).HasFocus</visible>
						    <visible>!Skin.HasSetting(DisableQuickNav)</visible>
						</control>
						<control type="button">
								<width>780</width>
								<height>50</height>
								<font>FontSize_20</font>
								<textcolor>white</textcolor>
								<align>left</align>
								<aligny>top</aligny>
								<textoffsetx>15</textoffsetx>
								<textoffsety>10</textoffsety>
								<label>$LOCALIZE[31094]</label>
								<label2>[COLOR=selected]$INFO[Skin.String(QuickNavWidgetMoviesName)][/COLOR]</label2>
						    <visible>ControlGroup(8770).HasFocus</visible>
						    <visible>!Skin.HasSetting(DisableQuickNav)</visible>
						</control>
				  </control>
					<!-- TVShows Widget -->
					<control type="group" id="8780">
						<description>Fake spin control</description>
						<width>782</width>
						<height>50</height>
						<control type="image">
							<left>0</left>
							<top>0</top>
							<width>782</width>
							<height>50</height>
							<texture>buttons/focus.png</texture>
							<aspectratio>stretch</aspectratio>
							<visible>ControlGroup(8780).HasFocus</visible>
						</control>
					  <control type="button" id="87802">
								<onleft>8800</onleft>
								<onright>9000</onright>
								<onup>8770</onup>
								<ondown>8790</ondown>
						    <visible>!Skin.HasSetting(DisableQuickNav)</visible>
								<texturefocus>-</texturefocus>
								<texturenofocus>-</texturenofocus>
								<onclick condition="!System.HasAddon(script.extendedinfo) + stringcompare(Skin.String(QuickNavWidgetTVShowsType),3)">Skin.SetString(QuickNavWidgetTVShowsName,$LOCALIZE[31242])</onclick>
								<onclick condition="!System.HasAddon(script.extendedinfo) + stringcompare(Skin.String(QuickNavWidgetTVShowsType),3)">Skin.SetString(QuickNavWidgetTVShowsType,1)</onclick>
								<onclick condition="System.HasAddon(script.extendedinfo) + stringcompare(Skin.String(QuickNavWidgetTVShowsType),4)">Skin.SetString(QuickNavWidgetTVShowsName,$LOCALIZE[31242])</onclick>
								<onclick condition="System.HasAddon(script.extendedinfo) + stringcompare(Skin.String(QuickNavWidgetTVShowsType),4)">Skin.SetString(QuickNavWidgetTVShowsType,1)</onclick>
								<onclick condition="System.HasAddon(script.extendedinfo) + stringcompare(Skin.String(QuickNavWidgetTVShowsType),3)">Skin.SetString(QuickNavWidgetTVShowsName,$LOCALIZE[31258])</onclick>
								<onclick condition="System.HasAddon(script.extendedinfo) + stringcompare(Skin.String(QuickNavWidgetTVShowsType),3)">Skin.SetString(QuickNavWidgetTVShowsType,4)</onclick>
								<onclick condition="stringcompare(Skin.String(QuickNavWidgetTVShowsType),2)">Skin.SetString(QuickNavWidgetTVShowsName,$LOCALIZE[31248])</onclick>
								<onclick condition="stringcompare(Skin.String(QuickNavWidgetTVShowsType),2)">Skin.SetString(QuickNavWidgetTVShowsType,3)</onclick>
								<onclick condition="stringcompare(Skin.String(QuickNavWidgetTVShowsType),1)">Skin.SetString(QuickNavWidgetTVShowsName,$LOCALIZE[31002] $LOCALIZE[575])</onclick>
								<onclick condition="stringcompare(Skin.String(QuickNavWidgetTVShowsType),1)">Skin.SetString(QuickNavWidgetTVShowsType,2)</onclick>
								<onclick condition="stringcompare(Skin.String(QuickNavWidgetTVShowsType),4)">Skin.SetString(QuickNavWidgetTVShowsName,$LOCALIZE[31242])</onclick>
								<onclick condition="stringcompare(Skin.String(QuickNavWidgetTVShowsType),4)">Skin.SetString(QuickNavWidgetTVShowsType,1)</onclick>
						</control>
						<control type="button">
								<width>780</width>
								<height>50</height>
								<font>FontSize_20</font>
								<textcolor>77white</textcolor>
								<align>left</align>
								<aligny>top</aligny>
								<textoffsetx>15</textoffsetx>
								<textoffsety>10</textoffsety>
								<label>$LOCALIZE[31095]</label>
								<label2>[COLOR=selected]$INFO[Skin.String(QuickNavWidgetTVShowsName)][/COLOR]</label2>
						    <visible>!ControlGroup(8780).HasFocus</visible>
						    <visible>!Skin.HasSetting(DisableQuickNav)</visible>
						</control>
						<control type="button">
								<width>780</width>
								<height>50</height>
								<font>FontSize_20</font>
								<textcolor>white</textcolor>
								<align>left</align>
								<aligny>top</aligny>
								<textoffsetx>15</textoffsetx>
								<textoffsety>10</textoffsety>
								<label>$LOCALIZE[31095]</label>
								<label2>[COLOR=selected]$INFO[Skin.String(QuickNavWidgetTVShowsName)][/COLOR]</label2>
						    <visible>ControlGroup(8780).HasFocus</visible>
						    <visible>!Skin.HasSetting(DisableQuickNav)</visible>
						</control>
				  </control>
					<!-- Music Widget -->
					<control type="group" id="8790">
						<description>Fake spin control</description>
						<width>782</width>
						<height>50</height>
						<control type="image">
							<left>0</left>
							<top>0</top>
							<width>782</width>
							<height>50</height>
							<texture>buttons/focus.png</texture>
							<aspectratio>stretch</aspectratio>
							<visible>ControlGroup(8790).HasFocus</visible>
						</control>
					  <control type="button" id="87902">
								<onleft>8800</onleft>
								<onright>9000</onright>
								<onup>8780</onup>
								<ondown>8740</ondown>
						    <visible>!Skin.HasSetting(DisableQuickNav)</visible>
								<texturefocus>-</texturefocus>
								<texturenofocus>-</texturenofocus>
								<onclick condition="!System.HasAddon(script.extendedinfo) + stringcompare(Skin.String(QuickNavWidgetMusicType),3)">Skin.SetString(QuickNavWidgetMusicName,$LOCALIZE[31243])</onclick>
								<onclick condition="!System.HasAddon(script.extendedinfo) + stringcompare(Skin.String(QuickNavWidgetMusicType),3)">Skin.SetString(QuickNavWidgetMusicType,1)</onclick>
								<onclick condition="System.HasAddon(script.extendedinfo) + stringcompare(Skin.String(QuickNavWidgetMusicType),4)">Skin.SetString(QuickNavWidgetMusicName,$LOCALIZE[31243])</onclick>
								<onclick condition="System.HasAddon(script.extendedinfo) + stringcompare(Skin.String(QuickNavWidgetMusicType),4)">Skin.SetString(QuickNavWidgetMusicType,1)</onclick>
								<onclick condition="System.HasAddon(script.extendedinfo) + stringcompare(Skin.String(QuickNavWidgetMusicType),3)">Skin.SetString(QuickNavWidgetMusicName,$LOCALIZE[31259])</onclick>
								<onclick condition="System.HasAddon(script.extendedinfo) + stringcompare(Skin.String(QuickNavWidgetMusicType),3)">Skin.SetString(QuickNavWidgetMusicType,4)</onclick>
								<onclick condition="stringcompare(Skin.String(QuickNavWidgetMusicType),2)">Skin.SetString(QuickNavWidgetMusicName,$LOCALIZE[31249])</onclick>
								<onclick condition="stringcompare(Skin.String(QuickNavWidgetMusicType),2)">Skin.SetString(QuickNavWidgetMusicType,3)</onclick>
								<onclick condition="stringcompare(Skin.String(QuickNavWidgetMusicType),1)">Skin.SetString(QuickNavWidgetMusicName,$LOCALIZE[2] $LOCALIZE[575])</onclick>
								<onclick condition="stringcompare(Skin.String(QuickNavWidgetMusicType),1)">Skin.SetString(QuickNavWidgetMusicType,2)</onclick>
								<onclick condition="stringcompare(Skin.String(QuickNavWidgetMusicType),4)">Skin.SetString(QuickNavWidgetMusicName,$LOCALIZE[31243])</onclick>
								<onclick condition="stringcompare(Skin.String(QuickNavWidgetMusicType),4)">Skin.SetString(QuickNavWidgetMusicType,1)</onclick>
						</control>
						<control type="button">
								<width>780</width>
								<height>50</height>
								<font>FontSize_20</font>
								<textcolor>77white</textcolor>
								<align>left</align>
								<aligny>top</aligny>
								<textoffsetx>15</textoffsetx>
								<textoffsety>10</textoffsety>
								<label>$LOCALIZE[31096]</label>
								<label2>[COLOR=selected]$INFO[Skin.String(QuickNavWidgetMusicName)][/COLOR]</label2>
						    <visible>!ControlGroup(8790).HasFocus</visible>
						    <visible>!Skin.HasSetting(DisableQuickNav)</visible>
						</control>
						<control type="button">
								<width>780</width>
								<height>50</height>
								<font>FontSize_20</font>
								<textcolor>white</textcolor>
								<align>left</align>
								<aligny>top</aligny>
								<textoffsetx>15</textoffsetx>
								<textoffsety>10</textoffsety>
								<label>$LOCALIZE[31096]</label>
								<label2>[COLOR=selected]$INFO[Skin.String(QuickNavWidgetMusicName)][/COLOR]</label2>
						    <visible>ControlGroup(8790).HasFocus</visible>
						    <visible>!Skin.HasSetting(DisableQuickNav)</visible>
						</control>
				  </control>

					<!-- VideoFeeds Widget -->
					<control type="group" id="8740">
						<description>Fake spin control</description>
						<width>782</width>
						<height>50</height>
						<enable>System.HasAddon(script.extendedinfo)</enable>
						<control type="image">
							<left>0</left>
							<top>0</top>
							<width>782</width>
							<height>50</height>
							<texture>buttons/focus.png</texture>
							<aspectratio>stretch</aspectratio>
							<visible>ControlGroup(8740).HasFocus</visible>
						</control>
					  <control type="button" id="87401">
								<onleft>8800</onleft>
								<onright>9000</onright>
								<onup>8790</onup>
								<ondown>87402</ondown>
								<texturefocus>-</texturefocus>
								<texturenofocus>-</texturenofocus>
								<onclick condition="stringcompare(Skin.String(RSSVideoFeedName),Custom)">Skin.SetString(RSSVideoFeedName,Euronews)</onclick>
								<onclick condition="stringcompare(Skin.String(RSSVideoFeedName),Custom)">Skin.SetString(RSSVideoFeedURL,Euronews)</onclick>
								<onclick condition="stringcompare(Skin.String(RSSVideoFeedName),NBA)">Skin.SetString(RSSVideoFeedName,Custom)</onclick>
								<onclick condition="stringcompare(Skin.String(RSSVideoFeedName),NBA)">Skin.SetString(RSSVideoFeedURL,Custom)</onclick>
								<onclick condition="stringcompare(Skin.String(RSSVideoFeedName),GameTrailers)">Skin.SetString(RSSVideoFeedName,NBA)</onclick>
								<onclick condition="stringcompare(Skin.String(RSSVideoFeedName),GameTrailers)">Skin.SetString(RSSVideoFeedURL,NBA)</onclick>
								<onclick condition="stringcompare(Skin.String(RSSVideoFeedName),Comedy Central)">Skin.SetString(RSSVideoFeedName,GameTrailers)</onclick>
								<onclick condition="stringcompare(Skin.String(RSSVideoFeedName),Comedy Central)">Skin.SetString(RSSVideoFeedURL,GameTrailers)</onclick>
								<onclick condition="stringcompare(Skin.String(RSSVideoFeedName),Funny Or Die)">Skin.SetString(RSSVideoFeedName,Comedy Central)</onclick>
								<onclick condition="stringcompare(Skin.String(RSSVideoFeedName),Funny Or Die)">Skin.SetString(RSSVideoFeedURL,Comedy Central)</onclick>
								<onclick condition="stringcompare(Skin.String(RSSVideoFeedName),VEVO)">Skin.SetString(RSSVideoFeedName,Funny Or Die)</onclick>
								<onclick condition="stringcompare(Skin.String(RSSVideoFeedName),VEVO)">Skin.SetString(RSSVideoFeedURL,Funny Or Die)</onclick>
								<onclick condition="stringcompare(Skin.String(RSSVideoFeedName),VH1)">Skin.SetString(RSSVideoFeedName,VEVO)</onclick>
								<onclick condition="stringcompare(Skin.String(RSSVideoFeedName),VH1)">Skin.SetString(RSSVideoFeedURL,VEVO)</onclick>
								<onclick condition="stringcompare(Skin.String(RSSVideoFeedName),TEDx Talks)">Skin.SetString(RSSVideoFeedName,VH1)</onclick>
								<onclick condition="stringcompare(Skin.String(RSSVideoFeedName),TEDx Talks)">Skin.SetString(RSSVideoFeedURL,VH1)</onclick>
								<onclick condition="stringcompare(Skin.String(RSSVideoFeedName),The Ellen Show)">Skin.SetString(RSSVideoFeedName,TEDx Talks)</onclick>
								<onclick condition="stringcompare(Skin.String(RSSVideoFeedName),The Ellen Show)">Skin.SetString(RSSVideoFeedURL,TEDx Talks)</onclick>
								<onclick condition="stringcompare(Skin.String(RSSVideoFeedName),TMZ)">Skin.SetString(RSSVideoFeedName,The Ellen Show)</onclick>
								<onclick condition="stringcompare(Skin.String(RSSVideoFeedName),TMZ)">Skin.SetString(RSSVideoFeedURL,The Ellen Show)</onclick>								
								<onclick condition="stringcompare(Skin.String(RSSVideoFeedName),Vice)">Skin.SetString(RSSVideoFeedName,TMZ)</onclick>
								<onclick condition="stringcompare(Skin.String(RSSVideoFeedName),Vice)">Skin.SetString(RSSVideoFeedURL,TMZ)</onclick>
								<onclick condition="stringcompare(Skin.String(RSSVideoFeedName),BBC News)">Skin.SetString(RSSVideoFeedName,Vice)</onclick>
								<onclick condition="stringcompare(Skin.String(RSSVideoFeedName),BBC News)">Skin.SetString(RSSVideoFeedURL,Vice)</onclick>
								<onclick condition="stringcompare(Skin.String(RSSVideoFeedName),Euronews)">Skin.SetString(RSSVideoFeedName,BBC News)</onclick>
								<onclick condition="stringcompare(Skin.String(RSSVideoFeedName),Euronews)">Skin.SetString(RSSVideoFeedURL,BBC News)</onclick>
								<onclick condition="stringcompare(Skin.String(RSSVideoFeedName),Custom)">Skin.SetString(RSSVideoFeedName,Euronews)</onclick>
								<onclick condition="stringcompare(Skin.String(RSSVideoFeedName),Custom)">Skin.Reset(RSSVideoFeedURL)</onclick>
						</control>
						<control type="button">
								<width>780</width>
								<height>50</height>
								<font>FontSize_20</font>
								<textcolor>77white</textcolor>
								<align>left</align>
								<aligny>top</aligny>
								<textoffsetx>15</textoffsetx>
								<textoffsety>10</textoffsety>
								<label>$LOCALIZE[31097]</label>
								<label2>[COLOR=selected]$INFO[Skin.String(RSSVideoFeedName)][/COLOR]</label2>
						    <visible>!ControlGroup(8740).HasFocus</visible>
						    <enable>System.HasAddon(script.extendedinfo)</enable>
						    <visible>!Skin.HasSetting(DisableQuickNav)</visible>
						</control>
						<control type="button">
								<width>780</width>
								<height>50</height>
								<font>FontSize_20</font>
								<textcolor>white</textcolor>
								<align>left</align>
								<aligny>top</aligny>
								<textoffsetx>15</textoffsetx>
								<textoffsety>10</textoffsety>
								<label>$LOCALIZE[31097]</label>
								<label2>[COLOR=selected]$INFO[Skin.String(RSSVideoFeedName)][/COLOR]</label2>
						    <visible>ControlGroup(8740).HasFocus</visible>
						    <enable>System.HasAddon(script.extendedinfo)</enable>
						    <visible>!Skin.HasSetting(DisableQuickNav)</visible>
						</control>
				  </control>	
					<control type="button" id="87402">
            <include>SettingsButton</include>
						<label> • $LOCALIZE[31253]</label>
						<label2>[COLOR=selected]$INFO[Skin.String(SearchStringName)][/COLOR]</label2>
						<onclick>Skin.Reset(SearchStringName)</onclick>
						<onclick>Skin.Reset(SearchStringURL)</onclick>
						<onclick>Skin.SetString(SearchStringURL)</onclick>
						<onclick>Skin.SetString(SearchStringName)</onclick>
            <onclick condition="[stringcompare(Skin.String(RSSVideoFeedName),Custom) + !IsEmpty(Skin.String(SearchStringURL))]">ReplaceWindow(SkinSettings)</onclick>
				    <visible>stringcompare(Skin.String(RSSVideoFeedName),Custom)</visible>
					</control>					
				</control>
<!--
				<control type="scrollbar" id="60">
					<left>1070</left>
					<top>5</top>
					<width>11</width>
					<height>405</height>
					<texturesliderbackground>-</texturesliderbackground>
					<texturesliderbar border="0,14,0,14">views/scrollbar/scrollbar.png</texturesliderbar>
					<texturesliderbarfocus border="0,14,0,14">views/scrollbar/scrollbar.png</texturesliderbarfocus>
					<textureslidernib>-</textureslidernib>
					<textureslidernibfocus>-</textureslidernibfocus>
					<onleft>8400</onleft>
					<onright>8800</onright>
					<showonepage>false</showonepage>
					<orientation>vertical</orientation>
			    <animation effect="fade" start="100" end="0" time="300" condition="!Control.HasFocus(60)">Conditional</animation>
					<visible>Container(8800).Hasfocus(4)</visible>
					<include>CloseAnimation</include>
				</control>
-->
			</control>
		</control>

		<!-- ============================ -->
    <!-- == Header & Footer Labels == -->
		<!-- ============================ -->
		<control type="group">
				<left>120</left>
				<top>163</top>
				<visible>Window.IsVisible(SkinSettings)</visible>
	      <include>Window_OpenClose_Animation</include>
			<control type="label">
				<description>Header Category Label</description>
				<left>0</left>
				<top>-50</top>
				<width>1075</width>
				<height>50</height>
				<font>FontSize_36</font>
				<label>$LOCALIZE[31420]</label>
				<align>center</align>
				<aligny>center</aligny>
				<textcolor>white</textcolor>
				<shadowcolor>99000000</shadowcolor>
			</control>
		 <control type="textbox">
				<description>Category Description</description>
				<left>0</left>
				<top>425</top>
				<width>1045</width>
				<height>30</height>
				<textcolor>33white</textcolor>
				<shadowcolor>44333333</shadowcolor>
				<font>FontSize_20</font>
				<align>left</align>
				<autoscroll>false</autoscroll>
				<label>$LOCALIZE[31409]</label>
		 </control>
		</control>
	 </control>

	 <include>CommonDialogsFadeOutBG</include>
	 <include>CommonNowPlaying</include>
	 <include>SettingsMenu</include>
	 <include>SettingsWeatherAndClock</include>
	</controls>
</window>
