<colors>
	<color name="Grey">FF838383</color>
	<color name="Grey2">FFBEBEBE</color>
	<color name="Grey3">FFACACAC</color>
	<color name="Grey4">FF404040</color> <!--DARK GREY-->
	<color name="White">FF000000</color>
	<color name="White2">FFEEEEEE</color>  <!-- TO CHANGE TO textcolor3 -->
	<color name="White3">FFFFFFFF</color><!-- TEMP - CHANGE - WILL BE DEFAULT WHITE -->
	<color name="Red">FFFF0000</color>
	<color name="Blue">FF2261B4</color>
	<color name="Black">FF000000</color>  
		
	<color name="textcolor">FF000000</color>  <!-- BLACK -->	
	<color name="textcolor2">FF000000</color>   <!-- WHITE FOR BLACK(DEFAULT) THEME & BLACK FOR WHITE THEME-->	
	<color name="textcolor3">77000000</color>  <!-- TEXT UNFOCUSED -->
	<color name="textcolor4">FF000000</color> <!-- TEXT FOCUSED - HEADERS  - -  -->	
	<color name="seekbar">DDFFFFFF</color> <!-- SEEKBAR BACKGROUND  -->		
	<color name="selectedtext">FF7A3CAC</color> <!-- RED-DEFAULT THEME / PURPLE-WHITE THEME  -->	
	<color name="50details">FF434343</color> <!-- ALL DETAILS & MEDIA INFO  -->


	<color name="detailsNF">FF969696</color> <!-- DETAILS - NOT-FOCUSED  -->	
	<color name="detailsFO">FF5B5B5B</color> <!-- DETAILS - FOCUSED  -->	

	<color name="seekbuttonNF">FF000000</color> <!-- SEEKBAR BUTTON - UNFOCUSED  -->
	<color name="seekbuttonFO">FF787878</color> <!-- SEEKBAR BUTTON - FOCUSED  -->	
	
	<color name="homelabelNF">AA696969</color>  <!-- HOME LABEL NOT FOCUSED -->	
	<color name="homelabelFO">EEFFFFFF</color>  <!-- HOME LABEL FOCUSED -->	

	<color name="ShelfTopLabelNF">FFF3F3F3</color> <!-- TOP SHELF LABEL - UNFOCUSED  - -  -->		
	<color name="ShelfTopLabelFO">FFFDFDFD</color> <!-- TOP SHELF LABEL FOCUSED  - -  -->		
	
	<color name="ShelfBottomLabelNF">AA696969</color> <!-- BOTTOM SHELF LABEL - UNFOCUSED  - -  -->	
	<color name="ShelfBottomLabelFO">EEFFFFFF</color> <!-- BOTTOM SHELF LABEL FOCUSED  - -  -->	
	
	
	<color name="inverted">FFFFFFFF</color>
	
	<color name="buttondiffuseNF">77FFFFFF</color>
		
	<color name="BlackT">55000000</color>
	<color name="BlackST">90000000</color>
	<color name="Silver">FFE0E0E0</color>
	<color name="Diffuse">FFA0A0A0</color>
	<color name="Diffuse2">FF474747</color>
	<color name="Disabled">FF5E5E5E</color>	
	<color name="Shadow">70000000</color>
	<color name="ShadowDark">FF262626</color>
	<color name="Yellow">FFFA9600</color>
	<color name="Background">BBB8B8B8</color>	
</colors>
