<?xml version="1.0" encoding="UTF-8"?>
<window id="20">
    <defaultcontrol always="true">50</defaultcontrol>
    <allowoverlay>no</allowoverlay>
    <backgroundcolor>background</backgroundcolor>
    <controls>
        <include>BlackBackground</include>
        <control type="group" description="List">
            <include>SlimListItemCount</include>
            <posx>960</posx>
            <top>127</top>
            <control type="fixedlist" id="50">
                <width>920</width>
                <height>891</height>
                <onleft>9000</onleft>
                <onright condition="!Skin.HasSetting(Scrollbars_Passive)">60</onright>
                <onright condition="Skin.HasSetting(Scrollbars_Passive)">9000</onright>
                <onup>50</onup>
                <ondown>50</ondown>
                <pagecontrol>60</pagecontrol>
                <viewtype label="50">List</viewtype>
                <focusposition>5</focusposition>
                <movement>5</movement>
                <preloaditems>4</preloaditems>
                <scrolltime tween="sine" easing="inout">280</scrolltime>
                <itemlayout width="900" height="81">
                    <control type="label" description="Main Label">
                        <width max="800">auto</width>
                        <include>52MainLabel</include>
                        <label>$INFO[ListItem.Label]</label>
                    </control>
                    <control type="label" description="Main Label">
                        <visible>!ListItem.IsFolder</visible>
                        <posx>350r</posx>
                        <height>81</height>
                        <width>300</width>
                        <align>right</align>
                        <font>size28</font>
                        <scroll>false</scroll>
                        <textcolor>$VAR[diffusetext]</textcolor>
                        <label>$INFO[ListItem.Label2]</label>
                    </control>
                </itemlayout>
                <focusedlayout width="900" height="81">
                    <control type="image">
                        <animation effect="fade" end="0" time="30">UnFocus</animation>
                        <posx>10</posx>
			<width>898</width>
                        <height>81</height>
                        <texture colordiffuse="$VAR[diffuseselect]">images/buttonselect1.png</texture>
                    </control>
                    <control type="label" description="Main Label">
                        <width max="800">auto</width>
                        <textcolor>$VAR[diffusetext]</textcolor>

                        <include>52MainLabel</include>
                        <label>$INFO[ListItem.Label]</label>
                    </control>
                    <control type="label" description="Main Label">
                        <visible>!ListItem.IsFolder</visible>
                        <animation effect="fade" time="300" start="50" end="100" delay="100">Focus</animation>
                        <posx>350r</posx>
                        <height>81</height>
                        <width>300</width>
                        <align>right</align>
                        <font>size28</font>
                        <textcolor>$VAR[diffusetext]</textcolor>
                        <label>$INFO[ListItem.Label2]</label>
                    </control>
                </focusedlayout>
            </control>
        </control>
        <control type="scrollbar" id="60">
            <posx>16r</posx>
            <top>135</top>
            <height>870</height>
            <onleft>50</onleft>
            <onright>noop</onright>
        </control>
        <include>WindowsTopInfos</include>
        <include>Left_Panel_Addons</include>
        <control type="group" description="Side menu 9000 group">
            <visible allowhiddenfocus="true">ControlGroup(9000).HasFocus()</visible>
            <include>DialogOpenCloseVisible</include>
            <!--control type="image" description="List back">
                <posx>540</posx>
                <top>250</top>
                <width>840</width>
                <height>580</height>
                <aspectratio>stretch</aspectratio>
                <texture border="150" colordiffuse="$VAR[bgcolor1]">images/Dialog.png</texture>
            </control-->
            <control type="image" description="List back">				
                <posx>704</posx>
                <top>400</top>
                <width>509</width>
                <height>271</height>
                <aspectratio>scale</aspectratio>				
                <texture colordiffuse="$VAR[diffusemenu]">$VAR[bgimg2]</texture>				
          </control>		  
            <control type="image" description="List back border">			
                <posx>704</posx>
                <top>400</top>
                <width>513</width>
                <height>275</height>
				<aspectratio>stretch</aspectratio>				
                <texture colordiffuse="$VAR[diffuseborder]">borders/Dialogborder.png</texture>
          </control>						
            <control type="grouplist" id="9000">
                <include>DialogGLs</include>
                <control type="button" id="3" description="Sort">
                    <include>DialogButt</include>
                </control>
                <control type="button" id="5" description="Updates">
                    <include>DialogButt</include>
                    <label>$LOCALIZE[24063]: $LOCALIZE[1223]</label>
                    <altlabel>$LOCALIZE[24063]: $LOCALIZE[305]</altlabel>
                </control>
                <control type="togglebutton" id="6" description="Notifications">
                    <include>DialogButt</include>
                    <label>$LOCALIZE[25000]: $LOCALIZE[1223]</label>
                    <altlabel>$LOCALIZE[25000]: $LOCALIZE[305]</altlabel>
                </control>
                <control type="togglebutton" id="699" description="Playing">
                    <enable>Player.HasMedia</enable>
                    <include>DialogButt</include>
                    <label>$LOCALIZE[16003]</label>
                    <altlabel>$LOCALIZE[31055]</altlabel>
                    <usealttexture>Player.HasMedia</usealttexture>
                    <onclick>fullscreen</onclick>
                    <altclick>fullscreen</altclick>
                    <animation effect="fade" start="100" end="60" time="100" condition="!Player.HasMedia">Conditional</animation>
                </control>
            </control>
        </control>
        <control type="label">
            <description>Page Count Label</description>
            <posx>40r</posx>
            <top>50r</top>
            <width>500</width>
            <height>20</height>
            <font>font10</font>
            <textcolor>$VAR[diffusetext]</textcolor>
            <scroll>false</scroll>
            <align>right</align>
            <aligny>center</aligny>
            <label>$LOCALIZE[31000] ([COLOR=White]$INFO[Container.CurrentPage]/$INFO[Container.NumPages][/COLOR])</label>
        </control>
    </controls>
</window>
