<?xml version="1.0" encoding="UTF-8"?>
<window type="dialog" id="1120">
    <defaultcontrol always="true">9000</defaultcontrol>
    <include>DialogOpenClose</include>
    <controls>
        <control type="group">
            <visible allowhiddenfocus="true">ControlGroup(9000).HasFocus()</visible>
            <include>DialogOpenCloseVisible</include>
            <!--ORIGINAL--control type="image" description="List back">
                <posx>540</posx>
                <top>310</top>
                <width>840</width>
                <height>460</height>
                <aspectratio>stretch</aspectratio>
                <texture border="150" colordiffuse="$VAR[bgcolor1]">images/Dialog.png</texture>
            </control-->						
		  
			<include condition="![Skin.HasSetting(homeicondefaultrow7) | Skin.HasSetting(homeicondefaultrow6) | Skin.HasSetting(homeicondefaultrow5) | Skin.HasSetting(homeiconroundrow8) | Skin.HasSetting(homeiconroundrow7) | Skin.HasSetting(homeiconroundrow6) | Skin.HasSetting(hideshelf) | Skin.HasSetting(homeiconsio2) | Skin.HasSetting(homeiconsio2x) | Skin.HasSetting(homeiconios)]">dialogdefault</include>
			<include condition="Skin.HasSetting(homeicondefaultrow7)">dialogdefault</include>
			<include condition="Skin.HasSetting(homeicondefaultrow6)">dialogdefault</include>
			<include condition="Skin.HasSetting(homeicondefaultrow5)">dialogdefault</include>				
			<include condition="Skin.HasSetting(hideshelf)">dialogdefault</include>
			<include condition="Skin.HasSetting(homeiconsio2)">dialogdefault</include>					
			<include condition="Skin.HasSetting(homeiconsio2x)">dialogdefault</include>	
			<include condition="Skin.HasSetting(homeiconroundrow8)">dialogdefault</include>						
			<include condition="Skin.HasSetting(homeiconroundrow7)">dialogdefault</include>
			<include condition="Skin.HasSetting(homeiconroundrow6)">dialogdefault</include>
			<include condition="Skin.HasSetting(homeiconios)">dialogdefault</include>		  
		  		  
            <control type="grouplist" id="9000">
                <include>DialogGLs</include>
                <control type="button" id="699">
                    <include>DialogButt</include>
                    <label>$LOCALIZE[128] $LOCALIZE[5]</label>
                    <onclick>Close</onclick>
                    <onclick>ActivateWindow(Settings)</onclick>
                </control>
                <control type="button" id="700">
                    <include>DialogButt</include>
                    <label>20077</label>
                    <onclick>Close</onclick>
                    <onclick>ActivateWindow(SkinSettings)</onclick>
                </control>				
                <control type="button" id="701">
                    <include>DialogButt</include>
                    <label>13200</label>
                    <onclick>Close</onclick>
                    <onclick>ActivateWindow(Profiles)</onclick>
                </control>									
            </control>
        </control>
    </controls>
</window>
