<?xml version="1.0" encoding="UTF-8"?>
<window type="dialog" id="1123">
    <defaultcontrol always="true">9000</defaultcontrol>
            <animation effect="slide" start="540,0" end="0,0" time="500"reversible="true">WindowOpen</animation>
            <animation effect="slide" start="0,0" end="540,0" time="500" reversible="true">WindowClose</animation>			
    <controls>
        <control type="group" description="All dialog content">		
            <control type="image" description="List back">
                <top>290</top>
                <posx>1435</posx>
                <width>540</width>
                <height>500</height>
                <aspectratio>scale</aspectratio>
                <texture colordiffuse="$VAR[diffusemenu]">$VAR[bgimg2]</texture>
            </control>
            <control type="image" description="List back border">
                <top>290</top>
                <posx>1435</posx>
                <width>540</width>
                <height>500</height>
                <aspectratio>stretch</aspectratio>
                <texture colordiffuse="$VAR[diffuseborder]">borders/skinsettingsdialog.png</texture>
            </control>						
            <control type="group">
                <control type="grouplist" id="9000">
                <left>1450</left>
                <include>DialogGLs2</include>					
                <control type="radiobutton" id="1">
                    <label>Other BG Darkness1</label>
                    <onclick>Skin.ToggleSetting(bgdiffuse1)</onclick>
					<onclick condition="Skin.HasSetting(bgdiffuse2)">Skin.ToggleSetting(bgdiffuse2)</onclick>
					<onclick condition="Skin.HasSetting(bgdiffuse3)">Skin.ToggleSetting(bgdiffuse3)</onclick>
					<onclick condition="Skin.HasSetting(bgdiffuse4)">Skin.ToggleSetting(bgdiffuse4)</onclick>
					<onclick condition="Skin.HasSetting(bgdiffuse5)">Skin.ToggleSetting(bgdiffuse5)</onclick>					
                    <selected>Skin.HasSetting(bgdiffuse1)</selected>				
                </control>
                <control type="radiobutton" id="2">
                    <label>Other BG Darkness2</label>
                    <onclick>Skin.ToggleSetting(bgdiffuse2)</onclick>
					<onclick condition="Skin.HasSetting(bgdiffuse1)">Skin.ToggleSetting(bgdiffuse1)</onclick>
					<onclick condition="Skin.HasSetting(bgdiffuse3)">Skin.ToggleSetting(bgdiffuse3)</onclick>
					<onclick condition="Skin.HasSetting(bgdiffuse4)">Skin.ToggleSetting(bgdiffuse4)</onclick>
					<onclick condition="Skin.HasSetting(bgdiffuse5)">Skin.ToggleSetting(bgdiffuse5)</onclick>					
                    <selected>Skin.HasSetting(bgdiffuse2)</selected>				
                </control>
                <control type="radiobutton" id="3">
                    <label>Other BG Darkness3</label>
                    <onclick>Skin.ToggleSetting(bgdiffuse3)</onclick>
					<onclick condition="Skin.HasSetting(bgdiffuse1)">Skin.ToggleSetting(bgdiffuse1)</onclick>
					<onclick condition="Skin.HasSetting(bgdiffuse2)">Skin.ToggleSetting(bgdiffuse2)</onclick>
					<onclick condition="Skin.HasSetting(bgdiffuse4)">Skin.ToggleSetting(bgdiffuse4)</onclick>
					<onclick condition="Skin.HasSetting(bgdiffuse5)">Skin.ToggleSetting(bgdiffuse5)</onclick>					
                    <selected>Skin.HasSetting(bgdiffuse3)</selected>				
                </control>								
                <control type="radiobutton" id="4">
                    <label>Other BG Darkness4</label>
                    <onclick>Skin.ToggleSetting(bgdiffuse4)</onclick>
					<onclick condition="Skin.HasSetting(bgdiffuse1)">Skin.ToggleSetting(bgdiffuse1)</onclick>
					<onclick condition="Skin.HasSetting(bgdiffuse2)">Skin.ToggleSetting(bgdiffuse2)</onclick>
					<onclick condition="Skin.HasSetting(bgdiffuse3)">Skin.ToggleSetting(bgdiffuse3)</onclick>
					<onclick condition="Skin.HasSetting(bgdiffuse5)">Skin.ToggleSetting(bgdiffuse5)</onclick>					
                    <selected>Skin.HasSetting(bgdiffuse4)</selected>				
                </control>
                <control type="radiobutton" id="5">
                    <label>Other BG Darkness5</label>
                    <onclick>Skin.ToggleSetting(bgdiffuse5)</onclick>
					<onclick condition="Skin.HasSetting(bgdiffuse1)">Skin.ToggleSetting(bgdiffuse1)</onclick>
					<onclick condition="Skin.HasSetting(bgdiffuse2)">Skin.ToggleSetting(bgdiffuse2)</onclick>
					<onclick condition="Skin.HasSetting(bgdiffuse3)">Skin.ToggleSetting(bgdiffuse3)</onclick>
					<onclick condition="Skin.HasSetting(bgdiffuse4)">Skin.ToggleSetting(bgdiffuse4)</onclick>					
                    <selected>Skin.HasSetting(bgdiffuse5)</selected>				
                </control>								
                </control>
            </control>
        </control>
    </controls>
</window>
