<?xml version="1.0" encoding="UTF-8"?>
<window id="11">
    <defaultcontrol always="true">8</defaultcontrol>
    <allowoverlay>no</allowoverlay>
    <backgroundcolor>background</backgroundcolor>
    <controls>
        <control type="videowindow" id="20" description="videowindow">
            <include>Dimensions_Fullscreen</include>
        </control>
        <control type="mover" id="8" description="top left">
            <posx>0</posx>
            <top>0</top>
            <width>256</width>
            <height>256</height>
            <texturefocus colordiffuse="$VAR[bgcolor2]">calibrate/CalibrateTopLeft.png</texturefocus>
            <texturenofocus>-</texturenofocus>
        </control>
        <control type="mover" id="9" description="right bottom">
            <posx>1644</posx>
            <top>824</top>
            <width>256</width>
            <height>256</height>
            <texturefocus colordiffuse="$VAR[bgcolor2]" >calibrate/CalibrateBottomRight.png</texturefocus>
            <texturenofocus>-</texturenofocus>
        </control>
        <control type="mover" id="10" description="subtitle position">
            <posx>832</posx>
            <top>592</top>
            <width>256</width>
            <height>128</height>
            <texturefocus border="0,3,0,3" colordiffuse="$VAR[bgcolor2]">calibrate/CalibrateSubs.png</texturefocus>
            <texturenofocus>-</texturenofocus>
        </control>
        <control type="resize" id="11" description="pixel aspect ratio">
            <posx>0</posx>
            <top>348</top>
            <width>384</width>
            <height>384</height>
            <texturefocus colordiffuse="$VAR[bgcolor2]" >calibrate/CalibratePixelRatio.png</texturefocus>
            <texturenofocus>-</texturenofocus>
        </control>
        <control type="label" id="2" description="coordinates label">
            <posx>30</posx>
            <top>60</top>
            <width>1860</width>
            <align>center</align>
            <label>-</label>
        </control>
        <control type="label" id="3" description="help information">
            <posx>30</posx>
            <top>105</top>
            <width>1860</width>
            <align>center</align>
            <label>-</label>
        </control>
    </controls>
</window>
