<?xml version="1.0" encoding="UTF-8"?>
<overrides>

    <requiredshortcut label="5" thumbnail="icons/settings.png" icon="icons/settings.png">ActivateWindow(1120)</requiredshortcut>
    <warn heading="$LOCALIZE[14117]" message="$LOCALIZE[31019]">ActivateWindow(1120)</warn>

    <thumbnailBrowseDefault>special://home/addons/resource.images.tvOS-X/resources/icons/</thumbnailBrowseDefault>
	<backgroundBrowse default="special://home/addons/resource.images.tvOS-X/resources/backgrounds/">True</backgroundBrowse>

    <icon labelID="movies">icons/movies.png</icon>
    <icon labelID="tvshows">icons/tvshows.png</icon>
    <icon labelID="settings">icons/settings.png</icon>
    <icon labelID="quit">icons/quits.png</icon>
    <icon labelID="livetv">icons/LiveTV.png</icon>

    <contextmenu>
        <enableon>211</enableon>
        <item control="401">$ADDON[script.skinshortcuts 32048]</item>	  <!-- Choose item for menu -->
        <item control="305">$ADDON[script.skinshortcuts 32025]</item>	  <!-- Set label -->
        <item control="306">$ADDON[script.skinshortcuts 32026]</item>	  <!-- Set thumbnail -->	
        <item control="310">$ADDON[script.skinshortcuts 32045]</item>	  <!-- Set background -->	
        <item control="405">$VAR[editmenu]</item>	  					  <!-- Edit shelf menu - Edit Sub Menu -->	
        <item control="307">$ADDON[script.skinshortcuts 32027]</item>	  <!-- Change action -->
        <item control="302">$ADDON[script.skinshortcuts 32001]</item>	  <!-- Delete -->		
        <item control="303">$ADDON[script.skinshortcuts 32002]</item>	  <!-- Move Up -->
        <item control="304">$ADDON[script.skinshortcuts 32003]</item>	  <!-- Move Down -->	
        <item control="313">$LOCALIZE[24021]</item>					 	  <!-- Disable -->		
        <item control="301">$ADDON[script.skinshortcuts 32000] item</item><!-- Add item -->
        <item control="308">$ADDON[script.skinshortcuts 32028]</item>	  <!-- Restore menu items -->		
    </contextmenu>	
	
	<propertydefault property="viewtype">Posters</propertydefault>
		<property property="viewtype">Posters</property>	
		<property property="viewtype">Squares</property>
		<property property="viewtype">Episodes</property>
		<property property="viewtype">List</property>
		<property property="viewtype">Banner</property>		
    <!--onclick id="211">SetFocus(313)</onclick-->

    <widget name="movies" label="In progress Movies" path="$VAR[movieshelf]" target="video">shelfmovies</widget>
    <widgetdefault defaultID="movies">shelfmovies</widgetdefault>

    <widget name="episodes" label="episodes" path="$VAR[epshelf]" target="video">shelfepisodes</widget>
    <widgetdefault defaultID="episodes">shelfepisodes</widgetdefault>

    <widget name="tvshows" label="tvshows" path="videodb://tvshows/titles" target="video">shelftvshows</widget>
    <widgetdefault defaultID="tvshows">shelftvshows</widgetdefault>
	
    <widget name="favs" label="favs" path="favourites://" target="video">shelffavs</widget>
    <widgetdefault defaultID="favourites">shelffavs</widgetdefault>

</overrides>
