<?xml version='1.0' encoding='UTF-8'?>
<shortcuts>

<!-- DEFAULT -->
	<shortcut>
		<label>31118</label>
		<label2 />
		<defaultID>31118</defaultID>
		<icon>DefaultVideo.png</icon>
		<thumb />
		<action>ActivateWindow(Videos,special://skin/playlists/recentlyadded_tvshows.xsp,return)</action>
	</shortcut>
	
	<shortcut>
		<label>590</label>
		<label2 />
		<defaultID>590</defaultID>
		<icon>DefaultVideo.png</icon>
		<thumb />
		<action>ActivateWindow(Videos,special://skin/playlists/random_tvshows.xsp,return)</action>
	</shortcut>
	
	<shortcut>
		<label>575</label>
		<label2 />
		<defaultID>575</defaultID>
		<icon>DefaultVideo.png</icon>
		<thumb />
		<action>ActivateWindow(Videos,special://skin/playlists/inprogress_tvshows.xsp,return)</action>
	</shortcut>
	
	<shortcut>
		<label>568</label>
		<label2 />
		<defaultID>568</defaultID>
		<icon>DefaultVideo.png</icon>
		<thumb />
		<action>ActivateWindow(Videos,special://skin/playlists/lastplayed_tvshows.xsp,return)</action>
	</shortcut>

	<!--shortcut>
		<label>31118</label>
		<label2 />
		<defaultID>31118</defaultID>
		<icon>DefaultRecentlyAddedEpisodes.png</icon>
		<thumb />
		<action>ActivateWindow(Videos,RecentlyAddedEpisodes,return)</action>
	</shortcut>
	<shortcut>
		<label>31001</label>
		<label2 />
		<defaultID>31001</defaultID>
		<icon>special://skin/extras/icons/TVGuide.png</icon>
		<thumb />
    <visible>System.HasAddon(script.tv.show.next.aired) + Skin.HasSetting(NextAiredEnabled)</visible>
		<action>RunAddon(script.tv.show.next.aired,return)</action>
	</shortcut>
	<shortcut>
		<label>135</label>
		<label2 />
		<defaultID>135</defaultID>
		<icon>DefaultGenre.png</icon>
		<thumb />
		<action>ActivateWindow(Videos,TVShowGenres,return)</action>
	</shortcut>
	<shortcut>
		<label>652</label>
		<label2 />
		<defaultID>652</defaultID>
		<icon>DefaultYear.png</icon>
		<thumb />
		<action>ActivateWindow(Videos,TVShowYears,return)</action>
	</shortcut>
	<shortcut>
		<label>344</label>
		<label2 />
		<defaultID>344</defaultID>
		<icon>DefaultActor.png</icon>
		<thumb />
		<action>ActivateWindow(Videos,TVShowActors,return)</action>
	</shortcut>
	<shortcut>
		<label>20388</label>
		<label2 />
		<defaultID>20388</defaultID>
		<icon>DefaultStudios.png</icon>
		<thumb />
		<action>ActivateWindow(Videos,TVShowStudios,return)</action>
	</shortcut>
	<shortcut>
		<label>136</label>
		<label2 />
		<defaultID>136</defaultID>
		<icon>DefaultVideoPlaylists.png</icon>
		<thumb />
		<action>ActivateWindow(Videos,Playlists,return)</action>
	</shortcut>
	<shortcut>
		<label>14022</label>
		<label2 />
		<defaultID>14022</defaultID>
		<icon>special://skin/extras/icons/VideoLibrary.png</icon>
		<thumb />
		<action>ActivateWindow(Videos,root)</action>
	</shortcut>
	<shortcut>
		<label>744</label>
		<label2 />
		<defaultID>744</defaultID>
		<icon>DefaultFolder.png</icon>
		<thumb />
		<action>ActivateWindow(Videos,Files,return)</action>
	</shortcut>
	<shortcut>
		<label>24001</label>
		<label2 />
		<defaultID>24001</defaultID>
		<icon>DefaultVideoPlugins.png</icon>
		<thumb />
		<action>ActivateWindow(Videos,Addons,return)</action>
	</shortcut-->
</shortcuts>
