<?xml version="1.0" encoding="UTF-8"?>
<window>
    <defaultcontrol always="true">9000</defaultcontrol>
    <allowoverlay>no</allowoverlay>
    <backgroundcolor>background</backgroundcolor>
    <onload>RunScript(script.favourites)</onload>
    <include>OpenClose</include>
    <controls>
        <include>HomeBackground</include>
        <control type="group">
            <include>OpenClose</include>
            <control type="button" id="9009">
                <visible allowhiddenfocus="true">Control.HasFocus(9009)</visible>
                <top>26</top>
                <width>34</width>
                <height>34</height>
                <texturefocus aspectratio="keep" colordiffuse="black">images/hometoggle.png</texturefocus>
                <!--MOVIES-->
				
                <!--onclick  condition="Control.IsVisible(311) + StringCompare(Skin.String(moviesshelf),TR)">Skin.SetString(moviesshelf,)</onclick>
                <onclick  condition="Control.IsVisible(311) + StringCompare(Skin.String(moviesshelf),WL) + Skin.HasSetting(trailershelf)">Skin.SetString(moviesshelf,TR)</onclick-->
                <onclick  condition="Control.IsVisible(311) + StringCompare(Skin.String(moviesshelf),WL)">Skin.SetString(moviesshelf,)</onclick>
                <onclick  condition="Control.IsVisible(311) + StringCompare(Skin.String(moviesshelf),)">Skin.SetString(moviesshelf,WL)</onclick>
				
				
                <!--onclick  condition="Control.IsVisible(311) + StringCompare(Skin.String(moviesshelf),TR)">Skin.SetString(moviesshelf,)</onclick>
                <onclick  condition="Control.IsVisible(311) + StringCompare(Skin.String(moviesshelf),WL) + Skin.HasSetting(trailershelf)">Skin.SetString(moviesshelf,TR)</onclick>
                <onclick  condition="Control.IsVisible(311) + StringCompare(Skin.String(moviesshelf),WL) + !Skin.HasSetting(trailershelf)">Skin.SetString(moviesshelf,)</onclick>
                <onclick  condition="Control.IsVisible(311) + StringCompare(Skin.String(moviesshelf),)">Skin.SetString(moviesshelf,WL)</onclick-->
				
				
                <!--TVSHOWS-->
                <onclick  condition="Control.IsVisible(312)">Skin.ToggleSetting(TVShelf_Watchlist)</onclick>
                <!--MUSIC-->
                <onclick  condition="Control.IsVisible(313) + StringCompare(Skin.String(musicshelf),)">Skin.SetString(musicshelf,top)</onclick>
                <onclick  condition="Control.IsVisible(313) + StringCompare(Skin.String(musicshelf),top) + [Library.HasContent(Music)]">Skin.SetString(musicshelf,custom)</onclick>
                <onclick  condition="Control.IsVisible(313) + StringCompare(Skin.String(musicshelf),custom) + [Library.HasContent(Music)]">Skin.SetString(musicshelf,)</onclick>
                <onclick  condition="Control.IsVisible(315)">noop</onclick>
                <colordiffuse>black</colordiffuse>
                <onclick condition="Control.IsVisible(312)">ReplaceWindow(0)</onclick>
                <onup>noop</onup>
                <ondown>700</ondown>
                <onleft>noop</onleft>
                <onright>noop</onright>
            </control>
			
<!--     ICON SETTINGS       -->	
			<control type="panel" id="9000">
				<animation condition="![Container(9000).Row(0)]" effect="slide" start="0,0" end="0,-629" time="240">Conditonal</animation>
				<animation condition="![Container(9000).Row(0) | Container(9000).Row(1) | Container(9000).Row(2) | Container(9000).Row(3)]" effect="slide" start="0,0" end="0,-825" time="240">Conditonal</animation>
				<animation condition="![Container(9000).Row(0) | Container(9000).Row(1) | Container(9000).Row(2) | Container(9000).Row(3) | Container(9000).Row(4) | Container(9000).Row(5) | Container(9000).Row(6)]" effect="slide" start="0,0" end="0,-480" time="240">Conditonal</animation>
				<animation condition="![Container(9000).Row(0) | Container(9000).Row(1) | Container(9000).Row(2) | Container(9000).Row(3) | Container(9000).Row(4) | Container(9000).Row(5) | Container(9000).Row(6) | Container(9000).Row(7) | Container(9000).Row(8)]" effect="slide" start="0,0" end="0,-480" time="240">Conditonal</animation>
				<!--animation condition="![Container(9000).Row(0) | Container(9000).Row(1) | Container(9000).Row(2) | Container(9000).Row(3) | Container(9000).Row(4) | Container(9000).Row(5) | Container(9000).Row(6) | Container(9000).Row(7) | Container(9000).Row(8) | Container(9000).Row(9) | Container(9000).Row(10)]" effect="slide" start="0,0" end="0,-400" time="240">Conditonal</animation-->				
      <posx>22</posx>
      <posy>624</posy>
      <width>1920</width>
      <height>2160</height>
      <onleft>9000</onleft>
      <onright>9000</onright>
      <onup>700</onup>
      <ondown>noop</ondown>
      <orientation>vertical</orientation>
      <scrolltime tween="sine" easing="inout">280</scrolltime>
      <itemlayout height="276" width="376">    
	  <!--control type="image" description="THMBSCOLOR">
	      <visible>!Skin.HasSetting(colormenu)</visible>
          <width>368</width>
          <height>250</height>
          <texture>icons/sio2/menuiconshadow.png</texture>
      </control-->
	  <control type="image" description="THMBSBASE">
           <visible>Skin.HasSetting(colormenu)</visible>
           <posx>30</posx>
           <top>30</top>
           <width>316</width>
           <height>182</height>
           <texture colordiffuse="$VAR[diffuseicons2]">icons/sio2/diffusehome.png</texture>
        </control>
        <control type="image" description="THMBSCOLOR">
        <visible>!Skin.HasSetting(colormenu)</visible>		
          <posx>30</posx>
          <posy>30</posy>
          <width>316</width>
          <height>182</height>
          <!--texture>$INFO[ListItem.Property(color)]</texture-->
		  <texture diffuse="icons/sio2/diffusehome.png">$INFO[ListItem.Property(color)]</texture>
        </control>
        <control type="image" description="THMBSICONS">
          <visible>!IsEmpty(Listitem.thumb)</visible>
          <posx>30</posx>
          <posy>30</posy>
          <width>316</width>
          <height>182</height>
          <texture diffuse="icons/sio2/diffusehome.png">$INFO[ListItem.thumb]</texture>z
        </control>
        <control type="image" description="THMBSICONS">
          <visible>IsEmpty(Listitem.thumb)</visible>
          <posx>30</posx>
          <posy>30</posy>
          <width>316</width>
          <height>182</height>
          <texture diffuse="icons/sio2/diffusehome.png">$INFO[ListItem.label2]</texture>
        </control>
        <control type="image" description="THMBS weather">
          <posx>30</posx>
          <posy>30</posy>
          <width>316</width>
          <height>182</height>
          <texture>$INFO[ListItem.Property(weatherthumb)]</texture>
          <aspectratio>keep</aspectratio>
        </control>
        <!--control type="image" description="OVERLAY">
          <posx>30</posx>
          <posy>30</posy>
          <width>316</width>
          <height>182</height>
          <texture>icons/sio2/overlay.png</texture>
        </control-->
                    <control type="image" description="THMBSBASE border">
                        <visible>Skin.HasSetting(homeiconborders)</visible>
                        <posx>30</posx>
                        <top>30</top>
                        <width>316</width>
                        <height>182</height>
                        <texture colordiffuse="$VAR[diffusehomeiconborder]">icons/sio2/border.png</texture>
                    </control>					
			
        <control type="label" description="LABEL">
		<visible>!Skin.HasSetting(homelabel)</visible>
	  <posx>31</posx>
          <posy>222</posy>
          <width>316</width>
          <height>26</height>
          <font>size34</font>
          <align>center</align>
          <textcolor>White</textcolor>
          <label>$INFO[ListItem.label]</label>
        </control>
      </itemlayout>
      <focusedlayout height="276" width="376">	

      <control type="group">

					<!--animation type="Focus">	
						<include condition="![Skin.HasSetting(sliderrotate) | Skin.HasSetting(sliderfade)] | Skin.HasSetting(sliderzoom)">blank</include>					
						<include condition="Skin.HasSetting(sliderzoom)">homesliderZOOMsio2</include>
						<include condition="Skin.HasSetting(sliderrotate)">homesliderROTATEsio2</include>
						<include condition="Skin.HasSetting(sliderfade)">homesliderFADEsio2</include>
					</animation>
					<animation condition="Skin.HasSetting(sliderzoom)" effect="zoom" center="186,130" start="123" end="100" time="100" reversible="true">unFocus</animation>			
	
					<animation condition="Window.IsActive(1190)" effect="zoom" center="186,130" start="100" end="77" time="160" reversible="true">Conditional</animation-->
	
	   <!--control type="image" description="THMBSCOLOR">
	      <visible>!Skin.HasSetting(colormenu)</visible>
          <width>368</width>
          <height>250</height>
          <texture>icons/sio2/menuiconshadow.png</texture>
        </control-->
        <control type="image" description="THMBSCOLOR">		
          <posx>30</posx>
          <posy>30</posy>
          <width>316</width>
          <height>182</height>
          <!--texture>$INFO[ListItem.Property(color)]</texture-->
		  <texture diffuse="icons/sio2/diffusehome.png">$INFO[ListItem.Property(color)]</texture>
        </control>
        <control type="image" description="THMBSICONS">
          <visible>!IsEmpty(Listitem.thumb)</visible>
          <posx>30</posx>
          <posy>30</posy>
          <width>316</width>
          <height>182</height>
          <texture diffuse="icons/sio2/diffusehome.png">$INFO[ListItem.thumb]</texture>
        </control>
        <control type="image" description="THMBSICONS">
          <visible>IsEmpty(Listitem.thumb)</visible>
          <posx>30</posx>
          <posy>30</posy>
          <width>316</width>
          <height>182</height>
          <texture diffuse="icons/sio2/diffusehome.png">$INFO[ListItem.label2]</texture>
        </control>
        <control type="image" description="THMBS weather">
          <posx>30</posx>
          <posy>30</posy>
          <width>316</width>
          <height>182</height>
          <texture>$INFO[ListItem.Property(weatherthumb)]</texture>
          <aspectratio>keep</aspectratio>
        </control>		
        <!--control type="image">
            <animation condition="!Skin.HasSetting(colormenu)" effect="fade" start="0" end="100" time="100" delay="100" reversible="false">Focus</animation>
            <animation condition="!Skin.HasSetting(colormenu)" effect="fade" start="100" end="0" time="180" reversible="true">unFocus</animation>
            <posx>30</posx>
            <posy>30</posy>
            <width>316</width>
            <height>182</height>
            <texture colordiffuse="$VAR[diffuseselect]">icons/sio2/atvslider.png</texture>
            <aspectratio>stretch</aspectratio>
        </control-->				
        <control type="label" description="label">
          <animation effect="fade" start="80" end="100" time="300=" delay="300">Focus</animation>
          <posx>31</posx>
          <posy>222</posy>
          <width>316</width>
          <height>26</height>
          <font>size34</font>
          <align>center</align>
          <textcolor>White</textcolor>
          <label>$INFO[ListItem.label]</label>
        </control>
	</control>
      </focusedlayout>
                <content>
					<item id="778">
						<visible>Skin.HasSetting(hidetoprow)</visible>		
						<thumb>icons/sio2/customtoprow.png</thumb>
						<label>Custom TopRow</label>
						<property name="color">$VAR[green]</property>
						<onclick>ActivateWindow(1190)</onclick>
					</item>
        <item id="370" description="Custom Fvourite">
          <visible>!IsEmpty(Skin.String(HomeFav.13.Label))</visible>
          <thumb>$INFO[Skin.String(HomeFav.13.Icon)]</thumb>
          <label>$INFO[Skin.String(HomeFav.13.Label)]</label>
          <property name="color">$VAR[teak]</property>
          <onclick>$INFO[Skin.String(HomeFav.13.Path)]</onclick>
        </item>	
        <item id="371" description="Custom Fvourite">
          <visible>!IsEmpty(Skin.String(HomeFav.14.Label))</visible>
          <thumb>$INFO[Skin.String(HomeFav.14.Icon)]</thumb>
          <label>$INFO[Skin.String(HomeFav.14.Label)]</label>
          <property name="color">$VAR[darkblue]</property>
          <onclick>$INFO[Skin.String(HomeFav.14.Path)]</onclick>
        </item>	
        <item id="372" description="Custom Fvourite">
          <visible>!IsEmpty(Skin.String(HomeFav.15.Label)) + Skin.HasSetting(shelffavorites)</visible>
          <thumb>$INFO[Skin.String(HomeFav.15.Icon)]</thumb>
          <label>$INFO[Skin.String(HomeFav.15.Label)]</label>
          <property name="color">$VAR[green]</property>
          <onclick>$INFO[Skin.String(HomeFav.15.Path)]</onclick>
        </item>		
        <item id="373" description="Custom Fvourite">
          <visible>!IsEmpty(Skin.String(HomeFav.16.Label)) + Skin.HasSetting(shelffavorites)</visible>
          <thumb>$INFO[Skin.String(HomeFav.16.Icon)]</thumb>
          <label>$INFO[Skin.String(HomeFav.16.Label)]</label>
          <property name="color">$VAR[red]</property>
          <onclick>$INFO[Skin.String(HomeFav.16.Path)]</onclick>
        </item>		
        <item id="374" description="Custom Fvourite">
          <visible>!IsEmpty(Skin.String(HomeFav.17.Label)) + Skin.HasSetting(shelffavorites)</visible>
          <thumb>$INFO[Skin.String(HomeFav.17.Icon)]</thumb>
          <label>$INFO[Skin.String(HomeFav.17.Label)]</label>
          <property name="color">$VAR[bluegray]</property>
          <onclick>$INFO[Skin.String(HomeFav.17.Path)]</onclick>
        </item>								
        <item id="355">
            <visible>Skin.HasSetting(hidemovie) + Skin.HasSetting(hidetv)  + !Skin.HasSetting(hidevaddons)</visible>
            <thumb>icons/sio2/vaddons.png</thumb>
            <label>$LOCALIZE[157] $LOCALIZE[24001]</label>
            <property name="color">$VAR[bluegray]</property>			
            <onclick>noop</onclick>
        </item>
        <item id="340">
            <visible>!Skin.HasSetting(hidemovie)</visible>
            <thumb>icons/sio2/movies.png</thumb>
            <label>342</label>
            <property name="color">$VAR[lightblue]</property>
            <onclick condition="Library.HasContent(Movies)">ActivateWindow(Videos,MovieTitles,return)</onclick>
            <onclick condition="!Library.HasContent(Movies)">ActivateWindow(Videos,root)</onclick>
        </item>				
        <item id="341">
            <visible>!Skin.HasSetting(hidetv)</visible>
            <thumb>icons/sio2/tvshows.png</thumb>
            <label>20343</label>
            <property name="color">$VAR[purple]</property>
            <onclick condition="Library.HasContent(TVShows)">ActivateWindow(VideoLibrary,TVShowTitles,return)</onclick>
            <onclick condition="!Library.HasContent(TVShows)">ActivateWindow(Videos,root)</onclick>
        </item>			
        <item id="342">
            <visible>!Skin.HasSetting(hidemusic)</visible>
            <thumb>icons/sio2/music.png</thumb>
            <label>2</label>
            <property name="color">$VAR[orange]</property>
            <onclick>ActivateWindow(502,$INFO[Skin.String(MusicLink)])</onclick>
            <onclick condition="!Library.HasContent(Music)">ActivateWindow(501,root)</onclick>
        </item>					
        <item id="343">
            <visible>!Skin.HasSetting(hideaddon)</visible>
            <thumb>icons/sio2/addons.png</thumb>
            <label>24001</label>
            <property name="color">$VAR[green]</property>
            <onclick>ActivateWindow(1118)</onclick>
        </item>
        <item id="380" description="Custom addon">
          <visible>!IsEmpty(Skin.String(HomeAddon.19.Label))</visible>
          <thumb>$INFO[Skin.String(HomeAddon.19.Icon)]</thumb>
          <label2>$INFO[system.addonicon(Skin.String(HomeAddon.19.label))]</label2>
          <label>$INFO[system.addonTitle(Skin.String(HomeAddon.19.Label))]</label>
          <property name="color">$VAR[lightblue]</property>
          <onclick>RunAddon($INFO[Skin.String(HomeAddon.19.Label)])</onclick>
        </item>		
        <item id="352">
            <visible>!Skin.HasSetting(hidefav)</visible>
            <thumb>icons/sio2/favs.png</thumb>
            <label>$LOCALIZE[1036]</label>
            <property name="color">$VAR[red]</property>
            <onclick>ActivateWindow(134)</onclick>
        </item>				
        <item id="345">
            <visible>!Skin.HasSetting(hidewtr)</visible>
            <property name="weatherthumb">$INFO[Window(weather).Property(Current.FanartCode),weathershelf/,.png]</property>
            <label>$INFO[Weather.Temperature]</label>
            <property name="color">$VAR[teak]</property>
            <onclick>ActivateWindow(MyWeather)</onclick>
        </item>
         <item id="344">
            <visible>!Skin.HasSetting(hidepic)</visible>
            <thumb>icons/sio2/photos.png</thumb>
            <label>1</label>
            <property name="color">$VAR[darkblue]</property>
            <onclick>ActivateWindow(2)</onclick>
        </item>		
        <item id="357">
            <visible>Skin.HasSetting(3dmovs)</visible>
            <thumb>icons/sio2/3d.png</thumb>
            <label>3D $LOCALIZE[342]</label>
            <property name="color">$VAR[purple]</property>
            <onclick>ActivateWindow(Videos,"special://skin/resources/3d.xsp", return)</onclick>
        </item>
        <item id="358">
             <visible>!Skin.HasSetting(nextair) + System.HasAddon(script.tv.show.next.aired) + Library.HasContent(TVShows)</visible>
            <thumb>icons/sio2/nextaired.png</thumb>
            <label>$ADDON[script.tv.show.next.aired 32019]</label>
            <property name="color">$VAR[red]</property>
            <onclick>RunAddon(script.tv.show.next.aired)</onclick>
        </item>
        <item id="356">
            <visible>!Skin.HasSetting(sear)</visible>
            <thumb>icons/sio2/search.png</thumb>
            <label>137</label>
            <property name="color">$VAR[bluegray]</property>
            <onclick>RunAddon(script.globalsearch)</onclick>
        </item>
	    <item id="355">
            <thumb>icons/sio2/livetv.png</thumb>
            <label>31059</label>
            <property name="color">$VAR[green3]</property>
            <onclick>ActivateWindow(1718)</onclick>
            <visible>!Pvr.IsRecording + System.GetBool(pvrmanager.enabled) + !Skin.HasSetting(PVRhide)</visible>
        </item>
        <item id="355">
            <thumb>icons/sio2/livetvrec.png</thumb>
            <label>$INFO[Pvr.NowRecordingTitle]</label>
            <property name="color">$VAR[green3]</property>
            <onclick>ActivateWindow(1718)</onclick>
            <visible>Pvr.IsRecording + System.GetBool(pvrmanager.enabled) + !Skin.HasSetting(PVRhide)</visible>
        </item>
	    <item id="444">
            <thumb>icons/sio2/epg.png</thumb>
            <label>LiveTV Guide</label>
            <property name="color">$VAR[darkblue]</property>
            <onclick>ActivateWindow(tvguide)</onclick>
            <visible>Skin.HasSetting(EPGhide)</visible>
        </item>
	    <item id="445">
            <thumb>icons/sio2/epg.png</thumb>
            <label>LiveTV Channels</label>
            <property name="color">$VAR[green]</property>
            <onclick>ActivateWindow(tvchannels)</onclick>
            <visible>Skin.HasSetting(TVCHANNELhide)</visible>
        </item>		
        <item id="601" description="Custom Fvourite">
          <visible>!IsEmpty(Skin.String(HomeFav.1.Label))</visible>
          <thumb>$INFO[Skin.String(HomeFav.1.Icon)]</thumb>
          <label>$INFO[Skin.String(HomeFav.1.Label)]</label>
          <property name="color">$VAR[purple]</property>
          <onclick>$INFO[Skin.String(HomeFav.1.Path)]</onclick>
        </item>
        <item id="405" description="Custom addon">
          <visible>!IsEmpty(Skin.String(HomeAddon.1.Label))</visible>
          <thumb>$INFO[Skin.String(HomeAddon.1.Icon)]</thumb>
          <label2>$INFO[system.addonicon(Skin.String(HomeAddon.1.label))]</label2>
          <label>$INFO[system.addonTitle(Skin.String(HomeAddon.1.Label))]</label>
          <property name="color">$VAR[darkblue]</property>
          <onclick>RunAddon($INFO[Skin.String(HomeAddon.1.Label)])</onclick>
        </item>		
        <item id="602" description="Custom Fvourite">
          <visible>!IsEmpty(Skin.String(HomeFav.2.Label))</visible>
          <thumb>$INFO[Skin.String(HomeFav.2.Icon)]</thumb>
          <label>$INFO[Skin.String(HomeFav.2.Label)]</label>
          <property name="color">$VAR[red]</property>
          <onclick>$INFO[Skin.String(HomeFav.2.Path)]</onclick>
        </item>
        <item id="406" description="Custom addon">
          <visible>!IsEmpty(Skin.String(HomeAddon.2.Label))</visible>
          <thumb>$INFO[Skin.String(HomeAddon.2.Icon)]</thumb>
          <label2>$INFO[system.addonicon(Skin.String(HomeAddon.2.label))]</label2>
          <label>$INFO[system.addonTitle(Skin.String(HomeAddon.2.Label))]</label>
          <property name="color">$VAR[bluegray]</property>
          <onclick>RunAddon($INFO[Skin.String(HomeAddon.2.Label)])</onclick>
        </item>		
        <item id="603" description="Custom Fvourite">
          <visible>!IsEmpty(Skin.String(HomeFav.3.Label))</visible>
          <thumb>$INFO[Skin.String(HomeFav.3.Icon)]</thumb>
          <label>$INFO[Skin.String(HomeFav.3.Label)]</label>
          <property name="color">$VAR[green]</property>
          <onclick>$INFO[Skin.String(HomeFav.3.Path)]</onclick>
        </item>		
        <item id="505" description="Custom addon">
          <visible>!IsEmpty(Skin.String(HomeAddon.3.Label))</visible>
          <thumb>$INFO[Skin.String(HomeAddon.3.Icon)]</thumb>
          <label2>$INFO[system.addonicon(Skin.String(HomeAddon.3.label))]</label2>
          <label>$INFO[system.addonTitle(Skin.String(HomeAddon.3.Label))]</label>
          <property name="color">$VAR[dvdcolor]</property>
          <onclick>RunAddon($INFO[Skin.String(HomeAddon.3.Label)])</onclick>
        </item>		
        <item id="604" description="Custom Fvourite">
          <visible>!IsEmpty(Skin.String(HomeFav.4.Label))</visible>
          <thumb>$INFO[Skin.String(HomeFav.4.Icon)]</thumb>
          <label>$INFO[Skin.String(HomeFav.4.Label)]</label>
          <property name="color">$VAR[orange]</property>
          <onclick>$INFO[Skin.String(HomeFav.4.Path)]</onclick>
        </item>
        <item id="506" description="Custom addon">
          <visible>!IsEmpty(Skin.String(HomeAddon.4.Label))</visible>
          <thumb>$INFO[Skin.String(HomeAddon.4.Icon)]</thumb>
          <label2>$INFO[system.addonicon(Skin.String(HomeAddon.4.label))]</label2>
          <label>$INFO[system.addonTitle(Skin.String(HomeAddon.4.Label))]</label>
          <property name="color">$VAR[lightblue]</property>
          <onclick>RunAddon($INFO[Skin.String(HomeAddon.4.Label)])</onclick>
        </item>		
        <item id="605" description="Custom Fvourite">
          <visible>!IsEmpty(Skin.String(HomeFav.5.Label))</visible>
          <thumb>$INFO[Skin.String(HomeFav.5.Icon)]</thumb>
          <label>$INFO[Skin.String(HomeFav.5.Label)]</label>
          <property name="color">$VAR[bluegray]</property>
          <onclick>$INFO[Skin.String(HomeFav.5.Path)]</onclick>
        </item>
        <item id="701" description="Custom addon">
          <visible>!IsEmpty(Skin.String(HomeAddon.5.Label))</visible>
          <thumb>$INFO[Skin.String(HomeAddon.5.Icon)]</thumb>
          <label2>$INFO[system.addonicon(Skin.String(HomeAddon.5.label))]</label2>
          <label>$INFO[system.addonTitle(Skin.String(HomeAddon.5.Label))]</label>
          <property name="color">$VAR[green]</property>
          <onclick>RunAddon($INFO[Skin.String(HomeAddon.5.Label)])</onclick>
        </item>		
        <item id="606" description="Custom Fvourite">
          <visible>!IsEmpty(Skin.String(HomeFav.6.Label))</visible>
          <thumb>$INFO[Skin.String(HomeFav.6.Icon)]</thumb>
          <label>$INFO[Skin.String(HomeFav.6.Label)]</label>
          <property name="color">$VAR[dvdcolor]</property>
          <onclick>$INFO[Skin.String(HomeFav.6.Path)]</onclick>
        </item>		
        <item id="702" description="Custom addon">
          <visible>!IsEmpty(Skin.String(HomeAddon.6.Label))</visible>
          <thumb>$INFO[Skin.String(HomeAddon.6.Icon)]</thumb>
          <label2>$INFO[system.addonicon(Skin.String(HomeAddon.6.label))]</label2>
          <label>$INFO[system.addonTitle(Skin.String(HomeAddon.6.Label))]</label>
          <property name="color">$VAR[orange]</property>
          <onclick>RunAddon($INFO[Skin.String(HomeAddon.6.Label)])</onclick>		
        </item>		
	    <item id="401" description="Custom Fvourite">
          <visible>!IsEmpty(Skin.String(HomeFav.7.Label))</visible>
          <thumb>$INFO[Skin.String(HomeFav.7.Icon)]</thumb>
          <label>$INFO[Skin.String(HomeFav.7.Label)]</label>
          <property name="color">$VAR[lightblue]</property>
          <onclick>$INFO[Skin.String(HomeFav.7.Path)]</onclick>
        </item>
        <item id="901" description="Custom addon">
          <visible>!IsEmpty(Skin.String(HomeAddon.7.Label))</visible>
          <thumb>$INFO[Skin.String(HomeAddon.7.Icon)]</thumb>
          <label2>$INFO[system.addonicon(Skin.String(HomeAddon.7.label))]</label2>
          <label>$INFO[system.addonTitle(Skin.String(HomeAddon.7.Label))]</label>
          <property name="color">$VAR[purple]</property>
          <onclick>RunAddon($INFO[Skin.String(HomeAddon.7.Label)])</onclick>
        </item>		
        <item id="402" description="Custom Fvourite">
          <visible>!IsEmpty(Skin.String(HomeFav.8.Label))</visible>
          <thumb>$INFO[Skin.String(HomeFav.8.Icon)]</thumb>
          <label>$INFO[Skin.String(HomeFav.8.Label)]</label>
          <property name="color">$VAR[darkblue]</property>
          <onclick>$INFO[Skin.String(HomeFav.8.Path)]</onclick>
        </item>
	        <item id="902" description="Custom addon">
          <visible>!IsEmpty(Skin.String(HomeAddon.8.Label))</visible>
          <thumb>$INFO[Skin.String(HomeAddon.8.Icon)]</thumb>
          <label2>$INFO[system.addonicon(Skin.String(HomeAddon.8.label))]</label2>
          <label>$INFO[system.addonTitle(Skin.String(HomeAddon.8.Label))]</label>
          <property name="color">$VAR[red]</property>
          <onclick>RunAddon($INFO[Skin.String(HomeAddon.8.Label)])</onclick>
        </item>	
        <item id="403" description="Custom Fvourite">
          <visible>!IsEmpty(Skin.String(HomeFav.9.Label))</visible>
          <thumb>$INFO[Skin.String(HomeFav.9.Icon)]</thumb>
          <label>$INFO[Skin.String(HomeFav.9.Label)]</label>
          <property name="color">$VAR[orange]</property>
          <onclick>$INFO[Skin.String(HomeFav.9.Path)]</onclick>
        </item>
        <item id="903" description="Custom addon">
          <visible>!IsEmpty(Skin.String(HomeAddon.9.Label))</visible>
          <thumb>$INFO[Skin.String(HomeAddon.9.Icon)]</thumb>
          <label2>$INFO[system.addonicon(Skin.String(HomeAddon.9.label))]</label2>
          <label>$INFO[system.addonTitle(Skin.String(HomeAddon.9.Label))]</label>
          <property name="color">$VAR[lightblue]</property>
          <onclick>RunAddon($INFO[Skin.String(HomeAddon.9.Label)])</onclick>
        </item>					
        <item id="404" description="Custom Fvourite">
          <visible>!IsEmpty(Skin.String(HomeFav.10.Label))</visible>
          <thumb>$INFO[Skin.String(HomeFav.10.Icon)]</thumb>
          <label>$INFO[Skin.String(HomeFav.10.Label)]</label>
          <property name="color">$VAR[purple]</property>
          <onclick>$INFO[Skin.String(HomeFav.10.Path)]</onclick>
        </item>
        <item id="904" description="Custom addon">
          <visible>!IsEmpty(Skin.String(HomeAddon.10.Label))</visible>
          <thumb>$INFO[Skin.String(HomeAddon.10.Icon)]</thumb>
          <label2>$INFO[system.addonicon(Skin.String(HomeAddon.10.label))]</label2>
          <label>$INFO[system.addonTitle(Skin.String(HomeAddon.10.Label))]</label>
          <property name="color">$VAR[darkblue]</property>
          <onclick>RunAddon($INFO[Skin.String(HomeAddon.10.Label)])</onclick>
        </item>				
        <item id="501" description="Custom Fvourite">
          <visible>!IsEmpty(Skin.String(HomeFav.11.Label))</visible>
          <thumb>$INFO[Skin.String(HomeFav.11.Icon)]</thumb>
          <label>$INFO[Skin.String(HomeFav.11.Label)]</label>
          <property name="color">$VAR[red]</property>
          <onclick>$INFO[Skin.String(HomeFav.11.Path)]</onclick>
        </item>
        <item id="905" description="Custom addon">
          <visible>!IsEmpty(Skin.String(HomeAddon.11.Label))</visible>
          <thumb>$INFO[Skin.String(HomeAddon.11.Icon)]</thumb>
          <label2>$INFO[system.addonicon(Skin.String(HomeAddon.11.label))]</label2>
          <label>$INFO[system.addonTitle(Skin.String(HomeAddon.11.Label))]</label>
          <property name="color">$VAR[bluegray]</property>
          <onclick>RunAddon($INFO[Skin.String(HomeAddon.11.Label)])</onclick>
        </item>				
        <item id="502" description="Custom Fvourite">
          <visible>!IsEmpty(Skin.String(HomeFav.12.Label))</visible>
          <thumb>$INFO[Skin.String(HomeFav.12.Icon)]</thumb>
          <label>$INFO[Skin.String(HomeFav.12.Label)]</label>
          <property name="color">$VAR[green]</property>
          <onclick>$INFO[Skin.String(HomeFav.12.Path)]</onclick>
        </item>
        <item id="906" description="Custom addon">
          <visible>!IsEmpty(Skin.String(HomeAddon.12.Label))</visible>
          <thumb>$INFO[Skin.String(HomeAddon.12.Icon)]</thumb>
          <label2>$INFO[system.addonicon(Skin.String(HomeAddon.12.label))]</label2>
          <label>$INFO[system.addonTitle(Skin.String(HomeAddon.12.Label))]</label>
          <property name="color">$VAR[dvdcolor]</property>
          <onclick>RunAddon($INFO[Skin.String(HomeAddon.12.Label)])</onclick>		
        </item>
        <item id="801" description="Custom script">
            <visible>!IsEmpty(Skin.String(HomeAddon.13.Label)) + IsEmpty(Skin.String(HomeAddon.13.Icon))</visible>
            <thumb>$INFO[system.addonicon(Skin.String(HomeAddon.13.label))]</thumb>
            <label>$INFO[system.addonTitle(Skin.String(HomeAddon.13.Label))]</label>
            <property name="color">$VAR[darkblue]</property>
            <onclick>RunAddon($INFO[Skin.String(HomeAddon.13.Label)])</onclick>
        </item>
        <item id="801" description="Custom script">
            <visible>!IsEmpty(Skin.String(HomeAddon.13.Label)) + !IsEmpty(Skin.String(HomeAddon.13.Icon))</visible>
            <thumb>$INFO[Skin.String(HomeAddon.13.Icon)]</thumb>
            <label>$INFO[system.addonTitle(Skin.String(HomeAddon.13.Label))]</label>
            <property name="color">$VAR[darkblue]</property>
            <onclick>RunAddon($INFO[Skin.String(HomeAddon.13.Label)])</onclick>
        </item>
        <item id="802" description="Custom script">
            <visible>!IsEmpty(Skin.String(HomeAddon.14.Label)) + IsEmpty(Skin.String(HomeAddon.14.Icon))</visible>
            <thumb>$INFO[system.addonicon(Skin.String(HomeAddon.14.label))]</thumb>
            <label>$INFO[system.addonTitle(Skin.String(HomeAddon.14.Label))]</label>
            <property name="color">$VAR[red]</property>
            <onclick>RunAddon($INFO[Skin.String(HomeAddon.14.Label)])</onclick>
        </item>
        <item id="802" description="Custom script">
            <visible>!IsEmpty(Skin.String(HomeAddon.14.Label)) + !IsEmpty(Skin.String(HomeAddon.14.Icon))</visible>
            <thumb>$INFO[Skin.String(HomeAddon.14.Icon)]</thumb>
            <label>$INFO[system.addonTitle(Skin.String(HomeAddon.14.Label))]</label>
            <property name="color">$VAR[red]</property>
            <onclick>RunAddon($INFO[Skin.String(HomeAddon.14.Label)])</onclick>
        </item>
        <item id="803" description="Custom script">
            <visible>!IsEmpty(Skin.String(HomeAddon.15.Label)) + IsEmpty(Skin.String(HomeAddon.15.Icon))</visible>
            <thumb>$INFO[system.addonicon(Skin.String(HomeAddon.15.label))]</thumb>
            <label>$INFO[system.addonTitle(Skin.String(HomeAddon.15.Label))]</label>
            <property name="color">$VAR[green]</property>
            <onclick>RunAddon($INFO[Skin.String(HomeAddon.15.Label)])</onclick>
        </item>
        <item id="803" description="Custom script">
            <visible>!IsEmpty(Skin.String(HomeAddon.15.Label)) + !IsEmpty(Skin.String(HomeAddon.15.Icon))</visible>
            <thumb>$INFO[Skin.String(HomeAddon.15.Icon)]</thumb>
            <label>$INFO[system.addonTitle(Skin.String(HomeAddon.15.Label))]</label>
            <property name="color">$VAR[green]</property>
            <onclick>RunAddon($INFO[Skin.String(HomeAddon.15.Label)])</onclick>
        </item>
        <item id="804" description="Custom script">
            <visible>!IsEmpty(Skin.String(HomeAddon.16.Label)) + IsEmpty(Skin.String(HomeAddon.16.Icon))</visible>
            <thumb>$INFO[system.addonicon(Skin.String(HomeAddon.16.label))]</thumb>
            <label>$INFO[system.addonTitle(Skin.String(HomeAddon.16.Label))]</label>
            <property name="color">$VAR[bluegray]</property>
            <onclick>RunAddon($INFO[Skin.String(HomeAddon.16.Label)])</onclick>
        </item>
        <item id="804" description="Custom script">
            <visible>!IsEmpty(Skin.String(HomeAddon.16.Label)) + !IsEmpty(Skin.String(HomeAddon.16.Icon))</visible>
            <thumb>$INFO[Skin.String(HomeAddon.16.Icon)]</thumb>
            <label>$INFO[system.addonTitle(Skin.String(HomeAddon.16.Label))]</label>
            <property name="color">$VAR[bluegray]</property>
            <onclick>RunAddon($INFO[Skin.String(HomeAddon.16.Label)])</onclick>
        </item>
        <item id="805" description="Custom script">
            <visible>!IsEmpty(Skin.String(HomeAddon.17.Label)) + IsEmpty(Skin.String(HomeAddon.17.Icon))</visible>
            <thumb>$INFO[system.addonicon(Skin.String(HomeAddon.17.label))]</thumb>
            <label>$INFO[system.addonTitle(Skin.String(HomeAddon.17.Label))]</label>
            <property name="color">$VAR[dvdcolor]</property>
            <onclick>RunAddon($INFO[Skin.String(HomeAddon.17.Label)])</onclick>
        </item>
        <item id="805" description="Custom script">
            <visible>!IsEmpty(Skin.String(HomeAddon.17.Label)) + !IsEmpty(Skin.String(HomeAddon.17.Icon))</visible>
            <thumb>$INFO[Skin.String(HomeAddon.17.Icon)]</thumb>
            <label>$INFO[system.addonTitle(Skin.String(HomeAddon.17.Label))]</label>
            <property name="color">$VAR[dvdcolor]</property>
            <onclick>RunAddon($INFO[Skin.String(HomeAddon.17.Label)])</onclick>
        </item>
        <item id="806" description="Custom script">
            <visible>!IsEmpty(Skin.String(HomeAddon.18.Label)) + IsEmpty(Skin.String(HomeAddon.13.Icon))</visible>
            <thumb>$INFO[system.addonicon(Skin.String(HomeAddon.18.label))]</thumb>
            <label>$INFO[system.addonTitle(Skin.String(HomeAddon.18.Label))]</label>
            <property name="color">$VAR[teak]</property>
            <onclick>RunAddon($INFO[Skin.String(HomeAddon.18.Label)])</onclick>
        </item>
        <item id="806" description="Custom script">
            <visible>!IsEmpty(Skin.String(HomeAddon.18.Label)) + !IsEmpty(Skin.String(HomeAddon.18.Icon))</visible>
            <thumb>$INFO[Skin.String(HomeAddon.18.Icon)]</thumb>
            <label>$INFO[system.addonTitle(Skin.String(HomeAddon.18.Label))]</label>
            <property name="color">$VAR[teak]</property>
            <onclick>RunAddon($INFO[Skin.String(HomeAddon.18.Label)])</onclick>
        </item>
        <!--<item id="346"> THIS IS EMPTY WINDOW 1113 IS FREE-->
        <!--<visible></visible>-->
        <!--<thumb>icons/sio2/watchlist.png</thumb>-->
        <!--<label></label>-->
        <!--<property name="color">$VAR[dvdcolor]</property>-->
        <!--<onclick>ActivateWindow(1113)</onclick>-->
        <!--</item>-->
        <item id="350">
            <visible>!Skin.HasSetting(hideprog)</visible>
            <thumb>icons/sio2/program.png</thumb>
            <label>0</label>
            <property name="color">$VAR[progcolor]</property>
            <onclick>ActivateWindow(Programs,Addons)</onclick>
        </item>
        <item id="347">
            <visible>!Skin.HasSetting(hideSources)</visible>
            <thumb>icons/sio2/sources.png</thumb>
            <label>20094</label>
            <property name="color">$VAR[darkblue]</property>
            <onclick>activatewindow(1115)</onclick>
        </item>
        <item id="353">
            <visible>!Skin.HasSetting(hidebro)</visible>
            <thumb>icons/sio2/browser.png</thumb>
            <label>7</label>
            <property name="color">$VAR[lightyellow]</property>
            <onclick>ActivateWindow(3)</onclick>
        </item>
<!-- HOMEPAGE CUSTOMIZER - SKIN SETTINGS -->	
        <item id="357">
          <visible>Skin.HasSetting(hidecustomizer)</visible>
          <thumb>icons/sio2/customizer.png</thumb>		  
          <label>HomeCustomizer</label>
          <property name="color">$VAR[pink]</property>
          <onclick>ActivateWindow(1117)</onclick>
        </item>		
        <item id="359">
          <visible>!Skin.HasSetting(hideskinsettings)</visible>
          <thumb>icons/sio2/skinsettings.png</thumb>		  
          <label>Skin Settings</label>
          <property name="color">$VAR[darkblue]</property>		  
          <onclick>Activatewindow(SkinSettings)</onclick>
        </item>	
<!-- HOMEPAGE CUSTOMIZER - SKIN SETTINGS END -->
        <item id="360">
          <visible>Skin.HasSetting(hideprofiles)</visible>
            <thumb>icons/sio2/profiles.png</thumb>		  
          <label>Profiles</label>
          <property name="color">$VAR[darkorange]</property>		  
          <onclick>ActivateWindow(Profiles)</onclick>
        </item>		
        <item id="361">
          <visible>Skin.HasSetting(hideicontheme)</visible>
           <thumb>icons/sio2/icontheme.png</thumb>		  
          <label>Icon Theme</label>
          <property name="color">$VAR[dvdcolor]</property>		  
          <onclick>ActivateWindow(1142)</onclick>
        </item>		
        <item id="354">
            <visible>![System.Platform.ios | System.Platform.atv2]</visible>
            <visible>!Skin.HasSetting(XBMC3)</visible>
            <visible>System.HasMediadvd</visible>
            <thumb>icons/sio2/DVD.png</thumb>
            <label>$INFO[System.DVDLabel]</label>
            <property name="color">$VAR[dvdcolor]</property>
            <onclick>ActivateWindow(1112)</onclick>
        </item>
        <item id="348">
            <visible>!Skin.HasSetting(hidesett)</visible>
            <thumb>icons/sio2/settings.png</thumb>
            <label>5</label>
            <property name="color">$VAR[bluegray]</property>
            <onclick>ActivateWindow(1120)</onclick>
        </item>
        <item id="349">
            <visible>Player.HasMedia</visible>
            <thumb>icons/sio2/full.png</thumb>
            <label>31064</label>
            <property name="color">$VAR[green3]</property>
            <onclick condition="Player.HasMedia">Fullscreen</onclick>
        </item>
        <item id="349">
            <visible>!Player.HasMedia + Skin.HasSetting(quitter) + !Skin.HasSetting(hidesett) + !Skin.HasSetting(hidepower)</visible>
            <thumb>icons/sio2/quits.png</thumb>
            <label>351</label>
            <property name="color">$VAR[darkblue]</property>
            <onclick condition="StringCompare(Skin.String(shutdown),quit)">XBMC.quit()</onclick>
            <onclick condition="StringCompare(Skin.String(shutdown),powerdown)">XBMC.powerdown()</onclick>
            <onclick condition="StringCompare(Skin.String(shutdown),hibernate)">XBMC.hibernate()</onclick>
            <onclick condition="StringCompare(Skin.String(shutdown),suspend)">XBMC.suspend()</onclick>
            <onclick condition="StringCompare(Skin.String(shutdown),reboot)">XBMC.reboot()</onclick>
        </item>
        <item id="349">
            <visible>!Player.HasMedia + !Skin.HasSetting(quitter) + !Skin.HasSetting(hidesett) + !Skin.HasSetting(hidepower)</visible>
            <thumb>icons/sio2/quits.png</thumb>
            <label>351</label>
            <property name="color">$VAR[darkblue]</property>
            <onclick>ActivateWindow(shutdownmenu)</onclick>
        </item>
        <item id="349">
            <visible>!Player.HasMedia + Skin.HasSetting(hidesett) + !Skin.HasSetting(hidepower)</visible>
            <thumb>icons/sio2/quits.png</thumb>
            <label>351</label>
            <property name="color">$VAR[darkblue]</property>
            <onclick>ActivateWindow(shutdownmenu)</onclick>
        </item>
                </content>
			</control>				
<!--       ICON SETTINGS END        -->

<!--       RSS BEGIN        -->

			
            <control type="group" description="Furniture">
                <animation condition="![Container(9000).Row(0)]" effect="slide" start="0,0" end="0,-800" time="220">Conditonal</animation> 
                
	        <!--control type="image" description="Line">
	            	<visible>!Skin.HasSetting(homerss) + [!Player.HasVideo | Skin.HasSetting(homevidpreview)]</visible>	
                    <visible>![Container(9000).Row(2) | Container(9000).Row(3) | Container(9000).Row(4) | Container(9000).Row(5) | Container(9000).Row(6) | Container(9000).Row(7) | Container(9000).Row(8) | Container(9000).Row(9) | Container(9000).Row(10) | Container(9000).Row(11)]</visible>						    <posx>6</posx>
                    <top>3</top>
                    <width>1890</width>
                    <height>1</height>
                    <aspectratio>stretch</aspectratio>
                    <texture colordiffuse="$VAR[diffuselines]">lines/Line1.png</texture>
                </control-->
                <!--control type="image" description="Line">				
	            	<visible>!Skin.HasSetting(homerss) + [!Player.HasVideo | Skin.HasSetting(homevidpreview)]</visible>	
                    <visible>![Container(9000).Row(2) | Container(9000).Row(3) | Container(9000).Row(4) | Container(9000).Row(5) | Container(9000).Row(6) | Container(9000).Row(7) | Container(9000).Row(8) | Container(9000).Row(9) | Container(9000).Row(10) | Container(9000).Row(11)]</visible>						    <posx>6</posx>
                    <top>44</top>
                    <width>1890</width>
                    <height>1</height>
                    <aspectratio>stretch</aspectratio>
                    <texture colordiffuse="$VAR[diffuselines]">lines/Line1.png</texture>
                </control-->				
                <control type="rss" description="RSS Feed Top">
                    <visible>system.getbool(lookandfeel.enablerssfeeds)</visible>
	            	<visible>!Skin.HasSetting(homerss) + [!Player.HasVideo | Skin.HasSetting(homevidpreview)]</visible>
                    <visible>![Container(9000).Row(4) | Container(9000).Row(5) | Container(9000).Row(6) | Container(9000).Row(7) | Container(9000).Row(8) | Container(9000).Row(9) | Container(9000).Row(10) | Container(9000).Row(11)]</visible>			    <include>OpenClose</include>
		    <posx>62</posx>
                    <top>4</top>
                    <width>1800</width>
                    <height>10</height>
                    <font>size28</font>
                    <urlset>1</urlset>
                    <shadowcolor>-</shadowcolor>
                    <titlecolor>rsscolor</titlecolor>
                    <headlinecolor>rsscolor</headlinecolor>
                    <textcolor>rsscolor</textcolor>
                </control>
		<control type="image" description="Line">
	            	<visible>Skin.HasSetting(homerss) + [!Player.HasVideo | Skin.HasSetting(homevidpreview)]</visible>	
                    <visible>![Container(9000).Row(2) | Container(9000).Row(3) | Container(9000).Row(4) | Container(9000).Row(5) | Container(9000).Row(6) | Container(9000).Row(7) | Container(9000).Row(8) | Container(9000).Row(9) | Container(9000).Row(10) | Container(9000).Row(11)]</visible>									
                    <posx>6</posx>
                    <top>583</top>
                    <width>1890</width>
                    <height>1</height>
                    <aspectratio>stretch</aspectratio>
                    <texture colordiffuse="$VAR[diffuselines]">lines/Line1.png</texture>
                </control>
                <control type="image" description="Line">				
	            	<visible>Skin.HasSetting(homerss) + [!Player.HasVideo | Skin.HasSetting(homevidpreview)]</visible>	
                    <visible>![Container(9000).Row(2) | Container(9000).Row(3) | Container(9000).Row(4) | Container(9000).Row(5) | Container(9000).Row(6) | Container(9000).Row(7) | Container(9000).Row(8) | Container(9000).Row(9) | Container(9000).Row(10) | Container(9000).Row(11)]</visible>									
                    <posx>6</posx>
                    <top>624</top>
                    <width>1890</width>
                    <height>1</height>
                    <aspectratio>stretch</aspectratio>
                    <texture colordiffuse="$VAR[diffuselines]">lines/Line1.png</texture>
                </control>				
				</control>
				<control type="rss" description="RSS Feed Bottom">
					<visible>system.getbool(lookandfeel.enablerssfeeds)</visible>
	            	<visible>Skin.HasSetting(homerss) + [!Player.HasVideo | Skin.HasSetting(homevidpreview)]</visible>
		    <animation condition="![Container(9000).Row(0)]" effect="slide" start="0,0" end="0,-800" time="220">Conditonal</animation> 
                    <visible>![Container(9000).Row(2) | Container(9000).Row(3) | Container(9000).Row(4) | Container(9000).Row(5) | Container(9000).Row(6) | Container(9000).Row(7) | Container(9000).Row(8) | Container(9000).Row(9) | Container(9000).Row(10) | Container(9000).Row(11)]</visible>				
                    <include>OpenClose</include>
                    <posx>62</posx>
		    <top>584</top>
                    <width>1800</width>
                    <height>10</height>
                    <font>size28</font>
                    <urlset>1</urlset>
                    <shadowcolor>-</shadowcolor>
                    <titlecolor>rsscolor</titlecolor>
                    <headlinecolor>rsscolor</headlinecolor>
                    <textcolor>rsscolor</textcolor>
                </control>												
				<control type="image" description="homeshader">
					<visible>Skin.HasSetting(homeshader) + !IsEmpty(Skin.String(CustomBgHomeMAIN))</visible>
					<width>1920</width>
					<height>1082</height>
					<texture colordiffuse="$VAR[diffusehome]" diffuse="Shades/homeshader.png">$VAR[bgimghome]</texture>
					<aspectratio>scale</aspectratio>
				</control>					
				<control type="image" description="homeshader">
					<visible>Skin.HasSetting(homeshader) + IsEmpty(Skin.String(CustomBgHomeMAIN))</visible>
					<width>1920</width>
					<height>1082</height>
					<texture colordiffuse="black">Shades/homeshader.png</texture>
					<aspectratio>stretch</aspectratio>
				</control>
        <control type="image">
            <animation condition="!Container(9000).Row(0)" effect="slide" start="0,0" end="0,-629" time="220">Conditonal</animation>
            <centertop>745</centertop>
            <centerleft>210</centerleft>
            <width>317</width>
            <height>184</height>
            <texture>icons/sio2/atvslider.png</texture>
            <aspectratio>stretch</aspectratio>
            <animation condition="Container(9000).Column(0)" effect="slide" end="0,0" time="200">Conditional</animation>
            <animation condition="Container(9000).Column(1)" effect="slide" end="376,0" time="200">Conditional</animation>
            <animation condition="Container(9000).Column(2)" effect="slide" end="752,0" time="200">Conditional</animation>
            <animation condition="Container(9000).Column(3)" effect="slide" end="1128,0" time="200">Conditional</animation>
            <animation condition="Container(9000).Column(4)" effect="slide" end="1504,0" time="200">Conditional</animation>
            <animation condition="Container(9000).Row(0)" effect="slide" end="0,0" time="200">Conditional</animation>
            <animation condition="Container(9000).Row(1)" effect="slide" end="0,276" time="200">Conditional</animation>
            <animation condition="Container(9000).Row(2)" effect="slide" end="0,552" time="200">Conditional</animation>
            <animation condition="Container(9000).Row(3)" effect="slide" end="0,828" time="200">Conditional</animation>
            <animation condition="Container(9000).Row(4)" effect="slide" end="0,279" time="200">Conditional</animation>
            <animation condition="Container(9000).Row(5)" effect="slide" end="0,554" time="200">Conditional</animation>
            <animation condition="Container(9000).Row(6)" effect="slide" end="0,831" time="200">Conditional</animation>			
            <!--<animation condition="!Control.HasFocus(9000)" effect="fade" start="100" end="0"  time="220">Conditional</animation>-->
        </control>				
            <control type="group" id="700" description="Shelf items">
				<!--visible>!Skin.HasSetting(hideshelf)</visible-->
				<visible>!Player.HasVideo</visible>
                <animation condition="![Container(9000).Row(0) | Container(9000).Row(1)]" effect="slide" start="0,0" end="0,-500" time="220">Conditonal</animation>
                <include>weather_shelf</include>							
				<include>Addon_Favorites1</include>				
                <include condition="!Skin.HasSetting(TVShelf_Watchlist)">TV_RA</include>
                <include condition="Skin.HasSetting(TVShelf_Watchlist)">TV_WL</include>
                <include condition="Skin.HasSetting(PicturesShelf_Custom)">Pictures_Shortcuts</include>
                <include condition="Skin.HasSetting(AddonsShelf_Custom)">Addons_Shortcuts</include>
                <include condition="Skin.HasSetting(hidetv) + Skin.HasSetting(hidemovie)">VAddons_Shortcuts</include>
                <include condition="System.HasAddon(script.tv.show.next.aired)">TV_NA</include>
                <include>Movies</include>
                <include>Music_RA</include>
							
                <include condition="!Skin.HasSetting(Favshelf1)">FAVSHELF1</include>
                <include condition="Skin.HasSetting(Favshelf1)">FAVSHELF2</include>				
							
                <control type="image" description="Logo">
                    <visible>![Control.IsVisible(303) | Control.IsVisible(302) | Control.IsVisible(301) | Control.IsVisible(321) | Control.IsVisible(318) | Control.IsVisible(316) | Control.IsVisible(311) | Control.IsVisible(312) | Control.IsVisible(319) | Control.IsVisible(313) | Control.IsVisible(315) | Control.IsVisible(314) | Container(9000).HasFocus(345) | Window.IsVisible(1190)]</visible>
		<animation condition="![Container(9000).Row(0)]" effect="slide" start="0,0" end="0,-500" time="220">Conditonal</animation>
                    <include>ShelfFade</include>
                    <width>1920</width>
                    <height>500</height>
                    <aspectratio aligny="bottom">keep</aspectratio>
                    <texture>$VAR[ShelfLogo]</texture>
                </control>
            </control>			
            <control type="group" id="700" description="Shelf items">
			    <visible>Skin.HasSetting(hideshelf)</visible>
                <animation condition="![Container(9000).Row(0) | Container(9000).Row(1)]" effect="slide" start="0,0" end="0,-500" time="220">Conditonal</animation>
            </control>						
        </control>
        <control type="group" description="Player Info">
            <visible>Player.HasAudio</visible>
            <visible>!IntegerGreaterThan(Player.Time,8) | !IntegerGreaterThan(Player.TimeRemaining,8)</visible>
            <animation effect="slide" tween="Sine" easing="Out" start="430,0" end="0,0" time="600" delay="200">VisibleChange</animation>
            <posx>1500</posx>
            <top>440</top>
            <control type="image" description="Playing BG">
                <width>430</width>
                <height>105</height>
                <texture border="20" colordiffuse="progressbg">images/progressbg.png</texture>
            </control>
            <control type="group">
                <control type="image">
                    <posx>18</posx>
                    <top>15</top>
                    <width>75</width>
                    <height>75</height>
                    <texture>$INFO[MusicPlayer.Cover]</texture>
                    <aspectratio>keep</aspectratio>
                </control>
                <control type="label">
                    <posx>110</posx>
                    <top>9</top>
                    <aligny>center</aligny>
                    <width>300</width>
                    <height>36</height>
                    <font>size24</font>
                    <textcolor>black</textcolor>
                    <label>$INFO[MusicPlayer.Title]</label>
                </control>
                <control type="label">
                    <posx>110</posx>
                    <top>36</top>
                    <aligny>center</aligny>
                    <width>300</width>
                    <height>36</height>
                    <font>size21</font>
                    <label>$INFO[MusicPlayer.Artist]</label>
                </control>
                <control type="label">
                    <posx>110</posx>
                    <top>60</top>
                    <aligny>center</aligny>
                    <width>300</width>
                    <height>36</height>
                    <font>size21</font>
                    <label>$INFO[MusicPlayer.Album]</label>
                </control>
            </control>
        </control>
        <control type="grouplist">
            <visible>[Container(9000).Row(0)] | Skin.HasSetting(hideshelf)</visible>
            <top>38</top>
            <right>55</right>
            <orientation>horizontal</orientation>
            <itemgap>15</itemgap>
            <align>right</align>
            <control type="label" description="Battery">
                <visible>IntegerGreaterThan(System.BatteryLevel,0) + !IntegerGreaterThan(System.BatteryLevel,20) + !Skin.HasSetting(hideconnection)</visible>
                <posx>35r</posx>
                <posy>30</posy>
                <width min="30" max="500">auto</width>
                <height>50</height>
                <font>size50B</font>
                <textcolor>$VAR[diffusetext]</textcolor>
                <label>$INFO[System.BatteryLevel] Batt.</label>
            </control>
            <control type="label" description="Clock">
                <visible>!Skin.HasSetting(HideClock)</visible>
				<width min="30" max="850">auto</width>
                <height>45</height>
                <font>size33</font>
                <label>$INFO[System.Time] $INFO[System.Date]</label>
            </control>
            <control type="image" description="WebLink">
                <visible>System.InternetState + Skin.HasSetting(hideconnection)</visible>
                <width>50</width>
                <height>50</height>
                <texture>wireless.png</texture>
                <aspectratio>scale</aspectratio>
            </control>		
            <control type="image">
				<visible>!Skin.HasSetting(HideClock)</visible>
                <width>35</width>
                <height>48</height>
                <texture colordiffuse="kodi">kodilogo.png</texture>
                <aspectratio>keep</aspectratio>
            </control>			
        </control>		
	<control type="group" description="Weather Top">	
		<visible>Skin.HasSetting(hideshelf)</visible>
        <control type="grouplist">
            <top>8</top>
            <left>28</left>
            <orientation>horizontal</orientation>
            <itemgap>5</itemgap>
            <align>left</align>		
            <control type="label">
                <width>150</width>
                <height>60</height>
                <align>left</align>
				<font>size60B</font>
                <label>[B]$INFO[Weather.Temperature][/B]</label>
            </control>			
            <control type="image" description="Weather Icon">
                <width>70</width>
                <height>70</height>
                <texture></texture>
                <aspectratio>scale</aspectratio>
            </control>			
            <control type="label">
                <width>1754</width>
                <height>62</height>
                <align>left</align>
				<font>size50B</font>
                <label>$INFO[Weather.Location]</label>
            </control>															
        </control>
		<control type="image" description="Weather Icon">
            <top>-2</top>
			<width>90</width>            
            <left>167</left>	
            <height>80</height>
            <texture>$INFO[Window(Weather).Property(Day0.OutlookIcon)]</texture>
            <aspectratio>scale</aspectratio>
        </control>		
	</control>
    </controls>
</window>
