<?xml version="1.0" encoding="UTF-8" standalone="yes"?>
<addon id="resource.images.tvOS-X" name="tvOS-X Images" version="0.0.2" provider-name="iCanuck">
	<extension point="kodi.resource.images" compile="true" type="studios" />
	<requires>
		<import addon="kodi.resource" version="1.0.0"/>
	</requires>
	<extension point="xbmc.addon.metadata">
		<summary lang="en">tvOS-X extra Images</summary>
		<description lang="en">tvOS-X extra Images</description>
		<platform>all</platform>
		<license></license>
	</extension>
</addon>
