<?xml version="1.0" encoding="UTF-8"?>
<colors>
	<color name="white">FFF1F1F1</color>
	<color name="grey">FFb4b4b4</color>
	<color name="grey2">FF999999</color>
	<color name="grey3">FF505050</color>
	<color name="black">FF000000</color>
	<color name="red">FFCE2221</color>
	<color name="blue">FF04AEDA</color>
	<color name="blue1">FF56ADDA</color>
	<color name="blue2">FF79B9D9</color>
	<color name="blue3">FF7ACAFE</color>
	<color name="blue3">FF56AAE6</color>
	<color name="blue5">FF44AAF3</color>
	<color name="purple">FFA939FF</color>
	<color name="purple1">FFBB19B9</color>
	<color name="selected">FF04AEDA</color>
	<color name="invalid">FFCE2221</color>
	<color name="osdinfo">FFd0d0d0</color>
	<color name="OSDColorsDiffuse">BBFFFFFF</color>  
	<color name="FanartDiffuse">22FFFFFF</color>
	<color name="33white">33FFFFFF</color>
	<color name="44white">44FFFFFF</color>
	<color name="55white">55FFFFFF</color>
	<color name="66white">66FFFFFF</color>
	<color name="77white">77FFFFFF</color>
	<color name="88white">88FFFFFF</color>
	<color name="99white">99FFFFFF</color>
	<color name="aawhite">AAFFFFFF</color>	
	<color name="bbwhite">BBFFFFFF</color>
	<color name="ccwhite">CCFFFFFF</color>	
	<color name="ddwhite">DDFFFFFF</color>	
	<color name="eewhite">EEFFFFFF</color>
	<color name="ccblack">CC000000</color>
	<color name="aagrey">AADDDDDD</color>
	<color name="bbgrey">BBDDDDDD</color>
	<color name="ccgrey">CCDDDDDD</color>
	<color name="ddgrey">DDDDDDDD</color>
	<color name="99grey">99DDDDDD</color>
	<color name="88grey">88DDDDDD</color>
	<color name="77grey">77DDDDDD</color>
	<color name="66grey">66DDDDDD</color>
	<color name="55grey">55DDDDDD</color>
	<color name="44grey">44DDDDDD</color>
	<color name="33grey">33DDDDDD</color>
	<color name="22grey">22DDDDDD</color>
</colors>