<?xml version="1.0" encoding="UTF-8"?>
<colors>
	<color name="white">FFF1F1F1</color>
	<color name="black">FF000000</color>
	<color name="red">FFCE2221</color>
	<color name="blue">FF56da59</color>
	<color name="blue0">FF42dc49</color>
	<color name="blue1">FF83fe7a</color>
	<color name="blue2">FF56e660</color>
	<color name="blue3">FF44f34c</color>
	<color name="blue5">FF44AAF3</color>	
	<color name="invalid">FFCE2221</color>	
	<color name="purple">FF56daa1</color>
	<color name="purple1">FF19bb9e</color>
	<color name="selected">FF59da56</color>
	<color name="osdinfo">FFd0d0d0</color>
 </colors>