<?xml version="1.0" encoding="UTF-8"?>
<colors>
	<color name="white">FFF1F1F1</color>
	<color name="black">FF000000</color>
	<color name="red">FFCE2221</color>
	<color name="blue">FFda56bd</color>
	<color name="blue1">FFfe7af0</color>
	<color name="blue2">FFe456e6</color>
	<color name="blue3">FFf344e5</color>
	<color name="blue5">FF44AAF3</color>	
	<color name="invalid">FFCE2221</color>	
	<color name="purple">FFd256da</color>
	<color name="purple1">FFBB19B9</color>
	<color name="selected">FFda56d8</color>
	<color name="osdinfo">FFd0d0d0</color>
</colors>