<?xml version="1.0" encoding="UTF-8"?>
<window id="29">
  <backgroundcolor>Background</backgroundcolor>
  <defaultcontrol always="true">52</defaultcontrol>
  <allowoverlay>no</allowoverlay>
  <include>OpenClose</include>
  <controls>
    <include>Background</include> 
    <control type="group">
      <top>75</top>
      <control type="fixedlist" id="52">
        <animation effect="slide" start="0,0" end="-225,0" time="0" condition="StringCompare(Container(52).NumItems,2)">conditional</animation>
        <left>285</left>
        <top>209</top>
        <width>1350</width>
        <height>450</height>
        <onleft>noop</onleft>
        <onright>noop</onright>
        <onup>noop</onup>
        <ondown>11</ondown>
        <pagecontrol>-</pagecontrol>
        <scrolltime>250</scrolltime>
        <focusposition>1</focusposition>
        <movement>1</movement>
        <orientation>horizontal</orientation>
        <itemlayout width="450" height="450">
		  <control type="image">
			<visible>!IsEmpty(ListItem.Icon)</visible>	  	
			<left>30</left>
			<top>10</top>
			<width>390</width>
			<height>370</height>
			<texture>shadow_circle.png</texture>
			<aspectratio>stretch</aspectratio>
		  </control>
          <control type="image">
            <left>75</left>
            <top>40</top>
            <width>300</width>
            <height>300</height>
            <aspectratio scalediffuse="false">scale</aspectratio>
            <texture background="true" diffuse="images/logindiffuse.png">$INFO[ListItem.Icon]</texture>
          </control>
        </itemlayout>
        <focusedlayout width="450" height="450">		
		 <control type="group">
		  <animation effect="zoom" start="100" end="110" time="200" center="auto" tween="Back" easing="Out">Focus</animation>
		  <animation effect="zoom" start="110" end="100" time="160" center="auto">unFocus</animation>
		  <control type="image">
			<visible>!IsEmpty(ListItem.Icon)</visible>	  		
			<animation effect="fade" start="0" end="100" time="100" delay="10">Focus</animation>
			<animation effect="fade" start="100" end="0" time="100">unFocus</animation>					
			<left>55</left>
			<top>80</top>
			<width>340</width>
			<height>350</height>
			<texture>shadow_sphere.png</texture>
			<aspectratio>stretch</aspectratio>
		  </control>		  
		  <control type="image">
			<visible>!IsEmpty(ListItem.Icon)</visible>	  	
			<left>30</left>
			<top>10</top>
			<width>390</width>
			<height>370</height>
			<texture>shadow_circle.png</texture>
			<aspectratio>stretch</aspectratio>
		  </control>		  		  
          <control type="image">
            <left>75</left>
            <top>40</top>
            <width>300</width>
            <height>300</height>
            <aspectratio scalediffuse="false">scale</aspectratio>
            <texture background="true" diffuse="images/logindiffuse.png">$INFO[ListItem.Icon]</texture>
          </control>
		 </control>
        </focusedlayout>
      </control>
      <!--control type="image">
        <visible>Control.HasFocus(52)</visible>
        <animation effect="fade" time="300">VisibleChange</animation>
        <left>797</left>
        <top>236</top>
        <width>326</width>
        <height>326</height>
        <aspectratio>stretch</aspectratio>
        <texture>images/LoginSlider.png</texture>
        <animation effect="slide" start="0,0" end="-225,0" time="0" condition="StringCompare(Container(52).NumItems,2)">conditional</animation>
        <animation type="Conditional" condition="Container(52).Position(0)">
          <effect type="slide" start="0,0" end="-450,0" center="auto" time="200" reversible="true" />
        </animation>
        <animation type="Conditional" condition="Container(52).Position(1)">
          <effect type="slide" start="0,0" end="0,0" center="auto" time="200" reversible="true" />
        </animation>
        <animation type="Conditional" condition="Container(52).Position(2)">
          <effect type="slide" start="0,0" end="450,0" center="auto" time="200" reversible="true" />
        </animation>
      </control-->
    </control>
    <control type="group" description="Labels and button">
      <left>0</left>
      <top>696</top>
      <control type="label" description="label 1">
        <left>0</left>
        <top>30</top>
        <height>45</height>
        <width>1920</width>
        <align>center</align>
        <font>size42</font>
        <textcolor>textcolor2</textcolor>
		<shadowcolor>-</shadowcolor>
        <label>$INFO[ListItem.Label]</label>
      </control>
      <control type="label" description="Label 2">
        <left>0</left>
        <top>69</top>
        <width>1920</width>
        <font>size27</font>
        <align>center</align>
        <textcolor>Grey</textcolor>
        <label>$INFO[ListItem.Label2]</label>
      </control>  
      <control type="button" id="11" description="Quit xbmc">
        <centerleft>960</centerleft>
        <top>255</top>
        <width>200</width>
        <height>90</height>
        <onup>52</onup>
        <ondown>52</ondown>
        <onleft>Control.Move(52,-1)</onleft>
        <onleft>52</onleft>
        <onright>Control.Move(52,1)</onright>
        <onright>52</onright>
		<font>Size36</font>
        <onclick>XBMC.Quit</onclick>
        <label>$LOCALIZE[13009]</label>
      </control> 
    </control>
    <include>Header</include>
  </controls>
</window>
