<?xml version="1.0" encoding="UTF-8"?>
<window id="501">
  <defaultcontrol always="true">50</defaultcontrol>
  <allowoverlay>no</allowoverlay>
  <controls>
    <include>Background</include>
    <control type="group" description="50 List">
      <visible>Control.IsVisible(50)</visible>
      <include>left_Panel_square</include>
      <control type="group">
        <include>SlimListItemCount</include>
        <left>1020</left>
        <top>131</top>
        <include>SlimListSlider</include>
        <control type="fixedlist" id="50">
          <visible>!container.content(addons)</visible>
          <left>0</left>
          <top>0</top>
          <width>802</width>
          <height>891</height>
          <onleft condition="!Skin.HasSetting(ViewsMenuOff)">9000</onleft>
          <onright condition="Skin.HasSetting(Scrollbars_Active)">60</onright>
          <onup>50</onup>
          <ondown>50</ondown>
          <pagecontrol>60</pagecontrol>
          <viewtype label="535">List</viewtype>
          <focusposition>5</focusposition>
          <movement>5</movement>
          <preloaditems>4</preloaditems>
          <scrolltime tween="sine" easing="inout">280</scrolltime>
          <itemlayout width="802" height="81">		  
		    <control type="image">
                <height>70</height>
               <width>805</width>
               <include>right_listpanel_unfocused</include>
            </control>
            <include>Arrow</include>
            <control type="label" description="Main Label">
              <include>52MainLabel</include>
              <label>$INFO[ListItem.Label]</label>
            </control>
            <control type="label" description="Label 2">
              <include>52Label2</include>
              <label>$INFO[ListItem.Label2]</label>
            </control>
          </itemlayout>
          <focusedlayout width="802" height="81">		  
		  <control type="group">
                <animation effect="zoom" time="120" start="100" end="105" center="auto" tween="Back" easing="Out">Focus</animation>
            <control type="image">
                <top>12</top>
                <left>-50</left>
                <height>70</height>
                <width>905</width>
                <include>right_listpanel_focused_shadow</include>
            </control>
            <control type="image">
                <height>70</height>
                <width>805</width>
                <include>right_listpanel_focused</include>
            </control>		  		  
            <include>Arrow</include>
            <control type="label" description="Main Label">
              <include>52MainLabelFO</include>
              <label>$INFO[ListItem.Label]</label>
            </control>
            <control type="label" description="Label 2">
              <include>52Label2FO</include>
              <label>$INFO[ListItem.Label2]</label>
            </control>
	  	  </control>
          </focusedlayout>
        </control>
      </control>
      <control type="scrollbar" id="60">
		<visible>Skin.HasSetting(Scrollbars_Active)</visible>
        <left>51r</left>
        <top>147</top>
        <height>882</height>
        <onleft>50</onleft>
        <onright>noop</onright>
      </control>
      <include>MusicInfo</include>
    </control>
    <control type="group" description="51 fatList Addons">
      <visible>Control.IsVisible(51)</visible>
      <include>left_Panel_square</include>
      <control type="group" description="Slider and List">
        <include>LargeListItemCount</include>
        <left>1020</left>
        <top>131</top>
        <control type="fixedlist" id="51">
          <visible>container.content(addons)</visible>
          <left>0</left>
          <top>0</top>
          <width>802</width>
          <height>888</height>
          <onleft condition="!Skin.HasSetting(ViewsMenuOff)">9000</onleft>
          <onright condition="Skin.HasSetting(Scrollbars_Active)">60</onright>
          <onup>51</onup>
          <ondown>51</ondown>
          <pagecontrol>60</pagecontrol>
          <viewtype label="537">Big list</viewtype>
          <focusposition>3</focusposition>
          <movement>4</movement>
          <preloaditems>4</preloaditems>
          <scrolltime tween="sine" easing="inout">280</scrolltime>
          <include>LargeListAddonsLayout</include>
        </control>
        
      </control>

      <control type="scrollbar" id="60">
		<visible>Skin.HasSetting(Scrollbars_Active)</visible>
        <left>51r</left>
        <top>135</top>
        <height>870</height>
        <onleft>51</onleft>
        <onright>noop</onright>
      </control>
    </control>
    <control type="group" description="Grid">
      <visible>Control.IsVisible(53)</visible>
      <control type="group" description="Container and frame">
        <control type="panel" id="53" description="Grid">
          <viewtype label="536">Icons</viewtype>
          <left>60</left>
          <top>210</top>
          <width>1800</width>
          <height>897</height>
          <orientation>vertical</orientation>
          <onup>noop</onup>
          <ondown>noop</ondown>
          <onleft condition="!Skin.HasSetting(ViewsMenuOff)">9000</onleft>
          <onright condition="Skin.HasSetting(Scrollbars_Active)">60</onright>
          <preloaditems>4</preloaditems>
          <pagecontrol>60</pagecontrol>
          <scrolltime>400</scrolltime>
          <itemlayout height="375" width="300">
            <control type="image">
              <left>22</left>
              <top>24</top>
              <width>255</width>
              <height>255</height>
              <texture fallback="DefaultAudio.png" background="true">$INFO[ListItem.Icon]</texture>
              <aspectratio>stretch</aspectratio>
            </control>
            <control type="label">					  
              <left>15</left>
              <top>300</top>
              <width>270</width>
              <height>45</height>
              <font>size27</font>
              <textcolor>textcolor3</textcolor>
              <align>center</align>
              <label>$INFO[ListItem.Label]</label>
            </control>			
          </itemlayout>
          <focusedlayout height="375" width="300">
		  
		  
			<animation effect="zoom" center="140,35" end="110" time="200" reversible="true">Focus</animation>
             <animation effect="zoom" center="140,35" start="110" end="100" time="100" reversible="true">unFocus</animation>		  
		  
		  
            <control type="image">
              <left>22</left>
              <top>24</top>
              <width>255</width>
              <height>255</height>
              <texture fallback="DefaultAudio.png" background="true">$INFO[ListItem.Icon]</texture>
              <aspectratio>stretch</aspectratio>
            </control>
            <control type="label">
              <animation effect="fade" start="0" end="100" time="200" delay="100">Focus</animation>
              <left>15</left>
              <top>300</top>
              <width>270</width>
              <height>45</height>
              <font>size27</font>
              <textcolor>textcolor4</textcolor>
              <!--shadowcolor>Black</shadowcolor-->
              <align>center</align>
              <label>[B]$INFO[ListItem.Label][/B]</label>
            </control>
          </focusedlayout>
        </control>
      </control>
      <control type="image" description="Line Split">
        <left>82</left>
        <top>164</top>
        <width>1748</width>
        <height>1</height>
        <texture>images/LineL.png</texture>
        <aspectratio>stretch</aspectratio>
      </control>
      <control type="grouplist" description="Media Header">
        <left>82</left>
        <top>54</top>
        <width>930</width>
        <height>75</height>
        <align>left</align>
        <aligny>bottom</aligny>
        <orientation>horizontal</orientation>
        <control type="label" id="7777" description="Heading">
          <width min="60" max="930">auto</width>
          <height>75</height>
          <font>size28</font>
          <textcolor>textcolor2</textcolor>
          <label>$VAR[RootLabel]</label>
        </control>
        <control type="label" description="Number of files">
          <visible>!IsEmpty(Control.GetLabel(7777))</visible>
          <width min="60" max="120">auto</width>
          <height>81</height>
          <font>size26</font>
          <textcolor>Grey</textcolor>
          <label>$INFO[Container.NumItems,  (,)]</label>
        </control>
      </control>
      <control type="label" description="Media details">
        <left>82</left>
        <top>117</top>
        <width>1200</width>
        <textcolor>Silver</textcolor>
        <include>Genre51Commons</include>
        <label>$INFO[ListItem.label][COLOR=Grey]$VAR[TopLabel, - ][/COLOR]</label>
      </control>
      <control type="grouplist">
        <left>304r</left>
        <top>126</top>
        <height>24</height>
        <width>195</width>
        <itemgap>15</itemgap>
        <align>right</align>
        <orientation>horizontal</orientation>
        <control type="label" description="Media details">
          <visible>!IsEmpty(ListItem.Label2) + IsEmpty(ListItem.StarRating)</visible>
          <height>24</height>
          <width max="195">auto</width>
          <font>size27</font>
          <align>right</align>
          <textcolor>Silver</textcolor>
          <label>$INFO[ListItem.Label2]</label>
        </control>
        <control type="image" description="Rating">
          <visible>!IsEmpty(ListItem.StarRating)</visible>
          <left>1590</left>
          <top>0</top>
          <include>MusicRating</include>
        </control>
      </control>
      <!--control type="image" description="Bottom fade">
        <left>0</left>
        <top>990</top>
        <width>1920</width>
        <height>90</height>
        <texture colordiffuse="textcolor3">images/DefaultGradientWhite.png</texture>
        <aspectratio>stretch</aspectratio>
      </control-->
      <control type="scrollbar" id="60">
	    <visible>Skin.HasSetting(Scrollbars_Active)</visible>
        <left>45r</left>
        <top>219</top>
        <height>660</height>
        <onleft>53</onleft>
        <onright>9000</onright>
      </control>
    </control>
    <control type="group">
      <visible>Control.IsVisible(58)</visible>
      <control type="image">
        <include>Dimensions_Fullscreen</include>
        <include>Fanart_Fade</include>
        <texture background="true">$INFO[ListItem.Property(fanart_image)]</texture>
        <aspectratio>stretch</aspectratio>
      </control>
      <control type="image">
        <include>Dimensions_Fullscreen</include>
        <texture>images/Vignette_58.png</texture>
        <aspectratio>stretch</aspectratio>
      </control>
      <control type="fixedlist" id="58" description="Fanart 3">
        <onup>9000</onup>
        <ondown condition="Skin.HasSetting(Scrollbars_Active)">60</ondown>
        <ondown condition="![Skin.HasSetting(Scrollbars_Active) | Skin.HasSeting(ViewsMenuOff)]">9000</ondown>
        <onleft>500</onleft>
        <onright>500</onright>
        <viewtype label="$LOCALIZE[20445] 3">Fanart 3</viewtype>
        <left>-282</left>
        <top>690</top>
        <width>2484</width>
        <height>402</height>
        <orientation>horizontal</orientation>
        <scrolltime>400</scrolltime>
        <focusposition>3</focusposition>
        <movement>2</movement>
        <preloaditems>4</preloaditems>
        <pagecontrol>60</pagecontrol>
        <itemlayout height="357" width="354">
          <control type="image" description="Thumb">
            <left>27</left>
            <top>27</top>
            <width>303</width>
            <height>303</height>
            <texture background="true">$INFO[ListItem.Icon]</texture>
            <aspectratio>scale</aspectratio>
          </control>
        </itemlayout>
        <focusedlayout height="357" width="354">
          <control type="group">
		  
			<animation effect="zoom" center="140,35" end="110" time="200" reversible="true">Focus</animation>
			<animation effect="zoom" center="140,35" start="110" end="100" time="100" reversible="true">unFocus</animation>			  
            <control type="image" description="Thumb">
              <left>27</left>
              <top>27</top>
              <width>303</width>
              <height>303</height>
              <texture background="true">$INFO[ListItem.Icon]</texture>
              <aspectratio>scale</aspectratio>
            </control>
          </control>
        </focusedlayout>
      </control>
      <!--control type="image" description="LeftFade">
        <visible>Container.Position(3) | Container.Position(4) | Container.Position(5) | Container.Position(6)</visible>
        <include>VisibleFade</include>
        <left>0</left>
        <top>716</top>
        <width>54</width>
        <height>447</height>
        <texture>images/DefaultGradientH.png</texture>
        <aspectratio>stretch</aspectratio>
      </control>
      <control type="image" description="RightFade">
        <visible>Container.Position(0) | Container.Position(1) | Container.Position(2) | Container.Position(3)</visible>
        <include>VisibleFade</include>
        <left>1866</left>
        <top>716</top>
        <width>54</width>
        <height>447</height>
        <texture flipx="true">images/DefaultGradientH.png</texture>
        <aspectratio>stretch</aspectratio>
      </control-->
      <!--control type="image">
        <visible>Control.HasFocus(58)</visible>
        <left>797</left>
        <top>707</top>
        <width>323</width>
        <height>323</height>
        <texture border="20">images/GeneralSlider.png</texture>
        <aspectratio>stretch</aspectratio>
        <animation condition="Container(58).Position(0)" effect="slide" end="-1062,0" time="220" easing="inout" reversible="true">Conditional</animation>
        <animation condition="Container(58).Position(1)" effect="slide" end="-708,0" time="220" easing="inout" reversible="true">Conditional</animation>
        <animation condition="Container(58).Position(2)" effect="slide" end="-354,0" time="220" easing="inout" reversible="true">Conditional</animation>
        <animation condition="Container(58).Position(4)" effect="slide" end="354,0" time="220" easing="inout" reversible="true">Conditional</animation>
        <animation condition="Container(58).Position(5)" effect="slide" end="708,0" time="220" easing="inout" reversible="true">Conditional</animation>
        <animation condition="Container(58).Position(6)" effect="slide" end="1062,0" time="220" easing="inout" reversible="true">Conditional</animation>
      </control-->
      <control type="group" description="Media Info">
        <top>622</top>
        <control type="label" description="Item Title">
          <left>0</left>
          <top>0</top>
          <font>size33B</font>
          <textcolor>textcolor2</textcolor>
          <width>1920</width>
          <align>center</align>
          <include>Genre51Commons</include>
          <label>$INFO[ListItem.Label][COLOR=Grey]$INFO[ListItem.Label2, • ][/COLOR]</label>
        </control>
        <control type="image" description="Line Split">
          <left>15</left>
          <top>60</top>
          <width>1890</width>
          <height>1</height>
          <texture>images/LineST.png</texture>
          <aspectratio>stretch</aspectratio>
        </control>
      </control>
      <control type="scrollbar" id="60">
		<visible>Skin.HasSetting(Scrollbars_Active)</visible>
        <visible>true</visible>
        <animation effect="fade" delay="200" time="300">VisibleChange</animation>
        <left>98</left>
        <top>1065</top>
        <width>1725</width>
        <height>9</height>
        <onup>500</onup>
        <ondown>500</ondown>
        <orientation>horizontal</orientation>
        <texturesliderbackground border="6,4,6,4">Scrollbar/HScrollbarBG.png</texturesliderbackground>
        <texturesliderbar border="6,4,6,4">Scrollbar/HScrollerNF.png</texturesliderbar>
        <texturesliderbarfocus border="6,4,6,4">Scrollbar/HScrollerFO.png</texturesliderbarfocus>
        <pulseonselect>false</pulseonselect>
        <showonepage>false</showonepage>
      </control>
    </control>
    <control type="group" description="Side menu 9000 group">
      <visible allowhiddenfocus="true">ControlGroup(9000).HasFocus()</visible>
      <include>DialogOpenCloseVisible</include>
      <control type="image" description="List back">
        <centerleft>960</centerleft>
        <centertop>508</centertop>
        <width>802</width>
        <height>606</height>
        <aspectratio>stretch</aspectratio>
        <texture border="50">images/ContextMenu.png</texture>
      </control>
      <control type="grouplist" id="9000">
			<centerleft>960</centerleft>
			<top>314</top>
			<width>576</width>
			<height>400</height>
			<itemgap>10</itemgap>
			<onleft>50</onleft>
			<onright>50</onright>
			<onup>9000</onup>
			<ondown>9000</ondown>
			<scrolltime>200</scrolltime>
			<orientation>vertical</orientation>
        <control type="button" id="2" description="Views">
          <!--texturenofocus>-</texturenofocus-->
          <include>DialogButt</include>
        </control>
        <control type="button" id="3" description="Sort">
          <include>DialogButt</include>
        </control>
        <control type="button" id="19" description="Filter">
          <include>DialogButt</include>
          <label>$LOCALIZE[587] $LOCALIZE[31001]</label>
        </control>
        <control type="button" id="697" description="Library">
          <visible>Library.HasContent(music) | Library.HasContent(musicvideos)</visible>
          <include>DialogButt</include>
          <label>$LOCALIZE[1024] $LOCALIZE[14022]</label>
          <onclick>ActivateWindow(MusicLibrary,root)</onclick>
        </control>
        <control type="togglebutton" id="699" description="Playing">
          <enable>Player.HasMedia</enable>
          <include>DialogButt</include>
          <label>$LOCALIZE[16003]</label>
          <altlabel>$LOCALIZE[31055]</altlabel>
          <usealttexture>Player.HasMedia</usealttexture>
          <onclick>fullscreen</onclick>
          <altclick>fullscreen</altclick>
          <animation effect="fade" start="100" end="60" time="100" condition="!Player.HasMedia">Conditional</animation>
        </control>
      </control>
    </control>
    <include>WindowsTopInfos</include>
    <control type="label" description="Heading">
      <visible>IsEmpty(Container.FolderName)</visible>
      <include>HeadingR</include>
      <label>2</label>
    </control>
  </controls>
</window>
