<?xml version="1.0" encoding="UTF-8"?>
<window id="2901">
    <defaultcontrol always="true">100</defaultcontrol>
    <allowoverlay>yes</allowoverlay>
    <zorder>2</zorder>
    <controls>
        <control type="group">
            <control type="group" id="101" description="Options content">
                <visible>!Window.IsVisible(10123) + !Window.IsVisible(10124) + !Window.IsVisible(10125)</visible>
                <left>50</left>
                <top>1000</top>
                <animation type="Focus">
                    <effect type="slide" tween="Cubic" easing="out" start="0,0" end="0,-800" time="800" />
                </animation>
                <animation type="unFocus">
                    <effect type="slide" tween="Cubic" easing="in" start="0,-800" end="0,0" time="500" />
                </animation>
                <control type="image">
                    <left>30</left>
                    <top>46</top>
                    <width>900</width>
                    <height>820</height>
                    <aspectratio>stretch</aspectratio>
                    <texture border="150">images/Dialog.png</texture>
                </control>
                <control type="grouplist" id="101" description="OSD Options">
                    <left>196</left>
                    <top>194</top>
                    <width>720</width>
                    <height>730</height>
                    <itemgap>6</itemgap>
                    <onleft>100</onleft>
                    <onright>100</onright>
                    <onup>101</onup>
                    <ondown>101</ondown>
                    <scrolltime>240</scrolltime>
                    <control type="togglebutton" id="701" description="Subtitles">
                        <include>DialogButt</include>
                        <label>$LOCALIZE[33003] $LOCALIZE[287]</label>
                        <onclick>SetFocus(100,2)</onclick>
                        <onclick>Dialog.Close(VideoOSD)</onclick>
                        <onclick>ActivateWindow(SubtitleSearch)</onclick>
                    </control>
                    <control type="button" id="703">
                        <include>DialogButt</include>
                        <label>13395</label>
                        <onclick>SetFocus(100,2)</onclick>
                        <onclick>ActivateWindow(OSDVideoSettings)</onclick>
                    </control>
                    <control type="button" id="704">
                        <include>DialogButt</include>
                        <label>$LOCALIZE[292] &amp; $LOCALIZE[287]</label>
                        <onclick>SetFocus(100,2)</onclick>
                        <onclick>ActivateWindow(OSDAudioSettings)</onclick>
                    </control>
                    <control type="button" id="705">
                        <include>DialogButt</include>
                        <label>298</label>
                        <onclick>SetFocus(100,2)</onclick>
                        <onclick>ActivateWindow(VideoBookmarks)</onclick>
                    </control>
                    <control type="togglebutton" id="706" description="Info">
                        <include>DialogButt</include>
                        <label>20176</label>
                        <onclick>SetFocus(100,2)</onclick>
                        <onclick>close</onclick>
                        <onclick>ActivateWindow(142)</onclick>
                        <altclick>SetFocus(100,2)</altclick>
                        <altclick>close</altclick>
                        <altclick>Dialog.Close(142)</altclick>
                        <usealttexture>Window.IsActive(142)</usealttexture>
                    </control>
                    <control type="button" id="707">
                        <include>DialogButt</include>
                        <label>21445</label>
                        <onclick>CodecInfo</onclick>
                    </control>
                    <control type="button" id="708">
                        <include>DialogButt</include>
                        <label>25003</label>
                        <onclick>SetFocus(100,2)</onclick>
                        <onclick>PlayerControl(ShowVideoMenu)</onclick>
                        <enable>VideoPlayer.HasMenu</enable>
                        <animation effect="fade" start="100" end="50" time="100" condition="!VideoPlayer.HasMenu">Conditional</animation>
                    </control>
                </control>
            </control>
            <control type="group">
                <visible>![Window.IsActive(DialogSelect.xml) | Window.IsActive(SliderDialog) | Window.IsActive(OSDVideoSettings) | Window.IsActive(OSDAudioSettings) | Window.IsActive(VideoBookmarks) | Window.IsActive(script-XBMC-Subtitles-main.xml)]</visible>
                <animation effect="fade" end="100" time="400">Visible</animation>
                <animation effect="fade" end="0" time="100">Hidden</animation>
                <control type="group">
                    <control type="group" description="Dialog Background">
                        <visible>Window.IsVisible(videoosd.xml) + Window.IsActive(dialogseekbar.xml) + !Window.IsVisible(dialogpvrguideosd.xml) + !Window.IsVisible(dialogpvrchannelsosd.xml)</visible>
                        <control type="image">
                            <posx>-2</posx>
                            <top>982</top>
                            <width>1924</width>
                            <height>100</height>
							<include>seekbar_bkgd</include>
							<aspectratio>scale</aspectratio>
                        </control>
                    </control>
					<control type="label" description="Title">
						<visible>!VideoPlayer.Content(Episodes)</visible>
						<posx>720</posx>
						<top>986</top>
						<height>60</height>
						<width>840</width>
						<scroll>true</scroll>
						<font>size33</font>
						<align>left</align>
						<textcolor>textcolor2</textcolor>
						<label>$INFO[VideoPlayer.Title]</label>
					</control>			
					<control type="label" description="Title">
						<visible>VideoPlayer.Content(Episodes)</visible>
						<posx>720</posx>
						<top>986</top>
						<height>60</height>
						<width>840</width>
						<scroll>true</scroll>
						<font>size33</font>
						<align>left</align>
						<textcolor>textcolor2</textcolor>
						<label>$INFO[VideoPlayer.TVShowTitle] - $INFO[VideoPlayer.Title]</label>
					</control>
					<control type="label" description="PlayerTime">
						<left>134</left>
						<top>1008</top>
						<width>495</width>
						<height>30</height>
						<align>right</align>
						<textcolor>textcolor2</textcolor>
						<!--shadowcolor>-</shadowcolor-->
						<label>$INFO[Player.Time]</label>
						<font>size26</font>
					</control>					
					<control type="label" description="PlayerTimeRemaining">
						<right>34</right>
						<top>1008</top>
						<height>30</height>
						<width>195</width>
						<align>right</align>
						<textcolor>textcolor2</textcolor>
						<!--shadowcolor>-</shadowcolor-->
						<label>- $INFO[Player.TimeRemaining]</label>
						<font>size26</font>
					</control>					
                    <control type="group" description="Cover">
                        <animation effect="fade" start="0" end="100" font12="600">VisibleChange</animation>
                        <visible>!ControlGroup(101).HasFocus()</visible>
                        <posx>1560</posx>
                        <top>704</top>
                        <control type="image" description="CoverReal">
                            <visible>IsEmpty(Player.Art(tvshow.poster)) + !Window.IsActive(610)</visible>
							<!--posx>100</posx-->
                            <height>300</height>
                            <width>220</width>
                            <aspectratio>keep</aspectratio>
                            <texture diffuse="images/Diffuse.png">$INFO[VideoPlayer.Cover]</texture>
                        </control>
                        <control type="image" description="TVSHOW">
                            <height>300</height>
                            <width>220</width>
                            <aspectratio>keep</aspectratio>
                            <texture diffuse="images/Diffuse.png">$INFO[Player.Art(tvshow.poster)]</texture>
                        </control>
                        <control type="label" description="Episode">
                            <visible>VideoPlayer.Content(Episodes)</visible>
                            <left>0</left>
                            <top>290</top>
                            <height>60</height>
                            <width>220</width>
                            <scroll>false</scroll>
                            <font>size24</font>
                            <align>left</align>
                            <textcolor>textcolor2</textcolor>
                            <!--shadowcolor>Black</shadowcolor-->
                            <label>[B]S $INFO[VideoPlayer.Season] E $INFO[VideoPlayer.Episode][/B]</label>
                        </control>
                        <control type="label" description="Channel">
                            <visible>Pvr.IsPlayingTV</visible>
                            <left>0</left>
                            <top>290</top>
                            <height>60</height>
                            <width>220</width>
                            <scroll>false</scroll>
                            <font>size24</font>
                            <align>left</align>
                            <textcolor>textcolor2</textcolor>
                            <!--shadowcolor>Black</shadowcolor-->
                            <label>[B]$INFO[VideoPlayer.ChannelNumber] - $INFO[VideoPlayer.ChannelName][/B]</label>
                        </control>
                    </control>
                </control>
                <control type="list" id="100">
				<centerleft>350</centerleft>
                    <!--posx>2</posx-->
                    <top>100r</top>
                    <onright>100</onright>
                    <onleft>100</onleft>
		    <!--onup>101</onup>
                    <ondown>101</ondown-->
                    <onup>noop</onup>
                    <ondown>noop</ondown>
                    <width>700</width>
                    <height>100</height>
                    <align>center</align>
                    <orientation>horizontal</orientation>
                    <itemlayout width="70" height="70">
                        <control type="image">
                            <width>98</width>
                            <height>98</height>
                            <texture colordiffuse="seekbuttonNF">$INFO[ListItem.thumb]</texture>
                        </control>
                    </itemlayout>
                    <focusedlayout width="70" height="70">
                        <control type="image">
                            <width>98</width>
                            <height>98</height>
                            <texture colordiffuse="seekbuttonFO">$INFO[ListItem.label]</texture>
                        </control>
                    </focusedlayout>
                    <content>
                        <item id="7">
                            <visible>!Pvr.IsPlayingTV</visible>
                            <thumb>Seekbar/OSDPreviousNF.png</thumb>
                            <label>Seekbar/OSDPreviousFO.png</label>
                            <onclick>PlayerControl(Previous)</onclick>
                        </item>
                        <item id="10">
                            <visible>Pvr.IsPlayingTV</visible>
                            <thumb>Seekbar/OSDupNF.png</thumb>
                            <label>Seekbar/OSDupFO.png</label>
                            <onclick>PlayerControl(Previous)</onclick>
                        </item>
                        <item id="11">
                            <visible>Pvr.IsPlayingTV</visible>
                            <thumb>Seekbar/OSDdownNF.png</thumb>
                            <label>Seekbar/OSDdownFO.png</label>
                            <onclick>PlayerControl(Next)</onclick>
                        </item>
                        <item id="1">
                            <visible>!Pvr.IsPlayingTV</visible>
                            <thumb>Seekbar/OSDRWNF.png</thumb>
                            <label>Seekbar/OSDRWFO.png</label>
                            <onclick>PlayerControl(Rewind)</onclick>
                        </item>
                        <item id="0">
                            <visible>!Player.Paused + !Player.Forwarding + !Player.Rewinding + !Pvr.IsPlayingTV</visible>
                            <thumb>Seekbar/OSDPauseNF.png</thumb>
                            <label>Seekbar/OSDPauseFO.png</label>
                            <onclick>PlayerControl(Play)</onclick>
                        </item>
                        <item id="0">
                            <visible>Player.Paused | Player.Forwarding | Player.Rewinding + !Pvr.IsPlayingTV</visible>
                            <thumb>Seekbar/OSDPlayNF.png</thumb>
                            <label>Seekbar/OSDPlayFO.png</label>
                            <onclick>PlayerControl(Play)</onclick>
                        </item>
                        <item id="4">
                            <thumb>Seekbar/OSDStopNF.png</thumb>
                            <label>Seekbar/OSDStopFO.png</label>
                            <onclick>PlayerControl(Stop)</onclick>
                        </item>					
                        <item id="0">
                            <visible>Pvr.IsPlayingTv</visible>
                            <thumb>Seekbar/OSDchnNF.png</thumb>
                            <label>Seekbar/OSDchnFO.png</label>
                            <onclick>XBMC.ActivateWindow(PVROSDChannels)</onclick>
                        </item>
                        <item id="16">
                            <visible>Pvr.IsPlayingTv</visible>
                            <thumb>Seekbar/OSDpvrNF.png</thumb>
                            <label>Seekbar/OSDpvrFO.png</label>
                            <onclick>XBMC.ActivateWindow(PVROSDGuide)</onclick>
                        </item>
                        <!--item id="15">
                            <visible>Pvr.IsPlayingTv</visible>
                            <thumb>Seekbar/OSDtxtNF.png</thumb>
                            <label>Seekbar/OSDtxtFO.png</label>
                            <onclick>XBMC.ActivateWindow(Teletext)</onclick>
                        </item-->
                        <item id="5">
                            <visible>!Pvr.IsPlayingTV</visible>
                            <thumb>Seekbar/OSDFWNF.png</thumb>
                            <label>Seekbar/OSDFWFO.png</label>
                            <onclick>PlayerControl(Forward)</onclick>
                        </item>
                        <item id="8">
                            <visible>Player.CanRecord + !Pvr.IsRecording</visible>
                            <thumb>Seekbar/OSDrecNF.png</thumb>
                            <label>Seekbar/OSDrecFO.png</label>
                            <onclick>PlayerControl(Record)</onclick>
                        </item>
                        <item id="8">
                            <visible>Player.CanRecord + Pvr.IsRecording</visible>
                            <thumb>Seekbar/OSDreconNF.png</thumb>
                            <label>Seekbar/OSDreconFO.png</label>
                            <onclick>PlayerControl(Record)</onclick>
                        </item>												
                        <item id="6">
                            <visible>!Pvr.IsPlayingTV</visible>
                            <thumb>Seekbar/OSDNextNF.png</thumb>
                            <label>Seekbar/OSDNextFO.png</label>
                            <onclick>PlayerControl(Next)</onclick>
                        </item>
                        <item id="254">
                            <thumb>Seekbar/OSDMenuNF.png</thumb>
                            <label>Seekbar/OSDMenuFO.png</label>
                            <onclick>SetFocus(101)</onclick>
                        </item>							
                        <!--item id="255">
                            <visible>VideoPlayer.IsStereoscopic</visible>
                            <thumb>Seekbar/OSD3DNF.png</thumb>
                            <label>Seekbar/OSD3DFO.png</label>
                            <onclick>SetFocus(500)</onclick>
                        </item-->
                    </content>
                </control>
            </control>
            <!--control type="image">
                <visible>!ControlGroup(101).HasFocus()</visible>
                <visible>!Window.IsVisible(10123) + !Window.IsVisible(10124) + !Window.IsVisible(10125)</visible>
                <animation type="Visible">
                    <effect type="fade" tween="circle" easing="in" start="0" end="100" time="800" />
                </animation>
                <left>1500</left>
                <top>1030</top>
                <width>48</width>
                <height>48</height>
                <texture>images/Dialogpull.png</texture>
            </control-->
        </control>
        <control type="group">
            <visible>VideoPlayer.IsStereoscopic + ![Window.IsVisible(SliderDialog) | Window.IsVisible(OSDVideoSettings) | Window.IsVisible(OSDAudioSettings) | Window.IsVisible(VideoBookmarks)]</visible>
            <visible allowhiddenfocus="true">ControlGroup(500).HasFocus</visible>
            <animation effect="fade" time="200">VisibleChange</animation>
            <control type="image">
                <left>510</left>
                <top>500</top>
                <width>900</width>
                <height>450</height>
                <aspectratio>stretch</aspectratio>
                <texture border="150">images/Dialog.png</texture>
            </control>
            <control type="grouplist" id="500">
                <left>710</left>
                <top>300</top>
                <width>500</width>
                <height>500</height>
                <align>bottom</align>
                <itemgap>0</itemgap>
                <onleft>100</onleft>
                <onright>100</onright>
                <onup>noop</onup>
                <ondown>noop</ondown>
                <orientation>vertical</orientation>
                <include>VisibleFade</include>
                <control type="group">
                    <description>Header</description>
                    <width>500</width>
                    <height>50</height>
                    <control type="label" id="">
                        <top>20</top>
                        <width>500</width>
                        <height>15</height>
                        <font>Size33</font>
                        <label>36501</label>
                        <align>center</align>
                        <aligny>center</aligny>
                    </control>
                </control>
                <control type="radiobutton" id="503">
                    <height>40</height>
                    <width>500</width>
                    <font>Size33</font>
                    <label>24022</label>
                    <onclick>ToggleStereoMode</onclick>
                    <selected>IntegerGreaterThan(System.StereoscopicMode,0)</selected>
                    <pulseonselect>false</pulseonselect>
                </control>
                <control type="button" id="502">
                    <height>40</height>
                    <width>500</width>
                    <align>left</align>
                    <font>Size33</font>
                    <textoffsetx>30</textoffsetx>
                    <pulseonselect>false</pulseonselect>
                    <label>3D Mode Selection</label>
                    <onclick>StereoMode</onclick>
                </control>
                <control type="radiobutton" id="501">
                    <height>40</height>
                    <width>500</width>
                    <font>Size33</font>
                    <label>Force 2D</label>
                    <onclick>StereoModeToMono</onclick>
                    <selected>StringCompare(System.StereoscopicMode,7)</selected>
                    <pulseonselect>false</pulseonselect>
                </control>
            </control>
        </control>
        <!-- 3D -->
    </controls>
</window>
