<?xml version="1.0" encoding="UTF-8"?>
<window id="122">
  <defaultcontrol always="true">2</defaultcontrol>
  <allowoverlay>yes</allowoverlay>
  <controls>
    <control type="image">
      <animation effect="zoom" start="90" end="100" time="200" center="640,360">WindowOpen</animation>
      <left>285</left>
      <top>0</top>
      <width>1350</width>
      <height>960</height>
      <texture border="150">images/Dialog.png</texture>
    </control>
    <control type="group">
      <animation effect="zoom" start="90" end="100" time="200" center="640,360">WindowOpen</animation>
      <left>510</left>
      <top>150</top>
      <control type="label" description="Header Label">
        <left>15</left>
        <top>0</top>
        <width>840</width>
        <label>31004</label>
        <font>size39B</font>
        <align>center</align>
      </control>
      <control type="fixedlist" id="2">
        <description>Preset List</description>
        <left>15</left>
        <top>120</top>
        <width>870</width>
        <height>483</height>
        <onleft>noop</onleft>
        <onright>60</onright>
        <pagecontrol>60</pagecontrol>
        <focusposition>3</focusposition>
        <movement>3</movement>
        <onup>noop</onup>
        <ondown>noop</ondown>
        <itemlayout height="69">
          <control type="label">
            <left>30</left>
            <width>810</width>
            <height>69</height>
            <font>size33</font>
            <info>ListItem.Label</info>
            <scroll>false</scroll>
          </control>
        </itemlayout>
        <focusedlayout height="69">
          <control type="image">
            <visible>!Control.HasFocus(60)</visible>
            <width>870</width>
            <height>69</height>
            <texture border="8">images/Buttonselect.png</texture>
          </control>
          <control type="label">
            <left>30</left>
            <height>69</height>
            <width>810</width>
            <font>size33</font>
            <info>ListItem.Label</info>
          </control>
        </focusedlayout>
      </control>
    </control>
    <control type="scrollbar" id="60">
      <visible>![Skin.HasSetting(KioskEnabled) + Skin.HasSetting(HideScrollbar)] | Skin.HasSetting(Scrollbars_Active)</visible>
      <animation condition="!Control.HasFocus(60) + !Container.Scrolling" effect="fade" start="100" end="70" time="200" reversible="true">Conditional</animation>
      <animation effect="zoom" start="90" end="100" time="200" center="640,360">WindowOpen</animation>
      <left>1455</left>
      <top>270</top>
      <height>480</height>
      <onleft>2</onleft>
      <onright>2</onright>
    </control>
  </controls>
</window>
