<?xml version="1.0" encoding="UTF-8" standalone="yes"?>
<addon id="script.addon.enabler" name="Addon Enabler" version="1.0.0" provider-name="iCanuck">
	<requires>
		<import addon="xbmc.python" version="2.1.0" />	
	</requires>
	<extension point="xbmc.python.pluginsource" library="default.py">
		<provides>executable</provides>
	</extension>
    <extension point="xbmc.addon.metadata">
      <summary lang="en">[COLOR green]Enable ALL Kodi 17 Add-ons[/COLOR]</summary>
      <description lang="en">Kodi 17 Krypton no longer automatically Enables your Add-ons when manually copying the folders. Add-on Enabler will Enable ALL your Add-ons at the Click of a Button</description>
	  <disclaimer>[COLOR red]If using Windows this Add-on will Enable ALL PVR Add-ons[/COLOR]</disclaimer>
      <platform>all</platform>
	  <email>iCanuck0604@gmail.com</email>
      <source></source> 
    </extension>
</addon>
