<colors>
    <color name="background">fff0f8ff</color>
    <color name="busybkgd">bbf0f8ff</color>		
    <color name="bandabianca">66ffffff</color>
    <color name="bandamusica">f0aaaaaa</color>
    <color name="maindim">e0ffffff</color>
	<color name="darktextunfo">ff313131</color>
    <color name="darktext">ff000000</color>
	<color name="invert1">ffffffff</color>
	<color name="invert2">ff000000</color>
	<color name="icontextunfo">ff8e8e8e</color>
    <color name="icontext">ffdedede</color>	
    <color name="infos">ff000000</color>
    <color name="dialog">ffffffff</color>
    <color name="notification">cd555555</color>
    <color name="osdoverlay">ee999999</color>
    <color name="kodi">ff12b2e7</color>
</colors>
