<?xml version="1.0" encoding="UTF-8"?>
<window  type="dialog" id="1117">
	<defaultcontrol always="true">11</defaultcontrol>
  <zorder>5</zorder>
	<controls>

   <control type="group">
	  <include>DialogAnimation</include>
		<control type="image">
			<description>background image</description>
			<include>FullscreenDimensions</include>
			<texture background="true">dialogs/other/bg_ok.png</texture>
		</control>
		<control type="label">
			<description>header label</description>
			<left>340</left>
			<top>265</top>
			<width>600</width>
			<font>FontSize_36</font>
			<textcolor>white</textcolor>
			<align>center</align>
			<aligny>center</aligny>
			<scroll>true</scroll>
			<scrollspeed>20</scrollspeed>
		  <label>$VAR[CustomDialogOKHeadLabel]</label>
		</control>
		<control type="textbox">
			<description>Help Tip</description>
			<left>365</left>
			<top>310</top>
      <width>550</width>
			<height>90</height>
	    <label>$VAR[CustomDialogOKMessage]</label>
			<font>FontSize_20</font>
		  <align>center</align>
			<textcolor>99white</textcolor>
			<shadowcolor>99000000</shadowcolor>
		</control>
		<control type="button" id="10">
			<description>Yes button</description>
			<left>480</left>
			<top>425</top>
			<width>150</width>
			<height>40</height>
			<texturenofocus border="10,0,10,0">dialogs/keyboard/button_nf.png</texturenofocus>
			<texturefocus border="10,0,10,0">dialogs/keyboard/button_fo.png</texturefocus>
			<align>center</align>
			<aligny>top</aligny>
			<font>FontSize_22</font>
			<textcolor>99grey</textcolor>
			<focusedcolor>white</focusedcolor>
			<disabledcolor>44white</disabledcolor>
			<shadowcolor>55000000</shadowcolor>
			<textoffsety>4</textoffsety>
			<label>107</label>
			<onleft>11</onleft>
			<onright>11</onright>
	    <onclick>Dialog.Close(all,true)</onclick>
			<onclick>Skin.ResetSettings</onclick>
	    <onclick>Action(reloadkeymaps)</onclick>
	    <onclick>XBMC.ReloadSkin()</onclick>
		</control>
		<control type="button" id="11">
			<description>No button</description>
			<left>650</left>
			<top>425</top>
			<width>150</width>
			<height>40</height>
			<texturenofocus border="10,0,10,0">dialogs/keyboard/button_nf.png</texturenofocus>
			<texturefocus border="10,0,10,0">dialogs/keyboard/button_fo.png</texturefocus>
			<align>center</align>
			<aligny>top</aligny>
			<font>FontSize_22</font>
			<textcolor>99grey</textcolor>
			<focusedcolor>99white</focusedcolor>
			<disabledcolor>44white</disabledcolor>
			<shadowcolor>55000000</shadowcolor>
			<textoffsety>5</textoffsety>
		  <label>106</label>
			<onleft>10</onleft>
			<onright>10</onright>
			<onup>noop</onup>
			<ondown>noop</ondown>
		  <onclick>PreviousMenu</onclick>
		</control>
			
	 </control>

	</controls>

</window>