<?xml version="1.0" encoding="UTF-8"?>
<window  id="1110" type="dialog">
	<defaultcontrol always="true">10</defaultcontrol>
  <zorder>5</zorder>
	<controls>

   <control type="group">
	  <include>DialogAnimation</include>
		<control type="image">
			<description>background image</description>
			<include>FullscreenDimensions</include>
			<texture background="true">dialogs/other/bg_ok.png</texture>
		</control>
		<control type="label">
			<description>header label</description>
			<left>340</left>
			<top>265</top>
			<width>600</width>
			<font>FontSize_36</font>
			<textcolor>white</textcolor>
			<shadowcolor>99000000</shadowcolor>
			<align>center</align>
			<aligny>center</aligny>
			<scroll>true</scroll>
			<scrollspeed>20</scrollspeed>
		  <label>$VAR[CustomDialogOKHeadLabel]</label>
		</control>
		<control type="textbox">
			<description>Help Tip</description>
			<left>365</left>
			<top>310</top>
      <width>550</width>
			<height>90</height>
	    <label>$VAR[CustomDialogOKMessage]</label>
			<font>FontSize_20</font>
		  <align>center</align>
			<textcolor>99white</textcolor>
			<shadowcolor>99000000</shadowcolor>
			<autoscroll time="3000" delay="4000" repeat="5000">true</autoscroll>
		</control>
		<control type="button" id="10">
			<description>OK button</description>
			<left>575</left>
			<top>423</top>
			<width>150</width>
			<height>40</height>
			<texturenofocus border="10,0,10,0">dialogs/keyboard/button_nf.png</texturenofocus>
			<texturefocus border="10,0,10,0">dialogs/keyboard/button_fo.png</texturefocus>
			<align>center</align>
			<aligny>top</aligny>
			<font>FontSize_22</font>
			<textcolor>99grey</textcolor>
			<focusedcolor>white</focusedcolor>
			<disabledcolor>44white</disabledcolor>
			<shadowcolor>55000000</shadowcolor>
			<textoffsety>4</textoffsety>
			<label>186</label>
			<onleft>10</onleft>
			<onright>10</onright>
			<onup>10</onup>
			<ondown>10</ondown>
		  <onclick>Action(Close)</onclick>
			<onclick condition="!IntegerGreaterThan(Container(450).NumItems,0)">Dialog.Close(favourites)</onclick>
			<onback condition="!IntegerGreaterThan(Container(450).NumItems,0)">Dialog.Close(favourites)</onback>
	    <onclick condition="Window.IsActive(Weather)">ReplaceWindow(WeatherSettings)</onclick>
		</control>
	 </control>
	</controls>
</window>