<?xml version="1.0" encoding="UTF-8"?>
<window  id="107">
	<controls>

	 <control type="group">
	  <left>40</left>
		<top>645</top>
		<visible>!Window.IsActive(ShutdownMenu) + !Window.IsVisible(startup) + !Window.IsVisible(loginscreen)</visible>
		<animation effect="slide" start="0,0" end="0,150" time="260" tween="sine" easing="inout" condition="[Window.IsActive(Favourites) + Window.IsActive(ContextMenu)]">Conditional</animation>
	  <include>NowPlaying</include>
		<control type="grouplist">
			<right>100</right>
			<top>0</top>
			<height>60</height>
			<width>840</width>
			<aligny>center</aligny>
			<itemgap>10</itemgap>
			<orientation>horizontal</orientation>
			<control type="group">
			  <right>-50</right>
				<control type="label" id="401">
			    <description>Heading</description>
					<top>0</top>
					<height>25</height>
					<width>840</width>
					<font>NotificationsFont</font>
					<textcolor>white</textcolor>
					<shadowcolor>99000000</shadowcolor>
			    <align>right</align>
			    <aligny>center</aligny>
					<scroll>false</scroll>
				</control>
				<control type="label" id="402">
			    <description>Message</description>
					<top>20</top>
					<height>25</height>
					<width>840</width>
					<font>NotificationsFont</font>
					<textcolor>99white</textcolor>
					<shadowcolor>99000000</shadowcolor>
			    <align>right</align>
			    <aligny>center</aligny>
					<scroll>false</scroll>
				</control>
			</control>
	  </control>
		<control type="group">
			<left>1145</left>
		  <top>-7</top>
			<control type="image" id="400">
				<description>little pic</description>
				<width>55</width>
				<height>55</height>
				<aspectratio>stretch</aspectratio>
			  <texture diffuse="icons/icon_diffuse.png">icons/notification_info.png</texture>
				<align>right</align>
				<aligny>center</aligny>
			</control>
			<control type="image" id="403">
				<description>little pic</description>
				<width>55</width>
				<height>55</height>
				<aspectratio>stretch</aspectratio>
			  <texture diffuse="icons/icon_diffuse.png">icons/notification_info.png</texture>
				<align>right</align>
				<aligny>center</aligny>
	      <visible>false</visible>
			</control>
			<control type="image" id="404">
				<description>little pic</description>
				<width>55</width>
				<height>55</height>
				<aspectratio>stretch</aspectratio>
			  <texture diffuse="icons/icon_diffuse.png">icons/notification_warning.png</texture>
				<align>right</align>
				<aligny>center</aligny>
	      <visible>false</visible>
			</control>
			<control type="image" id="405">
				<description>little pic</description>
				<width>55</width>
				<height>55</height>
				<aspectratio>stretch</aspectratio>
			  <texture diffuse="icons/icon_diffuse.png">icons/notification_error.png</texture>
				<align>right</align>
				<aligny>center</aligny>
	      <visible>false</visible>
			</control>
	  </control>
	 </control>

	</controls>
</window>