<?xml version="1.0" encoding="UTF-8"?>
<window  id="2002">
	<defaultcontrol always="true">10</defaultcontrol>
  <zorder>5</zorder>
	<controls>

   <control type="group">
	  <include>DialogAnimation</include>
		<control type="image">
			<description>background image</description>
			<include>FullscreenDimensions</include>
			<texture background="true">dialogs/other/bg_ok.png</texture>
		</control>
		<control type="label" id="1">
			<description>header label</description>
			<posx>340</posx>
			<posy>265</posy>
			<width>600</width>
			<font>FontSize_36</font>
			<textcolor>white</textcolor>
			<align>center</align>
			<aligny>center</aligny>
			<scroll>true</scroll>
			<scrollspeed>20</scrollspeed>
		  <label>-</label>
		</control>
		<control type="textbox" id="9">
			<posx>365</posx>
			<posy>310</posy>
      <width>550</width>
			<height>90</height>
			<font>FontSize_20</font>
		  <align>center</align>
			<textcolor>99white</textcolor>
			<shadowcolor>99000000</shadowcolor>
			<autoscroll time="3000" delay="3000" repeat="5000">true</autoscroll>
		  <label>Remove ID to Test, Remove ID to Test, Remove ID to Test, Remove ID to Test, Remove ID to Test, Remove ID to Test, Remove ID to Test, Remove ID to Test, Remove ID to Test, Remove ID to Test, Remove ID to Test, Remove ID to Test</label>
		</control>
		<control type="button" id="10">
			<description>OK button</description>
			<posx>575</posx>
			<posy>423</posy>
			<width>150</width>
			<height>40</height>
			<texturenofocus border="10,0,10,0">dialogs/keyboard/button_nf.png</texturenofocus>
			<texturefocus border="10,0,10,0">dialogs/keyboard/button_fo.png</texturefocus>
			<align>center</align>
			<aligny>top</aligny>
			<font>FontSize_22</font>
			<textcolor>99grey</textcolor>
			<focusedcolor>white</focusedcolor>
			<disabledcolor>44white</disabledcolor>
			<shadowcolor>55000000</shadowcolor>
			<textoffsety>4</textoffsety>
			<onleft>10</onleft>
			<onright>10</onright>
			<onup>10</onup>
			<ondown>10</ondown>
		</control>
	 </control>
	</controls>
</window>