<?xml version="1.0" encoding="UTF-8"?>
<window  id="129">
	<defaultcontrol>10</defaultcontrol>
	<allowoverlay>no</allowoverlay>
	<controls>
		<control type="group">
	    <include>DialogAnimation</include>
		  <visible>!Window.IsActive(virtualkeyboard) + !Window.IsActive(filebrowser) + !Window.IsVisible(busydialog)</visible>
			<control type="image">
				<description>background image</description>
				<include>FullscreenDimensions</include>
				<texture background="true">dialogs/other/bg_mediasources.png</texture>
			</control>
			<control type="label" id="2">
				<description>header label</description>
				<left>305</left>
				<top>180</top>
				<width>670</width>
				<height>50</height>
				<font>FontSize_36</font>
				<align>center</align>
				<aligny>center</aligny>
				<textcolor>white</textcolor>
				<shadowcolor>99000000</shadowcolor>
				<scroll>true</scroll>
				<scrollspeed>20</scrollspeed>
				<label>-</label>
			</control>
			<control type="label">
				<description>path label</description>
				<left>330</left>
				<top>228</top>
				<width>620</width>
				<height>30</height>
				<align>left</align>
				<aligny>center</aligny>
				<font>FontSize_16B</font>
				<label>1021</label>
				<textcolor>44white</textcolor>
				<shadowcolor>99000000</shadowcolor>
			</control>
			<control type="group" id="9000">
				<control type="list" id="10">
					<left>328</left>
					<top>262</top>
					<width>460</width>
					<height>154</height>
					<onup>10000</onup>
					<onleft>9001</onleft>
					<onright>9001</onright>
					<ondown>12</ondown>
					<scrolltime>200</scrolltime>
					<itemlayout height="51" width="460">
						<control type="label">
							<left>12</left>
							<top>0</top>
							<width>448</width>
							<height>47</height>
							<font>FontSize_20</font>
							<align>left</align>
							<aligny>center</aligny>
							<textcolor>77white</textcolor>
							<selectedcolor>selected</selectedcolor>
							<info>ListItem.Label</info>
						</control>
					</itemlayout>
					<focusedlayout height="51" width="460">
						<control type="image">
							<left>0</left>
							<top>0</top>
							<width>460</width>
							<height>47</height>
							<texture>buttons/settings_fo.png</texture>
							<visible>Control.HasFocus(10)</visible>
						  <include>VisibleFadeEffect</include>
						</control>
						<control type="label">
							<left>12</left>
							<top>0</top>
							<width>448</width>
							<height>47</height>
							<font>FontSize_20</font>
							<align>left</align>
							<aligny>center</aligny>
							<textcolor>white</textcolor>
							<selectedcolor>selected</selectedcolor>
							<info>ListItem.Label</info>
              <visible>Control.HasFocus(10)</visible>
						</control>
						<control type="label">
							<left>12</left>
							<top>0</top>
							<width>448</width>
							<height>47</height>
							<font>FontSize_20</font>
							<align>left</align>
							<aligny>center</aligny>
							<textcolor>77white</textcolor>
							<selectedcolor>selected</selectedcolor>
							<info>ListItem.Label</info>
              <visible>!Control.HasFocus(10)</visible>
						</control>
					</focusedlayout>
				</control>
				<control type="group" id="9001">
					<left>792</left>
					<top>262</top>
					<control type="button" id="11">
						<description>Browse Button</description>
						<left>0</left>
						<top>0</top>
						<width>160</width>
						<onup>10000</onup>
						<onleft>10</onleft>
						<onright>10</onright>
						<ondown>13</ondown>
						<label>1024</label>
			      <align>center</align>
		        <include>DialogsButton</include>
					</control>
					<control type="button" id="13">
						<description>Add Path Button</description>
						<left>0</left>
						<top>51</top>
						<width>160</width>
						<onup>11</onup>
						<ondown>14</ondown>
						<onleft>10</onleft>
						<onright>10</onright>
						<label>15019</label>
			      <align>center</align>
		        <include>DialogsButton</include>
					</control>
					<control type="button" id="14">
						<description>Remove Path Button</description>
						<left>0</left>
						<top>102</top>
						<width>160</width>
						<onup>13</onup>
						<ondown>12</ondown>
						<onleft>10</onleft>
						<onright>10</onright>
						<label>1210</label>
			      <align>center</align>
		        <include>DialogsButton</include>
					</control>
				</control>
			</control>			
			<control type="label">
				<description>Name label</description>
				<left>330</left>
				<top>426</top>
				<width>620</width>
				<height>30</height>
				<align>left</align>
				<aligny>center</aligny>
				<font>FontSize_16B</font>
				<label>1022</label>
				<textcolor>44white</textcolor>
				<shadowcolor>99000000</shadowcolor>
			</control>
			<control type="button" id="12">
				<description>Name Button</description>
				<left>328</left>
				<top>459</top>
				<width>624</width>
				<onup>9000</onup>
				<ondown>10000</ondown>
				<onleft>12</onleft>
				<onright>12</onright>
	      <include>DialogsButton</include>
			</control>
			
			

		  <control type="group" id="10000">
				<left>330</left>
				<top>500</top>
	      <!-- Buttons -->
				<control type="grouplist" id="10001">
					<left>0</left>
					<top>0</top>
					<width>0</width>
					<height>0</height>
					<itemgap>0</itemgap>
					<align>left</align>
					<orientation>horizontal</orientation>
					<onleft>10001</onleft>
					<onright>10001</onright>
					<onup>12</onup>
					<ondown>9000</ondown>
					<control type="button" id="18">
						<description>Save</description>
					  <label>190</label>
					  <include>TopButton</include>
					</control>
					<control type="button" id="19">
						<description>Cancel</description>
					  <label>222</label>
					  <include>TopButton</include>
					</control>
				</control>
	      <!-- Buttons Labels -->
				<control type="grouplist">
					<left>0</left>
					<top>0</top>
					<height>70</height>
					<width>552</width>
					<itemgap>30</itemgap>
					<align>left</align>
					<orientation>horizontal</orientation>
					<control type="label">
						<description>Save Label</description>
	          <include>DialogsButtonLabels</include>
            <label>$INFO[Control.GetLabel(18),․  ]</label>
						<animation effect="fade" start="100" end="30" time="200" tween="sine" easing="inout" condition="!Control.HasFocus(18)" reversible="true">Conditional</animation>
	          <animation effect="zoom" start="100" end="95" time="200" tween="sine" easing="inout" center="15,0" condition="!Control.HasFocus(18)" reversible="true">Conditional</animation>
					</control>
					<control type="label">
						<description>Cancel Label</description>
	          <include>DialogsButtonLabels</include>
            <label>$INFO[Control.GetLabel(19),․  ]</label>
						<animation effect="fade" start="100" end="30" time="200" tween="sine" easing="inout" condition="!Control.HasFocus(19)" reversible="true">Conditional</animation>
	          <animation effect="zoom" start="100" end="95" time="200" tween="sine" easing="inout" center="15,0" condition="!Control.HasFocus(19)" reversible="true">Conditional</animation>
					</control>
				</control>
		  </control>
			
		</control>

		
	</controls>
</window>
