<?xml version="1.0" encoding="UTF-8"?>
<window  id="132">
	<defaultcontrol always="true">3</defaultcontrol>
	<allowoverlay>no</allowoverlay>
	<controls>
		<control type="group">
	    <include>DialogAnimation</include>
		  <visible>!Window.IsActive(AddonSettings)</visible>
			<control type="image">
				<description>background image</description>
				<include>FullscreenDimensions</include>
				<texture background="true">dialogs/other/bg_contentsettings.png</texture>
			</control>
			<control type="label" id="1">
				<description>header label</description>
				<left>339</left>
				<top>120</top>
				<width>603</width>
				<height>50</height>
				<font>FontSize_36</font>
				<align>center</align>
				<aligny>center</aligny>
				<textcolor>white</textcolor>
				<shadowcolor>99000000</shadowcolor>
				<scroll>true</scroll>
				<scrollspeed>20</scrollspeed>
				<label>20333</label>
			</control>
			<control type="spincontrolex" id="3">
				<description>Content Picker</description>
				<left>364</left>
				<top>177</top>
				<width>555</width>
				<onup>28</onup>
				<ondown>4</ondown>
				<onleft>3</onleft>
				<onright>3</onright>
				<label>20344</label>
	      <include>DialogsSpincontrolex</include>
				<include>VisibleFadeEffect</include>
			</control>
			<control type="image">
				<description>Used Scraper Image</description>
				<left>364</left>
				<top>228</top>
				<width>146</width>
				<height>147</height>
				<aspectratio>stretch</aspectratio>
				<texture>$INFO[ListItem.Icon]</texture>
				<bordertexture border="6">dialogs/other/iconborder.png</bordertexture>
				<bordersize>2</bordersize>
			</control>
			<control type="list" id="4">
				<left>515</left>
				<top>227</top>
				<width>403</width>
				<height>153</height>
				<onup>3</onup>
				<onleft>4</onleft>
				<onright>4</onright>
				<ondown>5</ondown>
				<pagecontrol>60</pagecontrol>
				<scrolltime>200</scrolltime>
				<itemlayout height="51" width="552">
					<control type="image.">
						<left>1</left>
						<top>1</top>
						<width>45</width>
						<height>45</height>
						<texture>$INFO[Listitem.Icon]</texture>
						<bordertexture border="4">dialogs/other/iconborder.png</bordertexture>
						<bordersize>4</bordersize>
					</control>
					<control type="label">
						<left>12</left>
						<top>0</top>
						<width>390</width>
						<height>47</height>
						<font>FontSize_20</font>
						<align>left</align>
						<aligny>center</aligny>
						<textcolor>77white</textcolor>
						<selectedcolor>selected</selectedcolor>
						<info>ListItem.Label</info>
					</control>
				</itemlayout>
				<focusedlayout height="51" width="552">
					<control type="image">
						<left>0</left>
						<top>0</top>
						<width>403</width>
						<height>47</height>
						<texture>buttons/settings_fo.png</texture>
						<visible>Control.HasFocus(4)</visible>
					  <include>VisibleFadeEffect</include>
					</control>
					<control type="image.">
						<left>1</left>
						<top>1</top>
						<width>45</width>
						<height>45</height>
						<texture>$INFO[Listitem.Icon]</texture>
						<bordertexture border="4">dialogs/other/iconborder.png</bordertexture>
						<bordersize>4</bordersize>
					</control>
					<control type="label">
						<left>12</left>
						<top>0</top>
						<width>390</width>
						<height>47</height>
						<font>FontSize_20</font>
						<align>left</align>
						<aligny>center</aligny>
						<textcolor>white</textcolor>
						<selectedcolor>selected</selectedcolor>
						<info>ListItem.Label</info>
					</control>
				</focusedlayout>
			</control>
			<control type="grouplist" id="5">
				<description>control area</description>
				<left>364</left>
				<top>380</top>
				<width>555</width>
				<height>200</height>
				<itemgap>4</itemgap>
				<onup>4</onup>
				<ondown>10000</ondown>
				<onleft>5</onleft>
				<onright>5</onright>
			</control>
			<control type="button" id="7">
				<description>Default Button</description>
	      <include>DialogsButton</include>
				<include>VisibleFadeEffect</include>
			</control>
			<control type="radiobutton" id="8">
				<description>Default RadioButton</description>
	      <include>DialogsRadioButton</include>
				<include>VisibleFadeEffect</include>
			</control>

		  <control type="group" id="10000">
				<left>364</left>
				<top>575</top>
	      <!-- Buttons -->
				<control type="grouplist" id="10001">
					<left>0</left>
					<top>0</top>
					<width>0</width>
					<height>0</height>
					<itemgap>0</itemgap>
					<align>left</align>
					<orientation>horizontal</orientation>
					<onleft>10001</onleft>
					<onright>10001</onright>
					<onup>5</onup>
					<ondown>3</ondown>
					<control type="button" id="28">
						<description>Save</description>
					  <label>190</label>
					  <include>TopButton</include>
					</control>
					<control type="button" id="29">
						<description>Cancel</description>
					  <label>222</label>
					  <include>TopButton</include>
					</control>
					<control type="button" id="6">
						<description>Settings</description>
					  <label>5</label>
					  <include>TopButton</include>
					</control>
				</control>
	      <!-- Buttons Labels -->
				<control type="grouplist">
					<left>0</left>
					<top>0</top>
					<height>70</height>
					<width>552</width>
					<itemgap>30</itemgap>
					<align>left</align>
					<orientation>horizontal</orientation>
					<control type="label">
						<description>Save Label</description>
	          <include>DialogsButtonLabels</include>
            <label>$INFO[Control.GetLabel(28),․  ]</label>
						<animation effect="fade" start="100" end="30" time="200" tween="sine" easing="inout" condition="!Control.HasFocus(28)" reversible="true">Conditional</animation>
	          <animation effect="zoom" start="100" end="95" time="200" tween="sine" easing="inout" center="15,0" condition="!Control.HasFocus(28)" reversible="true">Conditional</animation>
					</control>
					<control type="label">
						<description>Cancel Label</description>
	          <include>DialogsButtonLabels</include>
            <label>$INFO[Control.GetLabel(29),․  ]</label>
						<animation effect="fade" start="100" end="30" time="200" tween="sine" easing="inout" condition="!Control.HasFocus(29)" reversible="true">Conditional</animation>
	          <animation effect="zoom" start="100" end="95" time="200" tween="sine" easing="inout" center="15,0" condition="!Control.HasFocus(29)" reversible="true">Conditional</animation>
					</control>
					<control type="label">
						<description>Defaults Label</description>
	          <include>DialogsButtonLabels</include>
            <label>$INFO[Control.GetLabel(6),․  ]</label>
						<animation effect="fade" start="100" end="30" time="200" tween="sine" easing="inout" condition="!Control.HasFocus(6)" reversible="true">Conditional</animation>
	          <animation effect="zoom" start="100" end="95" time="200" tween="sine" easing="inout" center="15,0" condition="!Control.HasFocus(6)" reversible="true">Conditional</animation>
					</control>
				</control>
		  </control>

		</control>
	</controls>
</window>
