<?xml version="1.0" encoding="UTF-8"?>
<window >
	<defaultcontrol always="true">26</defaultcontrol>
	<controls>
	
	 <control type="group">
    <include>DialogAnimation</include>
    <visible>!Window.IsActive(virtualkeyboard) + !Window.IsActive(filebrowser) + !Window.IsActive(yesnodialog) + !Window.IsActive(okdialog) + !Window.IsActive(shutdownmenu)</visible>
		<control type="image">
			<description>background image</description>
			<include>FullscreenDimensions</include>
			<texture background="true">dialogs/pvr/bg_groupmanager.png</texture>
			<visible>!Player.HasMedia</visible>
		</control>
		<control type="image">
			<description>background image</description>
			<include>FullscreenDimensions</include>
			<texture background="true">dialogs/pvr/bg_groupmanager.png</texture>
			<colordiffuse>FAFFFFFF</colordiffuse>
			<visible>Player.HasMedia</visible>
		</control>

		<control type="label">
			<description>header label</description>
      <left>231</left>
      <top>145</top>
      <width>825</width>
      <height>40</height>
			<font>FontSize_32</font>
			<align>center</align>
			<aligny>center</aligny>
			<textcolor>white</textcolor>
			<shadowcolor>99000000</shadowcolor>
			<scroll>true</scroll>
			<scrollspeed>20</scrollspeed>
			<label>19143</label>
		</control>
		
		<control type="button">
			<description>Channels GroupsList Label/Items</description>
			<left>233</left>
			<top>195</top>
    	<width>255</width>
			<height>45</height>
			<font>FontSize_18B</font>
			<textcolor>99white</textcolor>
			<shadowcolor>99000000</shadowcolor>
		  <include>TopButton</include>
    	<label>[B]$LOCALIZE[31350]:[/B]</label>
			<label2>$INFO[Container(13).NumItems]</label2>
		</control>
		<control type="button">
			<description>Hidden TVChannels Label/Items</description>
			<left>510</left>
			<top>195</top>
    	<width>255</width>
			<height>45</height>
			<font>FontSize_18B</font>
			<textcolor>99white</textcolor>
			<shadowcolor>99000000</shadowcolor>
		  <include>TopButton</include>
    	<label>[B]$INFO[Control.GetLabel(21)]:[/B]</label>
			<label2>$INFO[Container(11).NumItems]</label2>
		</control>
		<control type="button">
			<description>Visible TVChannels Label/Items</description>
			<left>788</left>
			<top>195</top>
    	<width>255</width>
			<height>45</height>
			<font>FontSize_18B</font>
			<textcolor>99white</textcolor>
			<shadowcolor>99000000</shadowcolor>
		  <include>TopButton</include>
    	<label>[B]$INFO[Control.GetLabel(22)]:[/B]</label>
			<label2>$INFO[Container(12).NumItems]</label2>
		</control>



		<control type="group" id="10002">
			<control type="group">
				<description>Channels Groups</description>
				<left>233</left>
				<top>200</top>
				<control type="list" id="13">
					<left>-2</left>
					<top>42</top>
					<width>260</width>
					<height>308</height>
					<onup>13</onup>
					<ondown>13</ondown>
					<onleft>10001</onleft>
					<onright>11</onright>
					<scrolltime>200</scrolltime>
					<itemlayout height="44" width="260">
						<control type="label">
							<left>10</left>
							<top>0</top>
							<width>210</width>
							<height>40</height>
							<font>FontSize_20</font>
							<textcolor>77white</textcolor>
							<selectedcolor>selected</selectedcolor>
							<align>left</align>
							<aligny>center</aligny>
							<info>ListItem.Label</info>
						</control>
					</itemlayout>
					<focusedlayout height="44" width="400">
						<control type="image">
							<left>0</left>
							<top>0</top>
							<width>260</width>
							<height>40</height>
							<texture>buttons/settings_fo.png</texture>
						  <animation effect="fade" start="100" end="0" time="100" condition="!Control.HasFocus(13)">conditional</animation>
						</control>
						<control type="image">
							<left>0</left>
							<top>0</top>
							<width>260</width>
							<height>40</height>
						  <texture>dialogs/selectdialog/selected.png</texture>
						  <animation effect="fade" start="100" end="0" time="100" condition="Control.HasFocus(13)">conditional</animation>
						</control>
						<control type="label">
							<left>10</left>
							<top>0</top>
							<width>210</width>
							<height>40</height>
							<font>FontSize_20</font>
							<textcolor>white</textcolor>
							<selectedcolor>selected</selectedcolor>
							<align>left</align>
							<aligny>center</aligny>
							<info>ListItem.Label</info>
						</control>
					</focusedlayout>
				</control>
			</control>
	
			<control type="group">
				<description>Hidden TV Channels</description>
				<left>511</left>
				<top>200</top>
				<control type="list" id="11">
					<left>-2</left>
					<top>42</top>
					<width>260</width>
					<height>308</height>
					<onup>11</onup>
					<ondown>11</ondown>
					<onleft>13</onleft>
					<onright>12</onright>
					<scrolltime>200</scrolltime>
					<itemlayout height="44" width="260">
						<control type="image">
							<left>3</left>
							<top>3</top>
							<width>34</width>
							<height>34</height>
						  <aspectratio align="center" aligny="center">keep</aspectratio>
							<texture fallback="windows/pvr/LiveTV.png">$INFO[ListItem.Icon]</texture>
						</control>
						<control type="label">
							<left>45</left>
							<top>0</top>
							<width>210</width>
							<height>40</height>
							<font>FontSize_20</font>
							<textcolor>77white</textcolor>
							<selectedcolor>selected</selectedcolor>
							<align>left</align>
							<aligny>center</aligny>
							<label>$INFO[ListItem.ChannelNumber,,. ]$INFO[ListItem.ChannelName]</label>
						</control>
					</itemlayout>
					<focusedlayout height="44" width="260">
						<control type="image">
							<left>0</left>
							<top>0</top>
							<width>260</width>
							<height>40</height>
							<texture>buttons/settings_fo.png</texture>
						  <animation effect="fade" start="100" end="0" time="100" condition="!Control.HasFocus(11)">conditional</animation>
						</control>
						<control type="image">
							<left>0</left>
							<top>0</top>
							<width>260</width>
							<height>40</height>
						  <texture>dialogs/selectdialog/selected.png</texture>
						  <animation effect="fade" start="100" end="0" time="100" condition="Control.HasFocus(11)">conditional</animation>
						</control>
						<control type="image">
							<left>3</left>
							<top>3</top>
							<width>34</width>
							<height>34</height>
						  <aspectratio align="center" aligny="center">keep</aspectratio>
							<texture fallback="windows/pvr/LiveTV.png">$INFO[ListItem.Icon]</texture>
						</control>
						<control type="label">
							<left>45</left>
							<top>0</top>
							<width>210</width>
							<height>40</height>
							<font>FontSize_20</font>
							<textcolor>white</textcolor>
							<selectedcolor>selected</selectedcolor>
							<align>left</align>
							<aligny>center</aligny>
							<label>$INFO[ListItem.ChannelNumber,,. ]$INFO[ListItem.ChannelName]</label>
						</control>
					</focusedlayout>
				</control>
			</control>
	
			<control type="group">
				<description>Visible TV Channels</description>
				<left>789</left>
				<top>200</top>
				<control type="list" id="12">
					<left>-2</left>
					<top>42</top>
					<width>260</width>
					<height>308</height>
					<onup>12</onup>
					<ondown>12</ondown>
					<onleft>11</onleft>
					<onright>10001</onright>
					<scrolltime>200</scrolltime>
					<itemlayout height="44" width="260">
						<control type="image">
							<left>3</left>
							<top>3</top>
							<width>34</width>
							<height>34</height>
						  <aspectratio align="center" aligny="center">keep</aspectratio>
							<texture fallback="windows/pvr/LiveTV.png">$INFO[ListItem.Icon]</texture>
						</control>
						<control type="label">
							<left>45</left>
							<top>0</top>
							<width>210</width>
							<height>40</height>
							<font>FontSize_20</font>
							<textcolor>77white</textcolor>
							<selectedcolor>selected</selectedcolor>
							<align>left</align>
							<aligny>center</aligny>
							<label>$INFO[ListItem.ChannelNumber,,. ]$INFO[ListItem.ChannelName]</label>
						</control>
					</itemlayout>
					<focusedlayout height="44" width="260">
						<control type="image">
							<left>0</left>
							<top>0</top>
							<width>260</width>
							<height>40</height>
							<texture>buttons/settings_fo.png</texture>
						  <animation effect="fade" start="100" end="0" time="100" condition="!Control.HasFocus(12)">conditional</animation>
						</control>
						<control type="image">
							<left>0</left>
							<top>0</top>
							<width>260</width>
							<height>40</height>
						  <texture>dialogs/selectdialog/selected.png</texture>
						  <animation effect="fade" start="100" end="0" time="100" condition="Control.HasFocus(12)">conditional</animation>
						</control>
						<control type="image">
							<left>3</left>
							<top>3</top>
							<width>34</width>
							<height>34</height>
						  <aspectratio align="center" aligny="center">keep</aspectratio>
							<texture fallback="windows/pvr/LiveTV.png">$INFO[ListItem.Icon]</texture>
						</control>
						<control type="label">
							<left>45</left>
							<top>0</top>
							<width>210</width>
							<height>40</height>
							<font>FontSize_20</font>
							<textcolor>white</textcolor>
							<selectedcolor>selected</selectedcolor>
							<align>left</align>
							<aligny>center</aligny>
							<label>$INFO[ListItem.ChannelNumber,,. ]$INFO[ListItem.ChannelName]</label>
						</control>
					</focusedlayout>
				</control>
			</control>
		</control>		
		
	  <control type="group" id="10000">
			<left>235</left>
			<top>540</top>
	    <!-- Buttons -->
			<control type="grouplist" id="10001">
				<width>0</width>
				<height>0</height>
				<itemgap>0</itemgap>
				<orientation>horizontal</orientation>
				<onleft>10001</onleft>
				<onright>10001</onright>
				<onup>10002</onup>
				<ondown>10002</ondown>
				<control type="button" id="26">
					<description>Add Group</description>
				  <label>31351</label>
				  <include>TopButton</include>
				</control>
				<control type="button" id="27">
					<description>Rename Group</description>
				  <label>31352</label>
				  <include>TopButton</include>
				</control>
				<control type="button" id="28">
					<description>Delete Group</description>
				  <label>31353</label>
				  <include>TopButton</include>
				</control>
				<control type="button" id="29">
					<description>Save</description>
				  <label>190</label>
				  <include>TopButton</include>
				</control>
			</control>
	    <!-- Buttons Labels -->
			<control type="grouplist">
				<width>825</width>
				<height>70</height>
				<itemgap>35</itemgap>
				<orientation>horizontal</orientation>
				<control type="label">
					<description>Search Label</description>
	        <include>DialogsButtonLabels</include>
	        <label>$INFO[Control.GetLabel(26),․  ]</label>
					<animation effect="fade" start="100" end="30" time="100" tween="sine" easing="inout" condition="!Control.HasFocus(26)" reversible="true">Conditional</animation>
	        <animation effect="zoom" start="100" end="95" time="100" tween="sine" easing="inout" center="15,0" condition="!Control.HasFocus(26)" reversible="true">Conditional</animation>
				</control>
				<control type="label">
					<description>Cancel Label</description>
	        <include>DialogsButtonLabels</include>
	        <label>$INFO[Control.GetLabel(27),․  ]</label>
					<animation effect="fade" start="100" end="30" time="100" tween="sine" easing="inout" condition="!Control.HasFocus(27)" reversible="true">Conditional</animation>
	        <animation effect="zoom" start="100" end="95" time="100" tween="sine" easing="inout" center="15,0" condition="!Control.HasFocus(27)" reversible="true">Conditional</animation>
				</control>
				<control type="label">
					<description>Defaults Label</description>
	        <include>DialogsButtonLabels</include>
	        <label>$INFO[Control.GetLabel(28),․  ]</label>
					<animation effect="fade" start="100" end="30" time="100" tween="sine" easing="inout" condition="!Control.HasFocus(28)" reversible="true">Conditional</animation>
	        <animation effect="zoom" start="100" end="95" time="100" tween="sine" easing="inout" center="15,0" condition="!Control.HasFocus(28)" reversible="true">Conditional</animation>
				</control>
				<control type="label">
					<description>Defaults Label</description>
	        <include>DialogsButtonLabels</include>
	        <label>$INFO[Control.GetLabel(29),․  ]</label>
					<animation effect="fade" start="100" end="30" time="100" tween="sine" easing="inout" condition="!Control.HasFocus(29)" reversible="true">Conditional</animation>
	        <animation effect="zoom" start="100" end="95" time="100" tween="sine" easing="inout" center="15,0" condition="!Control.HasFocus(29)" reversible="true">Conditional</animation>
				</control>
			</control>
	  </control>

		<control type="label" id="20">
			<description>Fake Label used to pass on name label</description>
			<visible>false</visible>
		</control>
		<control type="label" id="21">
	    <description>Fake Hidden TVChannels Label</description>
			<visible>false</visible>
		</control>
		<control type="label" id="22">
	    <description>Fake Visible TVChannels Label</description>
			<visible>false</visible>
		</control>		
		
	 </control>
		
	</controls>
</window>