<?xml version="1.0" encoding="UTF-8"?>
<window >
	<defaultcontrol always="true">5</defaultcontrol>
	<controls>
	
	 <control type="group">
	  <include>DialogAnimation</include>
		<visible>!Window.IsActive(virtualkeyboard) + !Window.IsActive(numericinput) + !Window.IsActive(selectdialog)</visible>
		<control type="image">
			<description>background image</description>
			<include>FullscreenDimensions</include>
			<texture background="true">dialogs/selectdialog/bg_select.png</texture>
		</control>
		<control type="label" id="2">
			<description>header label</description>
			<left>341</left>
			<top>185</top>
			<width>600</width>
			<font>FontSize_36</font>
			<align>center</align>
			<aligny>center</aligny>
			<textcolor>white</textcolor>
			<shadowcolor>99000000</shadowcolor>
			<scroll>true</scroll>
			<scrollspeed>20</scrollspeed>
		</control>

	   <control type="group" id="9000">
			<left>363</left>
			<top>229</top>
			<control type="grouplist" id="5">
				<description>control area</description>
				<left>0</left>
				<top>0</top>
				<width>553</width>
				<height>302</height>
				<itemgap>4</itemgap>
				<onup>10000</onup>
				<ondown>10000</ondown>
				<onleft>10000</onleft>
				<onright>10000</onright>
			</control>
			<control type="button" id="7">
				<description>Default Button</description>
	      <include>DialogsButton</include>
			</control>
			<control type="radiobutton" id="8">
				<description>Default RadioButton</description>
	      <include>DialogsRadioButton</include>
			</control>
			<control type="spincontrolex" id="9">
				<description>Default spincontrolex</description>
	      <include>DialogsSpincontrolex</include>
			</control>
			<control type="sliderex" id="10">
				<description>Default Slider</description>
	      <include>DialogsSliderx</include>
			</control>
			<control type="edit" id="12">
				<description>Default edit</description>
				<height>47</height>
				<font>FontSize_20</font>
				<textcolor>77white</textcolor>
				<focusedcolor>white</focusedcolor>
			  <disabledcolor>33white</disabledcolor>
				<texturefocus>buttons/settings_fo.png</texturefocus>
				<texturenofocus>-</texturenofocus>
			</control>
	   </control>

	  <control type="group" id="10000">
			<left>365</left>
			<top>525</top>
      <!-- Buttons -->
			<control type="grouplist" id="10001">
				<left>0</left>
				<top>0</top>
				<width>0</width>
				<height>0</height>
				<itemgap>0</itemgap>
				<align>left</align>
				<orientation>horizontal</orientation>
				<onleft>10001</onleft>
				<onright>10001</onright>
				<onup>9000</onup>
				<ondown>9000</ondown>
				<control type="button" id="28">
					<description>Button</description>
				  <label>190</label>
				  <include>TopButton</include>
				</control>
				<control type="button" id="27">
					<description>Button</description>
				  <label>192</label>
				  <include>TopButton</include>
				</control>
			</control>
      <!-- Buttons Labels -->
			<control type="grouplist">
				<left>0</left>
				<top>0</top>
				<height>70</height>
				<width>552</width>
				<itemgap>25</itemgap>
				<align>left</align>
				<orientation>horizontal</orientation>
				<control type="label">
					<description>Button Label</description>
	        <include>DialogsButtonLabels</include>
          <label>$INFO[Control.GetLabel(28),․  ]</label>
					<animation effect="fade" start="100" end="30" time="200" tween="sine" easing="inout" condition="!Control.HasFocus(28)" reversible="true">Conditional</animation>
          <animation effect="zoom" start="100" end="95" time="200" tween="sine" easing="inout" center="15,0" condition="!Control.HasFocus(28)" reversible="true">Conditional</animation>
				</control>
				<control type="label">
					<description>Button Label</description>
	        <include>DialogsButtonLabels</include>
          <label>$INFO[Control.GetLabel(27),․  ]</label>
					<animation effect="fade" start="100" end="30" time="200" tween="sine" easing="inout" condition="!Control.HasFocus(27)" reversible="true">Conditional</animation>
          <animation effect="zoom" start="100" end="95" time="200" tween="sine" easing="inout" center="15,0" condition="!Control.HasFocus(27)" reversible="true">Conditional</animation>
				</control>
			</control>
	  </control>
	 </control>
	</controls>
</window>