<?xml version="1.0" encoding="UTF-8"?>
<window >
	<defaultcontrol>29</defaultcontrol>
	<controls>
		<control type="group">
	    <include>DialogAnimation</include>
	    <visible>!Window.IsActive(virtualkeyboard) + !Window.IsActive(numericinput)</visible>
			<control type="image">
				<description>background image</description>
				<include>FullscreenDimensions</include>
				<texture background="true">dialogs/pvr/bg_timersettings.png</texture>
				<visible>!Player.HasMedia</visible>
			</control>
			<control type="image">
				<description>background image</description>
				<include>FullscreenDimensions</include>
				<texture background="true">dialogs/pvr/bg_timersettings.png</texture>
				<colordiffuse>FAFFFFFF</colordiffuse>
				<visible>Player.HasMedia</visible>
			</control>			
			<control type="label" id="2">
				<description>header label</description>
				<posx>363</posx>
				<posy>138</posy>
				<width>555</width>
				<height>50</height>
				<font>FontSize_32</font>
				<align>center</align>
				<aligny>center</aligny>
				<textcolor>white</textcolor>
				<shadowcolor>99000000</shadowcolor>
				<scroll>true</scroll>
				<scrollspeed>20</scrollspeed>
			  <label>-</label>
			</control>
			<control type="grouplist" id="5">
				<description>control area</description>
				<posx>383</posx>
				<posy>193</posy>
				<width>515</width>
				<height>353</height>
				<itemgap>4</itemgap>
				<onup>10000</onup>
				<ondown>10000</ondown>
				<onleft>10000</onleft>
				<onright>10000</onright>
			</control>


			<control type="button" id="7">
				<description>Default Button</description>
	      <include>DialogsButton</include>
			</control>
			<control type="radiobutton" id="8">
				<description>Default RadioButton</description>
				<radioposx>454</radioposx>
	      <include>DialogsRadioButton</include>
			</control>
			<control type="spincontrolex" id="9">
				<description>Default spincontrolex</description>
			  <spinposx>3</spinposx>
	      <include>DialogsSpincontrolex</include>
			</control>
			<control type="sliderex" id="10">
				<description>Default Slider</description>
	      <include>DialogsSliderx</include>
			</control>
			<control type="image" id="11">
				<description>Default Seperator</description>
				<height>2</height>
				<texture>-</texture>
			</control>
			<control type="edit" id="12">
				<description>Default Edit</description>
				<height>47</height>
			  <font>FontSize_20</font>
				<textcolor>77white</textcolor>
				<focusedcolor>white</focusedcolor>
			  <disabledcolor>33white</disabledcolor>
				<shadowcolor>99000000</shadowcolor>
				<texturefocus>buttons/settings_fo.png</texturefocus>
				<texturenofocus>-</texturenofocus>
			</control>


		  <control type="group" id="10000">
				<posx>385</posx>
				<posy>540</posy>
	      <!-- Buttons -->
				<control type="grouplist" id="10001">
					<posx>0</posx>
					<posy>0</posy>
					<width>0</width>
					<height>0</height>
					<itemgap>0</itemgap>
					<align>left</align>
					<orientation>horizontal</orientation>
					<onleft>10001</onleft>
					<onright>10001</onright>
					<onup>5</onup>
					<ondown>5</ondown>
					<control type="button" id="28">
						<description>Save</description>
					  <label>190</label>
					  <include>TopButton</include>
					</control>
					<control type="button" id="29">
						<description>Cancel</description>
					  <label>222</label>
					  <include>TopButton</include>
					</control>
				</control>
	      <!-- Buttons Labels -->
				<control type="grouplist">
					<posx>0</posx>
					<posy>0</posy>
					<height>70</height>
					<width>552</width>
					<itemgap>30</itemgap>
					<align>left</align>
					<orientation>horizontal</orientation>
					<control type="label">
						<description>Save Label</description>
						<height>62</height>
						<width min="10" max="552">auto</width>
						<font>FontSize_20</font>
						<textcolor>white</textcolor>
						<shadowcolor>99000000</shadowcolor>
				    <align>left</align>
				    <aligny>center</aligny>
						<scroll>false</scroll>
	          <label>$INFO[Control.GetLabel(28),․  ]</label>
						<animation effect="fade" start="100" end="30" time="200" tween="sine" easing="inout" condition="!Control.HasFocus(28)" reversible="true">Conditional</animation>
	          <animation effect="zoom" start="100" end="95" time="200" tween="sine" easing="inout" center="15,0" condition="!Control.HasFocus(28)" reversible="true">Conditional</animation>
					</control>
					<control type="label">
						<description>Cancel Label</description>
						<height>62</height>
						<width min="10" max="552">auto</width>
						<font>FontSize_20</font>
						<textcolor>white</textcolor>
						<shadowcolor>99000000</shadowcolor>
				    <align>left</align>
				    <aligny>center</aligny>
						<scroll>false</scroll>
	          <label>$INFO[Control.GetLabel(29),․  ]</label>
						<animation effect="fade" start="100" end="30" time="200" tween="sine" easing="inout" condition="!Control.HasFocus(29)" reversible="true">Conditional</animation>
	          <animation effect="zoom" start="100" end="95" time="200" tween="sine" easing="inout" center="15,0" condition="!Control.HasFocus(29)" reversible="true">Conditional</animation>
					</control>
				</control>
		  </control>
		</control>		
	</controls>
</window>