<?xml version="1.0" encoding="UTF-8"?>
<window  id="10140">
	<defaultcontrol always="true">100</defaultcontrol>
	<controls>
  <control type="button" id="100">
		<include>TopButton</include>
    <onfocus>SetFocus(20)</onfocus>
    <animation effect="fade" start="0" end="100" time="0" delay="50">Focus</animation>
  </control>
	 <control type="group">
	  <include>DialogAnimation</include>
		<visible>!Window.IsActive(PeripheralSettings)</visible>
		<control type="image">
			<description>background image</description>
			<include>FullscreenDimensions</include>
			<texture background="true">dialogs/selectdialog/bg_select_icon.png</texture>
		</control>
		<control type="label" id="1">
			<description>header label</description>
			<left>340</left>
			<top>185</top>
			<width>600</width>
			<font>FontSize_36</font>
			<textcolor>white</textcolor>
			<align>center</align>
			<aligny>center</aligny>
			<scroll>true</scroll>
			<scrollspeed>20</scrollspeed>
			<label>$LOCALIZE[35000]</label>
		</control>
		<control type="list" id="20">
			<left>363</left>
			<top>229</top>
			<width>552</width>
			<height>305</height>
			<onup>20</onup>
			<ondown>20</ondown>
			<onleft>10000</onleft>
			<onright>10000</onright>
			<scrolltime tween="Cubic" easing="Out">250</scrolltime>
			<itemlayout height="76" width="552">
				<control type="label">
					<left>10</left>
					<top>2</top>
					<width>532</width>
					<height>30</height>
					<font>FontSize_20B</font>
					<textcolor>77white</textcolor>
					<selectedcolor>selected</selectedcolor>
					<align>left</align>
					<aligny>center</aligny>
					<label>$INFO[ListItem.Label]</label>
				</control>
				<control type="label">
					<left>10</left>
					<top>23</top>
					<width>532</width>
					<height>30</height>
					<font>FontSize_16</font>
					<textcolor>77white</textcolor>
					<selectedcolor>selected</selectedcolor>
					<align>left</align>
					<aligny>center</aligny>
					<label>$INFO[ListItem.Property(Product),[B][COLOR=77white]$LOCALIZE[35504]:[/COLOR][/B]  ]    $INFO[ListItem.Property(Vendor),[B][COLOR=77white]$LOCALIZE[35503]:[/COLOR][/B]  ]    $INFO[ListItem.Property(Class),[B][COLOR=77white]$LOCALIZE[35501]:[/COLOR][/B]  ]</label>
				</control>
				<control type="label">
					<left>10</left>
					<top>41</top>
					<width>532</width>
					<height>30</height>
					<font>FontSize_16</font>
					<textcolor>77white</textcolor>
					<selectedcolor>selected</selectedcolor>
					<align>left</align>
					<aligny>center</aligny>
          <label>$INFO[ListItem.Property(Bus),[B][COLOR=77white]$LOCALIZE[35500]:[/COLOR][/B]  ]$INFO[ListItem.Property(Location), - ]</label>
				</control>
			</itemlayout>
			<focusedlayout height="76" width="552">
			 <control type="group">
	      <animation effect="slide" start="0,35" end="0,0" time="350" reversible="false" tween="back" easing="out" condition="Container(20).OnPrevious">focus</animation>
	      <animation effect="slide" start="0,-35" end="0,0" time="350" reversible="false" tween="back" easing="out" condition="Container(20).OnNext">focus</animation>
				<control type="image">
					<left>0</left>
					<top>0</top>
					<width>552</width>
					<height>72</height>
					<texture>buttons/settings_fo.png</texture>
					<visible>Control.HasFocus(20)</visible>
					<include>VisibleFadeEffect</include>
				</control>
				<control type="label">
					<left>10</left>
					<top>2</top>
					<width>532</width>
					<height>30</height>
					<font>FontSize_20B</font>
					<textcolor>white</textcolor>
					<selectedcolor>selected</selectedcolor>
					<align>left</align>
					<aligny>center</aligny>
					<label>$INFO[ListItem.Label]</label>
				</control>
				<control type="label">
					<left>10</left>
					<top>23</top>
					<width>532</width>
					<height>30</height>
					<font>FontSize_16</font>
					<textcolor>77white</textcolor>
					<selectedcolor>selected</selectedcolor>
					<align>left</align>
					<aligny>center</aligny>
					<label>$INFO[ListItem.Property(Product),[B][COLOR=77white]$LOCALIZE[35504]:[/COLOR][/B]  ]    $INFO[ListItem.Property(Vendor),[B][COLOR=77white]$LOCALIZE[35503]:[/COLOR][/B]  ]    $INFO[ListItem.Property(Class),[B][COLOR=77white]$LOCALIZE[35501]:[/COLOR][/B]  ]</label>
				</control>
				<control type="label">
					<left>10</left>
					<top>41</top>
					<width>532</width>
					<height>30</height>
					<font>FontSize_16</font>
					<textcolor>77white</textcolor>
					<selectedcolor>selected</selectedcolor>
					<align>left</align>
					<aligny>center</aligny>
          <label>$INFO[ListItem.Property(Bus),[B][COLOR=77white]$LOCALIZE[35500]:[/COLOR][/B]  ]$INFO[ListItem.Property(Location), - ]</label>
				</control>
			 </control>
			</focusedlayout>
		</control>

	  <control type="group" id="10000">
			<left>360</left>
			<top>525</top>
      <!-- Buttons -->
			<control type="grouplist" id="10001">
				<left>0</left>
				<top>0</top>
				<width>0</width>
				<height>0</height>
				<itemgap>0</itemgap>
				<align>left</align>
				<orientation>horizontal</orientation>
				<onleft>10001</onleft>
				<onright>10001</onright>
				<onup>20</onup>
				<ondown>20</ondown>
				<control type="button" id="10">
					<description>Button</description>
				  <label>190</label>
				  <include>TopButton</include>
				</control>
				<control type="button" id="11">
					<description>Button</description>
				  <label>5</label>
				  <include>TopButton</include>
				</control>
			</control>
      <!-- Buttons Labels -->
			<control type="grouplist">
				<left>0</left>
				<top>0</top>
				<height>70</height>
				<width>552</width>
				<itemgap>15</itemgap>
				<align>left</align>
				<orientation>horizontal</orientation>
				<control type="label">
					<description>Button Label</description>
	        <include>DialogsButtonLabels</include>
          <label>$INFO[Control.GetLabel(10),․  ]</label>
					<animation effect="fade" start="100" end="30" time="100" tween="sine" easing="inout" condition="!Control.HasFocus(10)" reversible="true">Conditional</animation>
          <animation effect="zoom" start="100" end="95" time="100" tween="sine" easing="inout" center="15,0" condition="!Control.HasFocus(10)" reversible="true">Conditional</animation>
				</control>
				<control type="label">
					<description>Button Label</description>
	        <include>DialogsButtonLabels</include>
          <label>$INFO[Control.GetLabel(11),․  ]</label>
					<animation effect="fade" start="100" end="30" time="100" tween="sine" easing="inout" condition="!Control.HasFocus(11)" reversible="true">Conditional</animation>
          <animation effect="zoom" start="100" end="95" time="100" tween="sine" easing="inout" center="15,0" condition="!Control.HasFocus(11)" reversible="true">Conditional</animation>
				</control>
			</control>
			<control type="group">
				<left>272</left>
				<top>0</top>
				<animation effect="fade" end="30" condition="true">Conditional</animation>
	      <animation effect="zoom" end="96" condition="true">Conditional</animation>
				<control type="label">
					<description>Page Count Label</description>
					<width>300</width>
					<height>62</height>
					<font>FontSize_20</font>
					<textcolor>white</textcolor>
					<shadowcolor>99000000</shadowcolor>
					<scroll>false</scroll>
					<align>right</align>
					<aligny>center</aligny>
					<label>$INFO[Container(20).NumItems,, $LOCALIZE[31025]]</label>
				  <visible>IntegerGreaterThan(Container(20).NumItems,0)</visible>
				</control>
			</control>
	  </control>
	 </control>
	</controls>
</window>