<?xml version="1.0" encoding="UTF-8"?>
<window  type="dialog" id="144">
	<include>DialogAnimation</include>
	<controls>

   <control type="group">
	  <include>DialogAnimation</include>
		<control type="image">
			<description>background image</description>
			<include>FullscreenDimensions</include>
			<texture background="true">dialogs/other/bg_ok.png</texture>
		</control>
		<control type="label" id="1">
			<description>header label</description>
			<left>340</left>
			<top>245</top>
			<width>600</width>
			<font>FontSize_36</font>
			<textcolor>white</textcolor>
			<align>center</align>
			<aligny>center</aligny>
			<scroll>true</scroll>
			<scrollspeed>20</scrollspeed>
		  <label>$LOCALIZE[31017]</label>
		</control>
	
	   <control type="group">
			<left>370</left>
			<top>250</top>
			<control type="label" id="401">
				<description>Song Number Label</description>
				<left>0</left>
				<top>65</top>
        <width>550</width>
				<height>45</height>
				<textcolor>77white</textcolor>
				<align>left</align>
				<aligny>center</aligny>
				<label>-</label>
				<haspath>true</haspath>
				<font>FontSize_22B</font>
			</control>
			<control type="label" id="402">
				<description>Song Name Label</description>
				<left>0</left>
				<top>95</top>
        <width>550</width>
				<height>45</height>
				<textcolor>77white</textcolor>
				<align>left</align>
				<aligny>center</aligny>
				<label>-</label>
				<haspath>true</haspath>
				<font>FontSize_22</font>
			</control>
		 </control>
	 </control>
	</controls>
</window>
