<?xml version="1.0" encoding="UTF-8"?>
<window >
	<defaultcontrol always="true">9</defaultcontrol>
	<controls>
	 <control type="group">
    <include>DialogAnimation</include>
		<control type="image">
			<description>background image</description>
			<include>FullscreenDimensions</include>
			<texture background="true">dialogs/pvr/bg_guidesearch.png</texture>
			<visible>!Player.HasMedia</visible>
		</control>
		<control type="image">
			<description>background image</description>
			<include>FullscreenDimensions</include>
			<texture background="true">dialogs/pvr/bg_guidesearch.png</texture>
			<colordiffuse>FAFFFFFF</colordiffuse>
			<visible>Player.HasMedia</visible>
		</control>
		<control type="label">
			<description>header label</description>
      <posx>230</posx>
      <posy>97</posy>
      <width>825</width>
      <height>40</height>
			<font>FontSize_32</font>
			<align>center</align>
			<aligny>center</aligny>
			<textcolor>white</textcolor>
			<shadowcolor>99000000</shadowcolor>
			<scroll>true</scroll>
			<scrollspeed>20</scrollspeed>
		  <label>$LOCALIZE[19142]</label>
		</control>
		<control type="edit" id="9">
			<description>Search string</description>
			<posx>230</posx>
			<posy>143</posy>
			<width>820</width>
			<font>FontSize_34</font>
			<textcolor>99white</textcolor>
			<texturefocus>-</texturefocus>
			<texturenofocus>-</texturenofocus>
			<align>left</align>
			<onleft>9</onleft>
			<onright>9</onright>
			<onup>26</onup>
			<ondown>10</ondown>
		</control>
		<control type="textbox">
			<description>Search help</description>
			<posx>235</posx>
			<posy>187</posy>
			<width>800</width>
			<height>70</height>
			<align>left</align>
			<font>FontSize_16B</font>
			<textcolor>44white</textcolor>
			<label>$LOCALIZE[19001] $LOCALIZE[19002]</label>
		</control>
			
		<control type="group" id="20000">
      <!-- Left Part -->
			<control type="group">
	      <posx>230</posx>
	      <posy>242</posy>
				<control type="radiobutton" id="10">
					<description>Include Description</description>
					<width>400</width>
			    <height>40</height>
					<font>FontSize_20</font>
					<textcolor>77white</textcolor>
					<focusedcolor>white</focusedcolor>
				  <disabledcolor>33white</disabledcolor>
					<shadowcolor>99000000</shadowcolor>
					<texturefocus>buttons/settings_fo.png</texturefocus>
					<texturenofocus>-</texturenofocus>
					<align>left</align>
					<aligny>top</aligny>
					<textoffsetx>10</textoffsetx>
					<textoffsety>5</textoffsety>
					<radiowidth>53</radiowidth>
					<radioheight>38</radioheight>
			    <radioposx>342</radioposx>
					<pulseonselect>true</pulseonselect>
					<label>19134</label>
					<onleft>12</onleft>
					<onright>12</onright>
					<onup>9</onup>
					<ondown>11</ondown>
				</control>
				<control type="radiobutton" id="11">
					<description>Case Sensitive</description>
					<posy>44</posy>
					<width>400</width>
			    <height>40</height>
					<font>FontSize_20</font>
					<textcolor>77white</textcolor>
					<focusedcolor>white</focusedcolor>
				  <disabledcolor>33white</disabledcolor>
					<shadowcolor>99000000</shadowcolor>
					<texturefocus>buttons/settings_fo.png</texturefocus>
					<texturenofocus>-</texturenofocus>
					<align>left</align>
					<aligny>top</aligny>
					<textoffsetx>10</textoffsetx>
					<textoffsety>5</textoffsety>
					<radiowidth>53</radiowidth>
					<radioheight>38</radioheight>
			    <radioposx>342</radioposx>
					<pulseonselect>true</pulseonselect>
					<label>19135</label>
					<onleft>13</onleft>
					<onright>13</onright>
					<onup>10</onup>
					<ondown>14</ondown>
				</control>
				<control type="edit" id="14">
					<description>Start Date</description>
					<posy>88</posy>
					<width>400</width>
			    <height>40</height>
					<font>FontSize_20</font>
					<textcolor>77white</textcolor>
					<focusedcolor>white</focusedcolor>
				  <disabledcolor>33white</disabledcolor>
					<shadowcolor>99000000</shadowcolor>
					<texturefocus>buttons/settings_fo.png</texturefocus>
					<texturenofocus>-</texturenofocus>
					<align>left</align>
					<aligny>top</aligny>
					<textoffsetx>10</textoffsetx>
					<textoffsety>5</textoffsety>
					<pulseonselect>true</pulseonselect>
					<label>19128</label>
					<onright>16</onright>
					<onleft>16</onleft>
					<onup>11</onup>
					<ondown>15</ondown>
				</control>
				<control type="edit" id="15">
					<description>Stop Date</description>
					<posy>132</posy>
					<width>400</width>
			    <height>40</height>
					<font>FontSize_20</font>
					<textcolor>77white</textcolor>
					<focusedcolor>white</focusedcolor>
				  <disabledcolor>33white</disabledcolor>
					<shadowcolor>99000000</shadowcolor>
					<texturefocus>buttons/settings_fo.png</texturefocus>
					<texturenofocus>-</texturenofocus>
					<align>left</align>
					<aligny>top</aligny>
					<textoffsetx>10</textoffsetx>
					<textoffsety>5</textoffsety>
					<pulseonselect>true</pulseonselect>
					<label>19129</label>
					<onright>17</onright>
					<onleft>17</onleft>
					<onup>14</onup>
					<ondown>18</ondown>
				</control>
				<control type="spincontrolex" id="18">
					<description>Genre</description>
					<posy>176</posy>
					<width>400</width>
			    <height>40</height>
					<font>FontSize_20</font>
					<textcolor>77white</textcolor>
					<focusedcolor>white</focusedcolor>
				  <disabledcolor>33white</disabledcolor>
					<shadowcolor>99000000</shadowcolor>
					<texturefocus>buttons/settings_fo.png</texturefocus>
					<texturenofocus>-</texturenofocus>
					<align>left</align>
					<aligny>top</aligny>
					<textoffsetx>10</textoffsetx>
					<textoffsety>5</textoffsety>
			    <spinposx>3</spinposx>
					<spinwidth>30</spinwidth>
					<spinheight>42</spinheight>
					<pulseonselect>true</pulseonselect>
					<label>515</label>
					<onright>19</onright>
					<onleft>19</onleft>
					<onup>15</onup>
					<ondown>20</ondown>
				</control>
				<control type="radiobutton" id="20">
					<description>Include unknown Genres</description>
					<posy>220</posy>
					<width>400</width>
			    <height>40</height>
					<font>FontSize_20</font>
					<textcolor>77white</textcolor>
					<focusedcolor>white</focusedcolor>
				  <disabledcolor>33white</disabledcolor>
					<shadowcolor>99000000</shadowcolor>
					<texturefocus>buttons/settings_fo.png</texturefocus>
					<texturenofocus>-</texturenofocus>
					<align>left</align>
					<aligny>top</aligny>
					<textoffsetx>10</textoffsetx>
					<textoffsety>5</textoffsety>
					<radiowidth>53</radiowidth>
					<radioheight>38</radioheight>
			    <radioposx>342</radioposx>
					<pulseonselect>true</pulseonselect>
					<label>19132</label>
					<onleft>21</onleft>
					<onright>21</onright>
					<onup>18</onup>
					<ondown>22</ondown>
				</control>
				<control type="radiobutton" id="22">
					<description>FTA only</description>
					<posy>264</posy>
					<width>400</width>
			    <height>40</height>
					<font>FontSize_20</font>
					<textcolor>77white</textcolor>
					<focusedcolor>white</focusedcolor>
				  <disabledcolor>33white</disabledcolor>
					<shadowcolor>99000000</shadowcolor>
					<texturefocus>buttons/settings_fo.png</texturefocus>
					<texturenofocus>-</texturenofocus>
					<align>left</align>
					<aligny>top</aligny>
					<textoffsetx>10</textoffsetx>
					<textoffsety>5</textoffsety>
					<radiowidth>53</radiowidth>
					<radioheight>38</radioheight>
			    <radioposx>342</radioposx>
					<pulseonselect>true</pulseonselect>
					<label>19123</label>
					<onleft>23</onleft>
					<onright>23</onright>
					<onup>20</onup>
					<ondown>24</ondown>
				</control>
				<control type="radiobutton" id="24">
					<description>Ignore Timers</description>
					<posy>308</posy>
					<width>400</width>
			    <height>40</height>
					<font>FontSize_20</font>
					<textcolor>77white</textcolor>
					<focusedcolor>white</focusedcolor>
				  <disabledcolor>33white</disabledcolor>
					<shadowcolor>99000000</shadowcolor>
					<texturefocus>buttons/settings_fo.png</texturefocus>
					<texturenofocus>-</texturenofocus>
					<align>left</align>
					<aligny>top</aligny>
					<textoffsetx>10</textoffsetx>
					<textoffsety>5</textoffsety>
					<radiowidth>53</radiowidth>
					<radioheight>38</radioheight>
			    <radioposx>342</radioposx>
					<pulseonselect>true</pulseonselect>
					<label>19124</label>
					<onleft>27</onleft>
					<onright>27</onright>
					<onup>22</onup>
					<ondown>10000</ondown>
				</control>
			</control>
      <!-- Right Part -->
			<control type="group">
				<posx>648</posx>
				<posy>242</posy>
				<control type="spincontrolex" id="12">
					<description>Min Duration</description>
					<width>400</width>
			    <height>40</height>
					<font>FontSize_20</font>
					<textcolor>77white</textcolor>
					<focusedcolor>white</focusedcolor>
				  <disabledcolor>33white</disabledcolor>
					<shadowcolor>99000000</shadowcolor>
					<texturefocus>buttons/settings_fo.png</texturefocus>
					<texturenofocus>-</texturenofocus>
					<align>left</align>
					<aligny>top</aligny>
					<textoffsetx>10</textoffsetx>
					<textoffsety>5</textoffsety>
			    <spinposx>3</spinposx>
					<spinwidth>30</spinwidth>
					<spinheight>42</spinheight>
					<pulseonselect>true</pulseonselect>
					<label>19130</label>
					<onright>10</onright>
					<onleft>10</onleft>
					<onup>9</onup>
					<ondown>13</ondown>
				</control>
				<control type="spincontrolex" id="13">
					<description>Max Duration</description>
					<posy>44</posy>
					<width>400</width>
			    <height>40</height>
					<font>FontSize_20</font>
					<textcolor>77white</textcolor>
					<focusedcolor>white</focusedcolor>
				  <disabledcolor>33white</disabledcolor>
					<shadowcolor>99000000</shadowcolor>
					<texturefocus>buttons/settings_fo.png</texturefocus>
					<texturenofocus>-</texturenofocus>
					<align>left</align>
					<aligny>top</aligny>
					<textoffsetx>10</textoffsetx>
					<textoffsety>5</textoffsety>
			    <spinposx>3</spinposx>
					<spinwidth>30</spinwidth>
					<spinheight>42</spinheight>
					<pulseonselect>true</pulseonselect>
					<label>19131</label>
					<onright>11</onright>
					<onleft>11</onleft>
					<onup>12</onup>
					<ondown>16</ondown>
				</control>
				<control type="edit" id="16">
					<description>Start time</description>
					<posy>88</posy>
					<width>400</width>
			    <height>40</height>
					<font>FontSize_20</font>
					<textcolor>77white</textcolor>
					<focusedcolor>white</focusedcolor>
				  <disabledcolor>33white</disabledcolor>
					<shadowcolor>99000000</shadowcolor>
					<texturefocus>buttons/settings_fo.png</texturefocus>
					<texturenofocus>-</texturenofocus>
					<align>left</align>
					<aligny>top</aligny>
					<textoffsetx>10</textoffsetx>
					<textoffsety>5</textoffsety>
					<pulseonselect>true</pulseonselect>
					<label>19126</label>
					<onright>14</onright>
					<onleft>14</onleft>
					<onup>13</onup>
					<ondown>17</ondown>
				</control>
				<control type="edit" id="17">
					<description>Stop time</description>
					<posy>132</posy>
					<width>400</width>
			    <height>40</height>
					<font>FontSize_20</font>
					<textcolor>77white</textcolor>
					<focusedcolor>white</focusedcolor>
				  <disabledcolor>33white</disabledcolor>
					<shadowcolor>99000000</shadowcolor>
					<texturefocus>buttons/settings_fo.png</texturefocus>
					<texturenofocus>-</texturenofocus>
					<align>left</align>
					<aligny>top</aligny>
					<textoffsetx>10</textoffsetx>
					<textoffsety>5</textoffsety>
					<pulseonselect>true</pulseonselect>
					<label>19127</label>
					<onright>15</onright>
					<onleft>15</onleft>
					<onup>16</onup>
					<ondown>19</ondown>
				</control>
				<control type="radiobutton" id="19">
					<description>avoid repeats</description>
					<posy>176</posy>
					<width>400</width>
			    <height>40</height>
					<font>FontSize_20</font>
					<textcolor>77white</textcolor>
					<focusedcolor>white</focusedcolor>
				  <disabledcolor>33white</disabledcolor>
					<shadowcolor>99000000</shadowcolor>
					<texturefocus>buttons/settings_fo.png</texturefocus>
					<texturenofocus>-</texturenofocus>
					<align>left</align>
					<aligny>top</aligny>
					<textoffsetx>10</textoffsetx>
					<textoffsety>5</textoffsety>
					<radiowidth>53</radiowidth>
					<radioheight>38</radioheight>
			    <radioposx>342</radioposx>
					<pulseonselect>true</pulseonselect>
					<label>19121</label>
					<onright>18</onright>
					<onleft>18</onleft>
					<onup>17</onup>
					<ondown>21</ondown>
				</control>
				<control type="spincontrolex" id="21">
					<description>Groups</description>
					<posy>220</posy>
					<width>400</width>
			    <height>40</height>
					<font>FontSize_20</font>
					<textcolor>77white</textcolor>
					<focusedcolor>white</focusedcolor>
				  <disabledcolor>33white</disabledcolor>
					<shadowcolor>99000000</shadowcolor>
					<texturefocus>buttons/settings_fo.png</texturefocus>
					<texturenofocus>-</texturenofocus>
					<align>left</align>
					<aligny>top</aligny>
					<textoffsetx>10</textoffsetx>
					<textoffsety>5</textoffsety>
			    <spinposx>3</spinposx>
					<spinwidth>30</spinwidth>
					<spinheight>42</spinheight>
					<pulseonselect>true</pulseonselect>
					<label>19141</label>
					<onright>20</onright>
					<onleft>20</onleft>
					<onup>19</onup>
					<ondown>23</ondown>
				</control>
				<control type="spincontrolex" id="23">
					<description>Channels</description>
					<posy>264</posy>
					<width>400</width>
			    <height>40</height>
					<font>FontSize_20</font>
					<textcolor>77white</textcolor>
					<focusedcolor>white</focusedcolor>
				  <disabledcolor>33white</disabledcolor>
					<shadowcolor>99000000</shadowcolor>
					<texturefocus>buttons/settings_fo.png</texturefocus>
					<texturenofocus>-</texturenofocus>
					<align>left</align>
					<aligny>top</aligny>
					<textoffsetx>10</textoffsetx>
					<textoffsety>5</textoffsety>
			    <spinposx>3</spinposx>
					<spinwidth>30</spinwidth>
					<spinheight>42</spinheight>
					<pulseonselect>true</pulseonselect>
					<label>19148</label>
					<onleft>22</onleft>
					<onright>22</onright>
					<onup>21</onup>
					<ondown>27</ondown>
				</control>
				<control type="radiobutton" id="27">
					<description>Ignore Recordings</description>
					<posy>308</posy>
					<width>400</width>
			    <height>40</height>
					<font>FontSize_20</font>
					<textcolor>77white</textcolor>
					<focusedcolor>white</focusedcolor>
				  <disabledcolor>33white</disabledcolor>
					<shadowcolor>99000000</shadowcolor>
					<texturefocus>buttons/settings_fo.png</texturefocus>
					<texturenofocus>-</texturenofocus>
					<align>left</align>
					<aligny>top</aligny>
					<textoffsetx>10</textoffsetx>
					<textoffsety>5</textoffsety>
					<radiowidth>53</radiowidth>
					<radioheight>38</radioheight>
			    <radioposx>342</radioposx>
					<pulseonselect>true</pulseonselect>
					<label>19125</label>
					<onleft>24</onleft>
					<onright>24</onright>
					<onup>23</onup>
					<ondown>10000</ondown>
				</control>
			</control>
		</control>

	  <control type="group" id="10000">
			<posx>235</posx>
			<posy>580</posy>
	    <!-- Buttons -->
			<control type="grouplist" id="10001">
				<posx>0</posx>
				<posy>0</posy>
				<width>0</width>
				<height>0</height>
				<itemgap>0</itemgap>
				<align>left</align>
				<orientation>horizontal</orientation>
				<onleft>10001</onleft>
				<onright>10001</onright>
				<onup>20000</onup>
				<ondown>9</ondown>
				<control type="button" id="26">
					<description>Search Button</description>
				  <label>137</label>
				  <include>TopButton</include>
				</control>
				<control type="button" id="25">
					<description>Cancel</description>
				  <label>222</label>
				  <include>TopButton</include>
				</control>
				<control type="button" id="28">
					<description>Cancel</description>
				  <label>409</label>
				  <include>TopButton</include>
				</control>
			</control>
	    <!-- Buttons Labels -->
			<control type="grouplist">
				<posx>0</posx>
				<posy>0</posy>
				<height>70</height>
				<width>552</width>
				<itemgap>30</itemgap>
				<align>left</align>
				<orientation>horizontal</orientation>
				<control type="label">
					<description>Search Label</description>
					<height>62</height>
					<width min="10" max="552">auto</width>
					<font>FontSize_20</font>
					<textcolor>white</textcolor>
					<shadowcolor>99000000</shadowcolor>
			    <align>left</align>
			    <aligny>center</aligny>
					<scroll>false</scroll>
	        <label>$INFO[Control.GetLabel(26),․  ]</label>
					<animation effect="fade" start="100" end="30" time="200" tween="sine" easing="inout" condition="!Control.HasFocus(26)" reversible="true">Conditional</animation>
	        <animation effect="zoom" start="100" end="95" time="200" tween="sine" easing="inout" center="15,0" condition="!Control.HasFocus(26)" reversible="true">Conditional</animation>
				</control>
				<control type="label">
					<description>Cancel Label</description>
					<height>62</height>
					<width min="10" max="552">auto</width>
					<font>FontSize_20</font>
					<textcolor>white</textcolor>
					<shadowcolor>99000000</shadowcolor>
			    <align>left</align>
			    <aligny>center</aligny>
					<scroll>false</scroll>
	        <label>$INFO[Control.GetLabel(25),․  ]</label>
					<animation effect="fade" start="100" end="30" time="200" tween="sine" easing="inout" condition="!Control.HasFocus(25)" reversible="true">Conditional</animation>
	        <animation effect="zoom" start="100" end="95" time="200" tween="sine" easing="inout" center="15,0" condition="!Control.HasFocus(25)" reversible="true">Conditional</animation>
				</control>
				<control type="label">
					<description>Defaults Label</description>
					<height>62</height>
					<width min="10" max="552">auto</width>
					<font>FontSize_20</font>
					<textcolor>white</textcolor>
					<shadowcolor>99000000</shadowcolor>
			    <align>left</align>
			    <aligny>center</aligny>
					<scroll>false</scroll>
	        <label>$INFO[Control.GetLabel(28),․  ]</label>
					<animation effect="fade" start="100" end="30" time="200" tween="sine" easing="inout" condition="!Control.HasFocus(28)" reversible="true">Conditional</animation>
	        <animation effect="zoom" start="100" end="95" time="200" tween="sine" easing="inout" center="15,0" condition="!Control.HasFocus(28)" reversible="true">Conditional</animation>
				</control>
			</control>
	  </control>
	 </control>

	</controls>
</window>