<?xml version="1.0" encoding="UTF-8"?>
<window  id="128">
	<defaultcontrol>10</defaultcontrol>
	<controls>

	 <control type="group">
		<include>DialogAnimation</include>
    <visible>!Window.IsActive(virtualkeyboard) + !Window.IsVisible(busydialog) + !Window.IsActive(okdialog) + ![Window.IsActive(filebrowser) + !IsEmpty(Window(home).Property(ShowDialog))]</visible>
		<control type="image">
			<description>background image</description>
			<include>FullscreenDimensions</include>
			<texture background="true">dialogs/other/bg_networksettings.png</texture>
		</control>
		<control type="label" id="2">
			<description>Head Label</description>
			<posx>340</posx>
			<posy>185</posy>
			<width>600</width>
			<font>FontSize_36</font>
			<textcolor>white</textcolor>
			<align>center</align>
			<scroll>true</scroll>
			<scrollspeed>20</scrollspeed>
			<label>1007</label>
		</control>
		<control type="spincontrolex" id="10">
			<description>Protocol SpinControl</description>
			<posx>363</posx>
			<posy>229</posy>
			<width>553</width>
			<label>1008</label>
			<onup>18</onup>
			<ondown>11</ondown>
			<onleft>10</onleft>
			<onright>10</onright>
	    <include>DialogsSpincontrolex</include>
		</control>
		<control type="button" id="11">
			<description>Server Address Button</description>
			<posx>363</posx>
			<posy>280</posy>
			<width>389</width>
			<label>-</label>
			<onup>10</onup>
			<onleft>12</onleft>
			<onright>12</onright>
			<ondown>16</ondown>
	    <include>DialogsButton</include>
		</control>
		<control type="button" id="12">
			<description>Server Browse Button</description>
			<posx>756</posx>
			<posy>280</posy>
			<width>160</width>
			<label>1024</label>
			<onup>10</onup>
			<onleft>11</onleft>
			<onright>11</onright>
			<ondown>16</ondown>
			<align>center</align>
	    <include>DialogsButton</include>
		</control>
		<control type="button" id="16">
			<description>Remote path Button</description>
			<posx>363</posx>
			<posy>331</posy>
			<width>553</width>
			<label>-</label>
			<onup>11</onup>
			<onleft>16</onleft>
			<onright>16</onright>
			<ondown>13</ondown>
	    <include>DialogsButton</include>
		</control>
		<control type="button" id="13">
			<description>Port Button</description>
			<posx>363</posx>
			<posy>382</posy>
			<width>553</width>
			<label>1013</label>
			<onup>16</onup>
			<onleft>13</onleft>
			<onright>13</onright>
			<ondown>14</ondown>
	    <include>DialogsButton</include>
		</control>
		<control type="button" id="14">
			<description>Username Button</description>
			<posx>363</posx>
			<posy>433</posy>
			<width>553</width>
			<label>1014</label>
			<onup>13</onup>
			<onleft>14</onleft>
			<onright>14</onright>
			<ondown>15</ondown>
	    <include>DialogsButton</include>
		</control>
		<control type="button" id="15">
			<description>Password Button</description>
			<posx>363</posx>
			<posy>484</posy>
			<width>553</width>
			<label>15052</label>
			<onup>14</onup>
			<onleft>15</onleft>
			<onright>15</onright>
			<ondown>18</ondown>
	    <include>DialogsButton</include>
		</control>			

		  <control type="group" id="10000">
				<posx>365</posx>
				<posy>525</posy>
	      <!-- Buttons -->
				<control type="grouplist" id="10001">
					<posx>0</posx>
					<posy>0</posy>
					<width>0</width>
					<height>0</height>
					<itemgap>0</itemgap>
					<align>left</align>
					<orientation>horizontal</orientation>
					<onleft>10001</onleft>
					<onright>10001</onright>
					<onup>15</onup>
					<ondown>10</ondown>
					<control type="button" id="18">
						<description>Save</description>
					  <label>190</label>
					  <include>TopButton</include>
					</control>
					<control type="button" id="19">
						<description>Cancel</description>
					  <label>222</label>
					  <include>TopButton</include>
					</control>
				</control>
	      <!-- Buttons Labels -->
				<control type="grouplist">
					<posx>0</posx>
					<posy>0</posy>
					<height>70</height>
					<width>552</width>
					<itemgap>30</itemgap>
					<align>left</align>
					<orientation>horizontal</orientation>
					<control type="label">
						<description>Save Label</description>
	          <include>DialogsButtonLabels</include>
            <label>$INFO[Control.GetLabel(18),․  ]</label>
						<animation effect="fade" start="100" end="30" time="100" tween="sine" easing="inout" condition="!Control.HasFocus(18)" reversible="true">Conditional</animation>
	          <animation effect="zoom" start="100" end="95" time="100" tween="sine" easing="inout" center="15,0" condition="!Control.HasFocus(18)" reversible="true">Conditional</animation>
					</control>
					<control type="label">
						<description>Cancel Label</description>
	          <include>DialogsButtonLabels</include>
            <label>$INFO[Control.GetLabel(19),․  ]</label>
						<animation effect="fade" start="100" end="30" time="100" tween="sine" easing="inout" condition="!Control.HasFocus(19)" reversible="true">Conditional</animation>
	          <animation effect="zoom" start="100" end="95" time="100" tween="sine" easing="inout" center="15,0" condition="!Control.HasFocus(19)" reversible="true">Conditional</animation>
					</control>
				</control>
		  </control>
			
		</control>

		
	</controls>
</window>
