<?xml version="1.0" encoding="UTF-8"?>
<window  id="101">
  <zorder>3</zorder>
	<defaultcontrol always="true">10</defaultcontrol>
	<controls>

		<control type="group">
     <visible>!Window.IsVisible(virtualkeyboard) + !Window.IsVisible(selectdialog) + !Window.IsVisible(DialogSelect.xml) + !Window.IsVisible(yesnodialog) + !Window.IsVisible(okdialog)</visible>
		 <animation type="WindowOpen" reversible="false">
			<effect type="zoom" time="350" center="640,360" start="150" end="100" tween="cubic" easing="out"/>
			<effect type="fade" time="350" center="640,360" start="0" easing="out" end="100"/>
		 </animation>
		 <animation type="WindowClose" reversible="false">
			<effect type="zoom" time="250" center="640,360" start="100" end="150" tween="cubic" easing="in"/>
			<effect type="fade" time="250" center="640,360" start="100" easing="in" end="0"/>
		 </animation>
		 <animation type="Visible" reversible="false">
			<effect type="zoom" time="350" center="640,360" start="150" end="100" tween="cubic" easing="out"/>
			<effect type="fade" time="350" center="640,360" start="0" easing="out" end="100"/>
		 </animation>			
		 <animation type="Hidden" reversible="false">
			<effect type="zoom" time="350" center="640,360" start="100" end="150" tween="cubic" easing="in"/>
			<effect type="fade" time="350" center="640,360" start="100" easing="in" end="0"/>
		 </animation>
		 <control type="image">
			<left>430</left>
			<top>165</top>
			<width>435</width>
			<height>375</height>
			<texture border="49">dialogs/progress/bg.png</texture>
			<aspectratio align="center" aligny="center">stretch</aspectratio>
		 </control>
			<control type="label" id="1">
				<description>header label</description>
				<left>455</left>
				<top>200</top>
				<width>385</width>
				<font>FontSize_26</font>
				<textcolor>99white</textcolor>
				<align>center</align>
				<aligny>center</aligny>
				<scroll>true</scroll>
				<scrollspeed>20</scrollspeed>
				<label>Remove ID to Test, Remove ID to Test, Remove ID to Test</label>
			</control>
		 <control type="group">
			<left>540</left>
			<top>233</top>
			<control type="image">
				<description>Busy animation</description>
				<left>0</left>
				<top>0</top>
				<width>220</width>
				<height>220</height>
				<texture>dialogs/busy/static_busy.png</texture>
				<aspectratio>keep</aspectratio>
			</control>
			<control type="image">
				<description>Busy animation</description>
				<left>0</left>
				<top>0</top>
				<width>220</width>
				<height>220</height>
				<texture>dialogs/busy/animation_1.png</texture>
				<aspectratio>keep</aspectratio>
				<animation effect="rotate" start="0" end="360" center="auto" time="2500" loop="true" condition="true">conditional</animation>
			</control>
			<control type="image">
				<description>Busy animation</description>
				<left>0</left>
				<top>0</top>
				<width>220</width>
				<height>220</height>
				<texture>dialogs/busy/animation_2.png</texture>
				<aspectratio>keep</aspectratio>
				<animation effect="rotate" start="0" end="-360" center="auto" time="2500" loop="true" condition="true">conditional</animation>
			</control>
			<control type="label">
				<description>Busy label</description>
				<left>-90</left>
				<top>90</top>
				<width>400</width>
				<height>40</height>
				<align>center</align>
				<aligny>center</aligny>
				<label>$INFO[System.Progressbar,,%]</label>
				<font>FontSize_26</font>
				<textcolor>99white</textcolor>
				<visible>IntegerGreaterThan(System.Progressbar,0)</visible>
			</control>
		 </control>	
	
		 <control type="group">
			<left>455</left>
			<top>455</top>
			<control type="label" id="2">
				<description>Busy Line 1</description>
				<left>0</left>
				<top>0</top>
				<width>385</width>
				<height>20</height>
				<font>FontSize_22</font>
				<textcolor>77white</textcolor>
				<shadowcolor>99000000</shadowcolor>
				<align>center</align>
				<aligny>center</aligny>
				<scroll>true</scroll>
				<scrollspeed>20</scrollspeed>
				<label>Remove ID to Test, Remove ID to Test, Remove ID to Test</label>
			</control>
			<control type="label" id="3">
				<description>Busy Line 2</description>
				<left>0</left>
				<top>25</top>
				<width>385</width>
				<height>20</height>
				<font>FontSize_22</font>
				<textcolor>77white</textcolor>
				<shadowcolor>99000000</shadowcolor>
				<align>center</align>
				<aligny>center</aligny>
				<scroll>true</scroll>
				<scrollspeed>20</scrollspeed>
				<label>Remove ID to Test, Remove ID to Test, Remove ID to Test</label>
			</control>
		 </control>
		 <control type="button" id="10">
			<description>Cancel button</description>
			<left>575</left>
			<top>530</top>
			<width>150</width>
			<height>40</height>
			<texturenofocus border="10,0,10,0">-</texturenofocus>
			<texturefocus border="10,0,10,0">-</texturefocus>
			<align>center</align>
			<aligny>top</aligny>
			<font>-</font>
			<textcolor>99grey</textcolor>
			<focusedcolor>white</focusedcolor>
			<disabledcolor>44white</disabledcolor>
			<shadowcolor>55000000</shadowcolor>
			<textoffsety>4</textoffsety>
			<onleft>10</onleft>
			<onright>10</onright>
			<onup>10</onup>
			<ondown>10</ondown>
		 </control>
	  </control>
	</controls>
</window>