<?xml version="1.0" encoding="UTF-8"?>
<window  id="110">
	<defaultcontrol always="true">1</defaultcontrol>
	<controls>

   <control type="group">
	  <include>DialogAnimation</include>
		<control type="image">
			<description>background image</description>
			<include>FullscreenDimensions</include>
			<texture background="true">dialogs/other/bg_ok.png</texture>
		</control>
		<control type="label" id="1">
			<description>header label</description>
			<left>340</left>
			<top>265</top>
			<width>600</width>
			<font>FontSize_36</font>
			<textcolor>white</textcolor>
			<align>center</align>
			<aligny>center</aligny>
			<scroll>true</scroll>
			<scrollspeed>20</scrollspeed>
		  <label>-</label>
		</control>
	
	   <control type="group">
			<left>370</left>
			<top>250</top>
			<control type="label" id="2">
				<description>dialog line 1</description>
				<left>0</left>
				<top>60</top>
        <width>550</width>
				<height>40</height>
				<textcolor>99white</textcolor>
				<align>center</align>
				<aligny>center</aligny>
				<label>-</label>
				<haspath>true</haspath>
				<font>FontSize_20</font>
			</control>
			<control type="label" id="3">
				<description>dialog line 2</description>
				<left>0</left>
				<top>85</top>
        <width>550</width>
				<height>40</height>
				<textcolor>99white</textcolor>
				<align>center</align>
				<aligny>center</aligny>
				<label>-</label>
				<haspath>true</haspath>
				<font>FontSize_20</font>
				<animation effect="slide" start="0,0" end="0,-25" time="0" condition="IsEmpty(Control.GetLabel(2))">Conditional</animation>
			</control>
			<control type="label" id="4">
				<description>dialog line 3</description>
				<left>0</left>
				<top>110</top>
        <width>545</width>
				<height>40</height>
				<textcolor>99white</textcolor>
				<align>center</align>
				<aligny>center</aligny>
				<label>-</label>
				<haspath>true</haspath>
				<font>FontSize_20</font>
				<animation effect="slide" start="0,0" end="0,-25" time="0" condition="IsEmpty(Control.GetLabel(2))">Conditional</animation>
			</control>
		 </control>
	 </control>
	</controls>
</window>
