<?xml version="1.0" encoding="UTF-8"?>
<window >
	<defaultcontrol always="true">20</defaultcontrol>
	<allowoverlay>no</allowoverlay>
	<controls>
	
	 <control type="group">
    <include>DialogAnimation</include>
    <visible>!Window.IsActive(virtualkeyboard) + !Window.IsActive(pvrgroupmanager) + !Window.IsActive(filebrowser) + !Window.IsActive(yesnodialog) + !Window.IsActive(okdialog) + !Window.IsActive(shutdownmenu)</visible>
		<control type="image">
			<description>background image</description>
			<include>FullscreenDimensions</include>
			<texture background="true">dialogs/pvr/bg_channelmanager.png</texture>
			<visible>!Player.HasMedia</visible>
		</control>
		<control type="image">
			<description>background image</description>
			<include>FullscreenDimensions</include>
			<texture background="true">dialogs/pvr/bg_channelmanager.png</texture>
			<colordiffuse>FAFFFFFF</colordiffuse>
			<visible>Player.HasMedia</visible>
		</control>
		<control type="image">
			<description>background image</description>
			<include>FullscreenDimensions</include>
			<texture background="true">dialogs/pvr/channelmanager_lines.png</texture>
			<colordiffuse>FAFFFFFF</colordiffuse>
      <visible>!Window.IsActive(contextmenu)</visible>
		</control>
		<control type="label">
			<description>header label</description>
      <left>230</left>
      <top>145</top>
      <width>825</width>
      <height>40</height>
			<font>FontSize_32</font>
			<align>center</align>
			<aligny>center</aligny>
			<textcolor>white</textcolor>
			<shadowcolor>99000000</shadowcolor>
			<scroll>true</scroll>
			<scrollspeed>20</scrollspeed>
			<label>$LOCALIZE[19199] - $LOCALIZE[19023]</label>
			<visible>IsEmpty(Window.Property(IsRadio))</visible>
		</control>
		<control type="label">
			<description>header label</description>
      <left>230</left>
      <top>97</top>
      <width>825</width>
      <height>40</height>
			<font>FontSize_32</font>
			<align>center</align>
			<aligny>center</aligny>
			<textcolor>white</textcolor>
			<shadowcolor>99000000</shadowcolor>
			<scroll>true</scroll>
			<scrollspeed>20</scrollspeed>
			<label>$LOCALIZE[19199] - $LOCALIZE[19024]</label>
			<visible>!IsEmpty(Window.Property(IsRadio))</visible>
		</control>

		<control type="group"  id="10002">
			<!-- Left Part -->
			<control type="group"  id="20000">
				<left>230</left>
				<top>198</top>
				<control type="list" id="20">
					<left>0</left>
					<top>0</top>
					<width>400</width>
					<height>308</height>
					<onup>20</onup>
					<ondown>20</ondown>
					<onleft>31</onleft>
					<onright>30000</onright>
					<pagecontrol>60</pagecontrol>
					<scrolltime>200</scrolltime>
        	<visible>!Window.IsActive(contextmenu)</visible>
					<itemlayout height="44" width="400">
						<control type="image">
							<left>3</left>
							<top>3</top>
							<width>34</width>
							<height>34</height>
						  <aspectratio align="center" aligny="center">keep</aspectratio>
							<texture fallback="windows/pvr/LiveTV.png">$INFO[ListItem.Property(Icon)]</texture>
							<visible>ListItem.Property(ActiveChannel)</visible>
						</control>
						<control type="image">
							<left>3</left>
							<top>3</top>
							<width>34</width>
							<height>34</height>
						  <aspectratio align="center" aligny="center">keep</aspectratio>
							<colordiffuse>77white</colordiffuse>
							<texture fallback="windows/pvr/LiveTV.png">$INFO[ListItem.Property(Icon)]</texture>
							<visible>!ListItem.Property(ActiveChannel)</visible>
						</control>
						<control type="label">
							<left>47</left>
							<top>0</top>
							<width>335</width>
							<height>40</height>
							<font>FontSize_20</font>
							<textcolor>77white</textcolor>
							<selectedcolor>selected</selectedcolor>
							<align>left</align>
							<aligny>center</aligny>
							<label>$INFO[ListItem.Property(Number),,. ]$INFO[ListItem.Property(Name)]</label>
							<visible>ListItem.Property(ActiveChannel)</visible>
						</control>
						<control type="label">
							<left>47</left>
							<top>0</top>
							<width>335</width>
							<height>40</height>
							<font>FontSize_20</font>
							<textcolor>44white</textcolor>
							<selectedcolor>selected</selectedcolor>
							<align>left</align>
							<aligny>center</aligny>
							<label>$INFO[ListItem.Property(Name)]</label>
							<visible>!ListItem.Property(ActiveChannel)</visible>
						</control>
						<control type="image">
							<left>397</left>
							<top>0</top>
							<width>3</width>
							<height>40</height>
						  <texture>windows/pvr/changed.png</texture>
							<visible>ListItem.Property(Changed)</visible>
						</control>
					</itemlayout>
					<focusedlayout height="44" width="400">
					 <control type="group">
			      <animation effect="slide" start="0,35" end="0,0" time="350" reversible="false" tween="back" easing="out" condition="Container(20).OnPrevious">focus</animation>
			      <animation effect="slide" start="0,-35" end="0,0" time="350" reversible="false" tween="back" easing="out" condition="Container(20).OnNext">focus</animation>
						<control type="image">
							<left>0</left>
							<top>0</top>
							<width>400</width>
							<height>40</height>
							<texture>buttons/settings_fo.png</texture>
						  <animation effect="fade" start="100" end="0" time="100" condition="!Control.HasFocus(20)">conditional</animation>
						</control>
						<control type="image">
							<left>0</left>
							<top>0</top>
							<width>400</width>
							<height>40</height>
						  <texture>dialogs/selectdialog/selected.png</texture>
						  <animation effect="fade" start="100" end="0" time="100" condition="Control.HasFocus(20)">conditional</animation>
						</control>
						<control type="image">
							<left>3</left>
							<top>3</top>
							<width>34</width>
							<height>34</height>
						  <aspectratio align="center" aligny="center">keep</aspectratio>
							<texture fallback="windows/pvr/LiveTV.png">$INFO[ListItem.Property(Icon)]</texture>
							<visible>ListItem.Property(ActiveChannel)</visible>
						</control>
						<control type="image">
							<left>3</left>
							<top>3</top>
							<width>34</width>
							<height>34</height>
						  <aspectratio align="center" aligny="center">keep</aspectratio>
							<colordiffuse>77white</colordiffuse>
							<texture fallback="windows/pvr/LiveTV.png">$INFO[ListItem.Property(Icon)]</texture>
							<visible>!ListItem.Property(ActiveChannel)</visible>
						</control>
						<control type="label">
							<left>47</left>
							<top>0</top>
							<width>335</width>
							<height>40</height>
							<font>FontSize_20</font>
							<textcolor>white</textcolor>
							<selectedcolor>selected</selectedcolor>
							<align>left</align>
							<aligny>center</aligny>
							<label>$INFO[ListItem.Property(Number),,. ]$INFO[ListItem.Property(Name)]</label>
							<visible>ListItem.Property(ActiveChannel)</visible>
						</control>
						<control type="label">
							<left>47</left>
							<top>0</top>
							<width>335</width>
							<height>40</height>
							<font>FontSize_20</font>
							<textcolor>44white</textcolor>
							<selectedcolor>selected</selectedcolor>
							<align>left</align>
							<aligny>center</aligny>
							<label>$INFO[ListItem.Property(Name)]</label>
							<visible>!ListItem.Property(ActiveChannel)</visible>
						</control>
					 </control>
						<control type="image">
							<left>397</left>
							<top>0</top>
							<width>3</width>
							<height>40</height>
						  <texture>windows/pvr/changed.png</texture>
							<visible>ListItem.Property(Changed)</visible>
						</control>
					</focusedlayout>
				</control>
	
				<control type="group">
					<left>0</left>
					<top>308</top>
					<control type="button" id ="31">
						<description>Edit channel Button</description>
						<width>131</width>
				    <height>40</height>
						<font>FontSize_16B</font>
						<textcolor>77white</textcolor>
						<focusedcolor>white</focusedcolor>
					  <disabledcolor>33white</disabledcolor>
						<shadowcolor>99000000</shadowcolor>
						<texturefocus>buttons/settings_fo.png</texturefocus>
						<texturenofocus>-</texturenofocus>
						<align>center</align>
						<aligny>top</aligny>
						<textoffsetx>5</textoffsetx>
						<textoffsety>9</textoffsety>
						<pulseonselect>true</pulseonselect>
						<label>19203</label>
						<onleft>noop</onleft>
						<onright>32</onright>
						<onup>20</onup>
						<ondown>10000</ondown>
					</control>
					<control type="button" id ="32">
						<description>Delete channel Button</description>
						<left>135</left>
						<width>131</width>
				    <height>40</height>
						<font>FontSize_16B</font>
						<textcolor>77white</textcolor>
						<focusedcolor>white</focusedcolor>
					  <disabledcolor>33white</disabledcolor>
						<shadowcolor>99000000</shadowcolor>
						<texturefocus>buttons/settings_fo.png</texturefocus>
						<texturenofocus>-</texturenofocus>
						<align>center</align>
						<aligny>top</aligny>
						<textoffsetx>5</textoffsetx>
						<textoffsety>9</textoffsety>
						<pulseonselect>true</pulseonselect>
						<label>19211</label>
						<onleft>31</onleft>
						<onright>33</onright>
						<onup>20</onup>
						<ondown>10000</ondown>
					</control>
					<control type="button" id ="33">
						<description>New channel Button</description>
						<left>270</left>
						<width>130</width>
				    <height>40</height>
						<font>FontSize_16B</font>
						<textcolor>77white</textcolor>
						<focusedcolor>white</focusedcolor>
					  <disabledcolor>33white</disabledcolor>
						<shadowcolor>99000000</shadowcolor>
						<texturefocus>buttons/settings_fo.png</texturefocus>
						<texturenofocus>-</texturenofocus>
						<align>center</align>
						<aligny>top</aligny>
						<textoffsetx>5</textoffsetx>
						<textoffsety>9</textoffsety>
						<pulseonselect>true</pulseonselect>
						<label>19204</label>
						<onleft>32</onleft>
						<onright>30000</onright>
						<onup>20</onup>
						<ondown>10000</ondown>
					</control>
				</control>
			</control>
	
			<!-- Right Part -->		
			<control type="group" id="30000">
				<left>648</left>
				<top>198</top>
				<control type="radiobutton" id="7">
					<description>Channel activated</description>
					<width>400</width>
			    <height>40</height>
					<font>FontSize_20</font>
					<textcolor>77white</textcolor>
					<focusedcolor>white</focusedcolor>
				  <disabledcolor>33white</disabledcolor>
					<shadowcolor>99000000</shadowcolor>
					<texturefocus>buttons/settings_fo.png</texturefocus>
					<texturenofocus>-</texturenofocus>
					<align>left</align>
					<aligny>top</aligny>
					<textoffsetx>10</textoffsetx>
					<textoffsety>5</textoffsety>
					<radiowidth>53</radiowidth>
					<radioheight>38</radioheight>
			    <radioposx>342</radioposx>
					<pulseonselect>true</pulseonselect>
					<label>19074</label>
					<onleft>20000</onleft>
					<onright>10000</onright>
					<onup>10000</onup>
					<ondown>8</ondown>
				</control>
				<control type="edit" id="8">
					<description>Channel name</description>
					<top>44</top>
					<width>400</width>
			    <height>40</height>
					<font>FontSize_20</font>
					<textcolor>77white</textcolor>
					<focusedcolor>white</focusedcolor>
				  <disabledcolor>33white</disabledcolor>
					<shadowcolor>99000000</shadowcolor>
					<texturefocus>buttons/settings_fo.png</texturefocus>
					<texturenofocus>-</texturenofocus>
					<align>left</align>
					<aligny>top</aligny>
					<textoffsetx>10</textoffsetx>
					<textoffsety>5</textoffsety>
					<pulseonselect>true</pulseonselect>
					<label>19201</label>
					<onleft>20000</onleft>
					<onright>10000</onright>
					<onup>7</onup>
					<ondown>9</ondown>
				</control>
				<control type="button" id="9">
					<description>Channel logo Button</description>
					<top>88</top>
					<width>400</width>
			    <height>40</height>
					<font>FontSize_20</font>
					<textcolor>77white</textcolor>
					<focusedcolor>white</focusedcolor>
				  <disabledcolor>33white</disabledcolor>
					<shadowcolor>99000000</shadowcolor>
					<texturefocus>buttons/settings_fo.png</texturefocus>
					<texturenofocus>-</texturenofocus>
					<align>left</align>
					<aligny>top</aligny>
					<textoffsetx>10</textoffsetx>
					<textoffsety>5</textoffsety>
					<pulseonselect>true</pulseonselect>
					<label>19202</label>
					<onleft>20000</onleft>
					<onright>10000</onright>
					<onup>8</onup>
					<ondown>12</ondown>
				</control>
				<control type="image" id="10">
					<description>Current Channel Icon</description>
					<left>356</left>
					<top>91</top>
					<width>34</width>
					<height>34</height>
					<aspectratio>keep</aspectratio>
					<info>ListItem.Property(Icon)</info>
				</control>
				<control type="radiobutton" id="12">
					<description>EPG activated</description>
					<top>132</top>
					<width>400</width>
			    <height>40</height>
					<font>FontSize_20</font>
					<textcolor>77white</textcolor>
					<focusedcolor>white</focusedcolor>
				  <disabledcolor>33white</disabledcolor>
					<shadowcolor>99000000</shadowcolor>
					<texturefocus>buttons/settings_fo.png</texturefocus>
					<texturenofocus>-</texturenofocus>
					<align>left</align>
					<aligny>top</aligny>
					<textoffsetx>10</textoffsetx>
					<textoffsety>5</textoffsety>
					<radiowidth>53</radiowidth>
					<radioheight>38</radioheight>
			    <radioposx>342</radioposx>
					<pulseonselect>true</pulseonselect>
					<label>19206</label>
					<onleft>20000</onleft>
					<onright>10000</onright>
					<onup>9</onup>
					<ondown>13</ondown>
				</control>
				<control type="spincontrolex" id="13">
					<description>EPG source</description>
					<top>176</top>
					<width>400</width>
			    <height>40</height>
					<font>FontSize_20</font>
					<textcolor>77white</textcolor>
					<focusedcolor>white</focusedcolor>
				  <disabledcolor>33white</disabledcolor>
					<shadowcolor>99000000</shadowcolor>
					<texturefocus>buttons/settings_fo.png</texturefocus>
					<texturenofocus>-</texturenofocus>
					<align>left</align>
					<aligny>top</aligny>
					<textoffsetx>10</textoffsetx>
					<textoffsety>5</textoffsety>
			    <spinposx>3</spinposx>
					<spinwidth>30</spinwidth>
					<spinheight>42</spinheight>
					<pulseonselect>true</pulseonselect>
					<label>19200</label>
					<onleft>20000</onleft>
					<onright>10000</onright>
					<onup>12</onup>
					<ondown>14</ondown>
				</control>
				<control type="radiobutton" id="14">
					<description>Parental locked</description>
					<top>220</top>
					<width>400</width>
			    <height>40</height>
					<font>FontSize_20</font>
					<textcolor>77white</textcolor>
					<focusedcolor>white</focusedcolor>
				  <disabledcolor>33white</disabledcolor>
					<shadowcolor>99000000</shadowcolor>
					<texturefocus>buttons/settings_fo.png</texturefocus>
					<texturenofocus>-</texturenofocus>
					<align>left</align>
					<aligny>top</aligny>
					<textoffsetx>10</textoffsetx>
					<textoffsety>5</textoffsety>
					<radiowidth>53</radiowidth>
					<radioheight>38</radioheight>
			    <radioposx>342</radioposx>
					<pulseonselect>true</pulseonselect>
					<label>19267</label>
					<onleft>20000</onleft>
					<onright>10000</onright>
					<onup>13</onup>
					<ondown>35</ondown>
				</control>
				<control type="button" id="35">
					<description>Client name</description>
					<top>264</top>
					<width>400</width>
			    <height>40</height>
					<font>FontSize_20</font>
					<textcolor>77white</textcolor>
					<focusedcolor>white</focusedcolor>
				  <disabledcolor>33white</disabledcolor>
					<shadowcolor>99000000</shadowcolor>
					<texturefocus>buttons/settings_fo.png</texturefocus>
					<texturenofocus>-</texturenofocus>
					<align>left</align>
					<aligny>top</aligny>
					<textoffsetx>10</textoffsetx>
					<textoffsety>5</textoffsety>
					<pulseonselect>true</pulseonselect>
					<label>$LOCALIZE[19210]:</label>
					<label2>$INFO[ListItem.Property(ClientName)]</label2>
					<onleft>20000</onleft>
					<onright>10000</onright>
					<onup>14</onup>
					<ondown>30</ondown>
				</control>
				<control type="button" id="30">
					<description>Group Manager Button</description>
					<left>0</left>
					<top>308</top>
					<width>198</width>
					<height>40</height>
					<font>FontSize_16B</font>
					<textcolor>77white</textcolor>
					<focusedcolor>white</focusedcolor>
				  <disabledcolor>33white</disabledcolor>
					<shadowcolor>99000000</shadowcolor>
					<texturefocus>buttons/settings_fo.png</texturefocus>
					<texturenofocus>-</texturenofocus>
					<align>center</align>
					<aligny>top</aligny>
					<textoffsetx>5</textoffsetx>
					<textoffsety>9</textoffsety>
					<pulseonselect>true</pulseonselect>
					<label>19205</label>
					<onleft>20000</onleft>
					<onright>34</onright>
					<onup>35</onup>
					<ondown>10000</ondown>
				</control>
				<control type="button" id="34">
					<description>TV/Radio Button</description>
					<left>202</left>
					<top>308</top>
					<width>198</width>
					<height>40</height>
					<font>FontSize_16B</font>
					<textcolor>77white</textcolor>
					<focusedcolor>white</focusedcolor>
				  <disabledcolor>33white</disabledcolor>
					<shadowcolor>99000000</shadowcolor>
					<texturefocus>buttons/settings_fo.png</texturefocus>
					<texturenofocus>-</texturenofocus>
					<align>center</align>
					<aligny>top</aligny>
					<textoffsetx>5</textoffsetx>
					<textoffsety>9</textoffsety>
					<pulseonselect>true</pulseonselect>
					<label>19024</label>
					<onleft>30</onleft>
					<onright>10000</onright>
					<onup>35</onup>
					<ondown>10000</ondown>
					<visible>IsEmpty(Window.Property(IsRadio))</visible>
				</control>
				<control type="button" id="34">
					<description>TV/Radio Button</description>
					<left>202</left>
					<top>308</top>
					<width>198</width>
					<height>40</height>
					<font>FontSize_16B</font>
					<textcolor>77white</textcolor>
					<focusedcolor>white</focusedcolor>
				  <disabledcolor>33white</disabledcolor>
					<shadowcolor>99000000</shadowcolor>
					<texturefocus>buttons/settings_fo.png</texturefocus>
					<texturenofocus>-</texturenofocus>
					<align>center</align>
					<aligny>top</aligny>
					<textoffsetx>5</textoffsetx>
					<textoffsety>9</textoffsety>
					<pulseonselect>true</pulseonselect>
					<label>19023</label>
					<onleft>30</onleft>
					<onright>10000</onright>
					<onup>35</onup>
					<ondown>10000</ondown>
					<visible>!IsEmpty(Window.Property(IsRadio))</visible>
				</control>
			</control>
		</control>

	  <control type="group" id="10000">
			<left>230</left>
			<top>542</top>
	    <!-- Buttons -->
			<control type="grouplist" id="10001">
				<width>0</width>
				<height>0</height>
				<itemgap>0</itemgap>
				<orientation>horizontal</orientation>
				<onleft>10001</onleft>
				<onright>10001</onright>
				<onup>10002</onup>
				<ondown>10002</ondown>
				<control type="button" id="4">
					<description>Save</description>
				  <label>190</label>
				  <include>TopButton</include>
				</control>
				<control type="button" id="6">
					<description>Cancel</description>
				  <label>222</label>
				  <include>TopButton</include>
				</control>
				<control type="button" id="5">
					<description>Apply Changes</description>
				  <label>14070</label>
				  <include>TopButton</include>
				</control>
			</control>
	    <!-- Buttons Labels -->
			<control type="grouplist">
				<width>825</width>
				<height>70</height>
				<itemgap>35</itemgap>
				<orientation>horizontal</orientation>
				<control type="label">
					<description>Search Label</description>
	        <include>DialogsButtonLabels</include>
	        <label>$INFO[Control.GetLabel(4),․  ]</label>
					<animation effect="fade" start="100" end="30" time="100" tween="sine" easing="inout" condition="!Control.HasFocus(4)" reversible="true">Conditional</animation>
	        <animation effect="zoom" start="100" end="95" time="100" tween="sine" easing="inout" center="15,0" condition="!Control.HasFocus(4)" reversible="true">Conditional</animation>
				</control>
				<control type="label">
					<description>Cancel Label</description>
	        <include>DialogsButtonLabels</include>
	        <label>$INFO[Control.GetLabel(6),․  ]</label>
					<animation effect="fade" start="100" end="30" time="100" tween="sine" easing="inout" condition="!Control.HasFocus(6)" reversible="true">Conditional</animation>
	        <animation effect="zoom" start="100" end="95" time="100" tween="sine" easing="inout" center="15,0" condition="!Control.HasFocus(6)" reversible="true">Conditional</animation>
				</control>
				<control type="label">
					<description>Defaults Label</description>
	        <include>DialogsButtonLabels</include>
	        <label>$INFO[Control.GetLabel(5),․  ]</label>
					<animation effect="fade" start="100" end="30" time="100" tween="sine" easing="inout" condition="!Control.HasFocus(5)" reversible="true">Conditional</animation>
	        <animation effect="zoom" start="100" end="95" time="100" tween="sine" easing="inout" center="15,0" condition="!Control.HasFocus(5)" reversible="true">Conditional</animation>
				</control>
			</control>
			<control type="group">
				<left>530</left>
				<top>0</top>
				<animation effect="fade" end="30" condition="true">Conditional</animation>
	      <animation effect="zoom" end="96" condition="true">Conditional</animation>
				<control type="label">
					<description>Page Count Label</description>
					<width>300</width>
					<height>62</height>
					<font>FontSize_20</font>
					<textcolor>white</textcolor>
					<shadowcolor>99000000</shadowcolor>
					<scroll>false</scroll>
					<align>right</align>
					<aligny>center</aligny>
					<label>$INFO[Container(20).NumItems,, $LOCALIZE[31025]]</label>
				  <visible>IntegerGreaterThan(Container(20).NumItems,0)</visible>
				</control>
			</control>
	  </control>
	  
	 </control>
	 
	</controls>
</window>