<?xml version="1.0" encoding="UTF-8"?>
<window  id="103">
	<defaultcontrol always="true">300</defaultcontrol>
	<controls>

		<control type="group">
			<include>DialogAnimation</include>
			<visible>!Window.IsVisible(NumericInput)</visible>
			<control type="image">
				<description>background image</description>
				<include>FullscreenDimensions</include>
				<texture>dialogs/keyboard/keyboard-bg.png</texture>
			</control>				

			<control type="label" id="311">
				<description>Heading</description>
				<left>270</left>
				<top>202</top>
				<width>740</width>
				<font>FontSize_36</font>
				<textcolor>white</textcolor>
				<align>center</align>
				<scroll>true</scroll>
				<scrollspeed>20</scrollspeed>
			</control>
			
			<control type="label" id="310">
				<animation effect="fade" start="100" end="0" time="300" condition="Window.IsActive(NumericInput)">Conditional</animation>
				<description>Edit Text</description>
				<left>300</left>
				<top>247</top>
				<width>680</width>
				<font>FontSize_34</font>
				<textcolor>99white</textcolor>
				<align>center</align>
				<aligny>center</aligny>
				<scroll>true</scroll>
				<scrollspeed>20</scrollspeed>
			</control>

			<control type="group">
				<left>271</left>
				<top>290</top>

				<!-- Row 1 -->
				<control type="button" id="400">
					<description>'Esc' button</description>
					<left>21</left>
					<top>24</top>
					<width>48</width>
					<height>48</height>
					<onleft>8</onleft>
					<onright>49</onright>
					<onup>307</onup>
					<ondown>302</ondown>
					<label>31038</label>
					<texturenofocus>dialogs/keyboard/button_nf.png</texturenofocus>
					<texturefocus>dialogs/keyboard/button_fo.png</texturefocus>
					<align>left</align>
					<aligny>top</aligny>
					<font>FontSize_14B</font>
					<textoffsetx>7</textoffsetx>
					<textoffsety>25</textoffsety>
					<textcolor>99grey</textcolor>
					<focusedcolor>white</focusedcolor>
					<onclick>Dialog.Close(103)</onclick>
				</control>
				
				<control type="button" id="49">
					<description>'1' button</description>
					<left>76</left>
					<top>24</top>
					<width>48</width>
					<height>48</height>
					<onleft>400</onleft>
					<onright>50</onright>
					<onup>307</onup>
					<ondown>81</ondown>
					<texturenofocus border="6,8,6,8">dialogs/keyboard/button_nf.png</texturenofocus>
					<texturefocus border="6,8,6,8">dialogs/keyboard/button_fo.png</texturefocus>
					<align>left</align>
					<aligny>top</aligny>
					<font>FontSize_16B</font>
					<textoffsetx>10</textoffsetx>
					<textoffsety>5</textoffsety>
					<textcolor>99grey</textcolor>
					<focusedcolor>white</focusedcolor>
				</control>
				
				<control type="button" id="50">
					<description>'2' button</description>
					<left>131</left>
					<top>24</top>
					<width>48</width>
					<height>48</height>
					<onleft>49</onleft>
					<onright>51</onright>
					<onup>90</onup>
					<ondown>87</ondown>
					<texturenofocus border="6,8,6,8">dialogs/keyboard/button_nf.png</texturenofocus>
					<texturefocus border="6,8,6,8">dialogs/keyboard/button_fo.png</texturefocus>
					<align>left</align>
					<aligny>top</aligny>
					<font>FontSize_16B</font>
					<textoffsetx>10</textoffsetx>
					<textoffsety>5</textoffsety>
					<textcolor>99grey</textcolor>
					<focusedcolor>white</focusedcolor>
				</control>
				
				<control type="button" id="51">
					<description>'3' button</description>
					<left>186</left>
					<top>24</top>
					<width>48</width>
					<height>48</height>
					<onleft>50</onleft>
					<onright>52</onright>
					<onup>88</onup>
					<ondown>69</ondown>
					<texturenofocus border="6,8,6,8">dialogs/keyboard/button_nf.png</texturenofocus>
					<texturefocus border="6,8,6,8">dialogs/keyboard/button_fo.png</texturefocus>
					<align>left</align>
					<aligny>top</aligny>
					<font>FontSize_16B</font>
					<textoffsetx>10</textoffsetx>
					<textoffsety>5</textoffsety>
					<textcolor>99grey</textcolor>
					<focusedcolor>white</focusedcolor>
				</control>
				
				<control type="button" id="52">
					<description>'4' button</description>
					<left>241</left>
					<top>24</top>
					<width>48</width>
					<height>48</height>
					<onleft>51</onleft>
					<onright>53</onright>
					<onup>67</onup>
					<ondown>82</ondown>
					<texturenofocus border="6,8,6,8">dialogs/keyboard/button_nf.png</texturenofocus>
					<texturefocus border="6,8,6,8">dialogs/keyboard/button_fo.png</texturefocus>
					<align>left</align>
					<aligny>top</aligny>
					<font>FontSize_16B</font>
					<textoffsetx>10</textoffsetx>
					<textoffsety>5</textoffsety>
					<textcolor>99grey</textcolor>
					<focusedcolor>white</focusedcolor>
				</control>
				
				<control type="button" id="53">
					<description>'5' button</description>
					<left>296</left>
					<top>24</top>
					<width>48</width>
					<height>48</height>
					<onleft>52</onleft>
					<onright>54</onright>
					<onup>86</onup>
					<ondown>84</ondown>
					<texturenofocus border="6,8,6,8">dialogs/keyboard/button_nf.png</texturenofocus>
					<texturefocus border="6,8,6,8">dialogs/keyboard/button_fo.png</texturefocus>
					<align>left</align>
					<aligny>top</aligny>
					<font>FontSize_16B</font>
					<textoffsetx>10</textoffsetx>
					<textoffsety>5</textoffsety>
					<textcolor>99grey</textcolor>
					<focusedcolor>white</focusedcolor>
				</control>
				
				<control type="button" id="54">
					<description>'6' button</description>
					<left>351</left>
					<top>24</top>
					<width>48</width>
					<height>48</height>
					<onleft>53</onleft>
					<onright>55</onright>
					<onup>66</onup>
					<ondown>89</ondown>
					<texturenofocus border="6,8,6,8">dialogs/keyboard/button_nf.png</texturenofocus>
					<texturefocus border="6,8,6,8">dialogs/keyboard/button_fo.png</texturefocus>
					<align>left</align>
					<aligny>top</aligny>
					<font>FontSize_16B</font>
					<textoffsetx>10</textoffsetx>
					<textoffsety>5</textoffsety>
					<textcolor>99grey</textcolor>
					<focusedcolor>white</focusedcolor>
				</control>
				
				<control type="button" id="55">
					<description>'7' button</description>
					<left>406</left>
					<top>24</top>
					<width>48</width>
					<height>48</height>
					<onleft>54</onleft>
					<onright>56</onright>
					<onup>78</onup>
					<ondown>85</ondown>
					<texturenofocus border="6,8,6,8">dialogs/keyboard/button_nf.png</texturenofocus>
					<texturefocus border="6,8,6,8">dialogs/keyboard/button_fo.png</texturefocus>
					<align>left</align>
					<aligny>top</aligny>
					<font>FontSize_16B</font>
					<textoffsetx>10</textoffsetx>
					<textoffsety>5</textoffsety>
					<textcolor>99grey</textcolor>
					<focusedcolor>white</focusedcolor>
				</control>
				
				<control type="button" id="56">
					<description>'8' button</description>
					<left>461</left>
					<top>24</top>
					<width>48</width>
					<height>48</height>
					<onleft>55</onleft>
					<onright>57</onright>
					<onup>77</onup>
					<ondown>73</ondown>
					<texturenofocus border="6,8,6,8">dialogs/keyboard/button_nf.png</texturenofocus>
					<texturefocus border="6,8,6,8">dialogs/keyboard/button_fo.png</texturefocus>
					<align>left</align>
					<aligny>top</aligny>
					<font>FontSize_16B</font>
					<textoffsetx>10</textoffsetx>
					<textoffsety>5</textoffsety>
					<textcolor>99grey</textcolor>
					<focusedcolor>white</focusedcolor>
				</control>
				
				<control type="button" id="57">
					<description>'9' button</description>
					<left>516</left>
					<top>24</top>
					<width>48</width>
					<height>48</height>
					<onleft>56</onleft>
					<onright>48</onright>
					<onup>32</onup>
					<ondown>79</ondown>
					<texturenofocus border="6,8,6,8">dialogs/keyboard/button_nf.png</texturenofocus>
					<texturefocus border="6,8,6,8">dialogs/keyboard/button_fo.png</texturefocus>
					<align>left</align>
					<aligny>top</aligny>
					<font>FontSize_16B</font>
					<textoffsetx>10</textoffsetx>
					<textoffsety>5</textoffsety>
					<textcolor>99grey</textcolor>
					<focusedcolor>white</focusedcolor>
				</control>
				
				<control type="button" id="48">
					<description>'0' button</description>
					<left>571</left>
					<top>24</top>
					<width>48</width>
					<height>48</height>
					<onleft>57</onleft>
					<onright>8</onright>
					<onup>32</onup>
					<ondown>80</ondown>
					<texturenofocus border="6,8,6,8">dialogs/keyboard/button_nf.png</texturenofocus>
					<texturefocus border="6,8,6,8">dialogs/keyboard/button_fo.png</texturefocus>
					<align>left</align>
					<aligny>top</aligny>
					<font>FontSize_16B</font>
					<textoffsetx>10</textoffsetx>
					<textoffsety>5</textoffsety>
					<textcolor>99grey</textcolor>
					<focusedcolor>white</focusedcolor>
				</control>
				
				<control type="button" id="8">
					<description>'Backspace' button</description>
					<left>626</left>
					<top>24</top>
					<width>91</width>
					<height>48</height>
					<onleft>48</onleft>
					<onright>400</onright>
					<onup>300</onup>
					<ondown>304</ondown>
					<texturenofocus border="20,20,20,20">dialogs/keyboard/button_nf.png</texturenofocus>
					<texturefocus border="20,20,20,20">dialogs/keyboard/button_fo.png</texturefocus>
					<align>center</align>
					<aligny>top</aligny>
					<font>FontSize_14B</font>
					<textoffsetx>6</textoffsetx>
					<textoffsety>25</textoffsety>
					<textcolor>99grey</textcolor>
					<focusedcolor>white</focusedcolor>
					<label>20181</label>
				</control>
				
				<!-- Row 2 -->
				<control type="radiobutton" id="302">
					<description>'Shift' button</description>
					<left>21</left>
					<top>76</top>
					<width>66</width>
					<height>48</height>
					<onleft>304</onleft>
					<onright>81</onright>
					<onup>400</onup>
					<ondown>303</ondown>
					<texturenofocus border="20,20,20,20">dialogs/keyboard/button_nf.png</texturenofocus>
					<texturefocus border="20,20,20,20">dialogs/keyboard/button_fo.png</texturefocus>
					<radioposx>37</radioposx>
					<radioposy>-2</radioposy>
					<radiowidth>28</radiowidth>
					<radioheight>28</radioheight>
					<textureradioonfocus>dialogs/keyboard/radio-on.png</textureradioonfocus>
					<textureradioonnofocus>dialogs/keyboard/radio-on.png</textureradioonnofocus>
					<textureradioofffocus>dialogs/keyboard/radio-off.png</textureradioofffocus>
					<textureradiooffnofocus>dialogs/keyboard/radio-off.png</textureradiooffnofocus>
					<align>left</align>
					<aligny>top</aligny>
					<font>FontSize_14B</font>
					<textoffsetx>7</textoffsetx>
					<textoffsety>25</textoffsety>
					<textcolor>99grey</textcolor>
					<focusedcolor>white</focusedcolor>
					<label>20178</label>
				</control>
				
				<control type="button" id="81">
					<description>'Q' button</description>
					<left>94</left>
					<top>76</top>
					<width>48</width>
					<height>48</height>
					<onleft>302</onleft>
					<onright>87</onright>
					<onup>49</onup>
					<ondown>65</ondown>
					<texturenofocus border="6,8,6,8">dialogs/keyboard/button_nf.png</texturenofocus>
					<texturefocus border="6,8,6,8">dialogs/keyboard/button_fo.png</texturefocus>
					<align>left</align>
					<aligny>top</aligny>
					<font>FontSize_16B</font>
					<textoffsetx>11</textoffsetx>
					<textoffsety>4</textoffsety>
					<textcolor>99grey</textcolor>
					<focusedcolor>white</focusedcolor>
				</control>
				
				<control type="button" id="87">
					<description>'W' button</description>
					<left>149</left>
					<top>76</top>
					<width>48</width>
					<height>48</height>
					<onleft>81</onleft>
					<onright>69</onright>
					<onup>50</onup>
					<ondown>83</ondown>
					<texturenofocus border="6,8,6,8">dialogs/keyboard/button_nf.png</texturenofocus>
					<texturefocus border="6,8,6,8">dialogs/keyboard/button_fo.png</texturefocus>
					<align>left</align>
					<aligny>top</aligny>
					<font>FontSize_16B</font>
					<textoffsetx>11</textoffsetx>
					<textoffsety>4</textoffsety>
					<textcolor>99grey</textcolor>
					<focusedcolor>white</focusedcolor>
				</control>
				
				<control type="button" id="69">
					<description>'E' button</description>
					<left>204</left>
					<top>76</top>
					<width>48</width>
					<height>48</height>
					<onleft>87</onleft>
					<onright>82</onright>
					<onup>51</onup>
					<ondown>68</ondown>
					<texturenofocus border="6,8,6,8">dialogs/keyboard/button_nf.png</texturenofocus>
					<texturefocus border="6,8,6,8">dialogs/keyboard/button_fo.png</texturefocus>
					<align>left</align>
					<aligny>top</aligny>
					<font>FontSize_16B</font>
					<textoffsetx>11</textoffsetx>
					<textoffsety>4</textoffsety>
					<textcolor>99grey</textcolor>
					<focusedcolor>white</focusedcolor>
				</control>
				
				<control type="button" id="82">
					<description>'R' button</description>
					<left>259</left>
					<top>76</top>
					<width>48</width>
					<height>48</height>
					<onleft>69</onleft>
					<onright>84</onright>
					<onup>52</onup>
					<ondown>70</ondown>
					<texturenofocus border="6,8,6,8">dialogs/keyboard/button_nf.png</texturenofocus>
					<texturefocus border="6,8,6,8">dialogs/keyboard/button_fo.png</texturefocus>
					<align>left</align>
					<aligny>top</aligny>
					<font>FontSize_16B</font>
					<textoffsetx>11</textoffsetx>
					<textoffsety>4</textoffsety>
					<textcolor>99grey</textcolor>
					<focusedcolor>white</focusedcolor>
				</control>
				
				<control type="button" id="84">
					<description>'T' button</description>
					<left>314</left>
					<top>76</top>
					<width>48</width>
					<height>48</height>
					<onleft>82</onleft>
					<onright>89</onright>
					<onup>53</onup>
					<ondown>71</ondown>
					<texturenofocus border="6,8,6,8">dialogs/keyboard/button_nf.png</texturenofocus>
					<texturefocus border="6,8,6,8">dialogs/keyboard/button_fo.png</texturefocus>
					<align>left</align>
					<aligny>top</aligny>
					<font>FontSize_16B</font>
					<textoffsetx>11</textoffsetx>
					<textoffsety>4</textoffsety>
					<textcolor>99grey</textcolor>
					<focusedcolor>white</focusedcolor>
				</control>
				
				<control type="button" id="89">
					<description>'Y' button</description>
					<left>369</left>
					<top>76</top>
					<width>48</width>
					<height>48</height>
					<onleft>84</onleft>
					<onright>85</onright>
					<onup>54</onup>
					<ondown>72</ondown>
					<texturenofocus border="6,8,6,8">dialogs/keyboard/button_nf.png</texturenofocus>
					<texturefocus border="6,8,6,8">dialogs/keyboard/button_fo.png</texturefocus>
					<align>left</align>
					<aligny>top</aligny>
					<font>FontSize_16B</font>
					<textoffsetx>11</textoffsetx>
					<textoffsety>4</textoffsety>
					<textcolor>99grey</textcolor>
					<focusedcolor>white</focusedcolor>
				</control>
				
				<control type="button" id="85">
					<description>'U' button</description>
					<left>424</left>
					<top>76</top>
					<width>48</width>
					<height>48</height>
					<onleft>89</onleft>
					<onright>73</onright>
					<onup>55</onup>
					<ondown>74</ondown>
					<texturenofocus border="6,8,6,8">dialogs/keyboard/button_nf.png</texturenofocus>
					<texturefocus border="6,8,6,8">dialogs/keyboard/button_fo.png</texturefocus>
					<align>left</align>
					<aligny>top</aligny>
					<font>FontSize_16B</font>
					<textoffsetx>11</textoffsetx>
					<textoffsety>4</textoffsety>
					<textcolor>99grey</textcolor>
					<focusedcolor>white</focusedcolor>
				</control>
				
				<control type="button" id="73">
					<description>'I' button</description>
					<left>479</left>
					<top>76</top>
					<width>48</width>
					<height>48</height>
					<onleft>85</onleft>
					<onright>79</onright>
					<onup>56</onup>
					<ondown>75</ondown>
					<texturenofocus border="6,8,6,8">dialogs/keyboard/button_nf.png</texturenofocus>
					<texturefocus border="6,8,6,8">dialogs/keyboard/button_fo.png</texturefocus>
					<align>left</align>
					<aligny>top</aligny>
					<font>FontSize_16B</font>
					<textoffsetx>11</textoffsetx>
					<textoffsety>4</textoffsety>
					<textcolor>99grey</textcolor>
					<focusedcolor>white</focusedcolor>
				</control>
				
				<control type="button" id="79">
					<description>'O' button</description>
					<left>534</left>
					<top>76</top>
					<width>48</width>
					<height>48</height>
					<onleft>73</onleft>
					<onright>80</onright>
					<onup>57</onup>
					<ondown>76</ondown>
					<texturenofocus border="6,8,6,8">dialogs/keyboard/button_nf.png</texturenofocus>
					<texturefocus border="6,8,6,8">dialogs/keyboard/button_fo.png</texturefocus>
					<align>left</align>
					<aligny>top</aligny>
					<font>FontSize_16B</font>
					<textoffsetx>11</textoffsetx>
					<textoffsety>4</textoffsety>
					<textcolor>99grey</textcolor>
					<focusedcolor>white</focusedcolor>
				</control>
				
				<control type="button" id="80">
					<description>'P' button</description>
					<left>589</left>
					<top>76</top>
					<width>48</width>
					<height>48</height>
					<onleft>79</onleft>
					<onright>304</onright>
					<onup>48</onup>
					<ondown>305</ondown>
					<texturenofocus border="6,8,6,8">dialogs/keyboard/button_nf.png</texturenofocus>
					<texturefocus border="6,8,6,8">dialogs/keyboard/button_fo.png</texturefocus>
					<align>left</align>
					<aligny>top</aligny>
					<font>FontSize_16B</font>
					<textoffsetx>11</textoffsetx>
					<textoffsety>4</textoffsety>
					<textcolor>99grey</textcolor>
					<focusedcolor>white</focusedcolor>
				</control>
				
				<control type="radiobutton" id="304">
					<description>'Symbols' button</description>
					<left>644</left>
					<top>76</top>
					<width>73</width>
					<height>48</height>
					<onleft>80</onleft>
					<onright>302</onright>
					<onup>8</onup>
					<ondown>306</ondown>
					<texturenofocus border="20,20,20,20">dialogs/keyboard/button_nf.png</texturenofocus>
					<texturefocus border="20,20,20,20">dialogs/keyboard/button_fo.png</texturefocus>
					<radioposx>44</radioposx>
					<radioposy>-2</radioposy>
					<radiowidth>28</radiowidth>
					<radioheight>28</radioheight>
					<textureradioonfocus>dialogs/keyboard/radio-on.png</textureradioonfocus>
					<textureradioonnofocus>dialogs/keyboard/radio-on.png</textureradioonnofocus>
					<textureradioofffocus>dialogs/keyboard/radio-off.png</textureradioofffocus>
					<textureradiooffnofocus>dialogs/keyboard/radio-off.png</textureradiooffnofocus>
					<align>center</align>
					<aligny>top</aligny>
					<font>FontSize_14B</font>
					<textoffsetx>6</textoffsetx>
					<textoffsety>25</textoffsety>
					<textcolor>99grey</textcolor>
					<focusedcolor>white</focusedcolor>
					<label>20180</label>
				</control>
				
				<!-- Row 3 -->
				<control type="radiobutton" id="303">
					<description>'Caps Lock' button</description>
					<left>21</left>
					<top>128</top>
					<width>91</width>
					<height>48</height>
					<onleft>306</onleft>
					<onright>65</onright>
					<onup>302</onup>
					<ondown>307</ondown>
					<texturenofocus border="20,20,20,20">dialogs/keyboard/button_nf.png</texturenofocus>
					<texturefocus border="20,20,20,20">dialogs/keyboard/button_fo.png</texturefocus>
					<radioposx>62</radioposx>
					<radioposy>-2</radioposy>
					<radiowidth>28</radiowidth>
					<radioheight>28</radioheight>
					<textureradioonfocus>dialogs/keyboard/radio-on.png</textureradioonfocus>
					<textureradioonnofocus>dialogs/keyboard/radio-on.png</textureradioonnofocus>
					<textureradioofffocus>dialogs/keyboard/radio-off.png</textureradioofffocus>
					<textureradiooffnofocus>dialogs/keyboard/radio-off.png</textureradiooffnofocus>
					<align>left</align>
					<aligny>top</aligny>
					<font>FontSize_14B</font>
					<textoffsetx>7</textoffsetx>
					<textoffsety>25</textoffsety>
					<textcolor>99grey</textcolor>
					<focusedcolor>white</focusedcolor>
					<label>20179</label>
				</control>
				
				<control type="button" id="65">
					<description>'A' button</description>
					<left>119</left>
					<top>128</top>
					<width>48</width>
					<height>48</height>
					<onleft>303</onleft>
					<onright>83</onright>
					<onup>81</onup>
					<ondown>90</ondown>
					<texturenofocus border="6,8,6,8">dialogs/keyboard/button_nf.png</texturenofocus>
					<texturefocus border="6,8,6,8">dialogs/keyboard/button_fo.png</texturefocus>
					<align>left</align>
					<aligny>top</aligny>
					<font>FontSize_16B</font>
					<textoffsetx>11</textoffsetx>
					<textoffsety>4</textoffsety>
					<textcolor>99grey</textcolor>
					<focusedcolor>white</focusedcolor>
				</control>
				
				<control type="button" id="83">
					<description>'S' button</description>
					<left>174</left>
					<top>128</top>
					<width>48</width>
					<height>48</height>
					<onleft>65</onleft>
					<onright>68</onright>
					<onup>87</onup>
					<ondown>88</ondown>
					<texturenofocus border="6,8,6,8">dialogs/keyboard/button_nf.png</texturenofocus>
					<texturefocus border="6,8,6,8">dialogs/keyboard/button_fo.png</texturefocus>
					<align>left</align>
					<aligny>top</aligny>
					<font>FontSize_16B</font>
					<textoffsetx>11</textoffsetx>
					<textoffsety>4</textoffsety>
					<textcolor>99grey</textcolor>
					<focusedcolor>white</focusedcolor>
				</control>
				
				<control type="button" id="68">
					<description>'D' button</description>
					<left>229</left>
					<top>128</top>
					<width>48</width>
					<height>48</height>
					<onleft>83</onleft>
					<onright>70</onright>
					<onup>69</onup>
					<ondown>67</ondown>
					<texturenofocus border="6,8,6,8">dialogs/keyboard/button_nf.png</texturenofocus>
					<texturefocus border="6,8,6,8">dialogs/keyboard/button_fo.png</texturefocus>
					<align>left</align>
					<aligny>top</aligny>
					<font>FontSize_16B</font>
					<textoffsetx>11</textoffsetx>
					<textoffsety>4</textoffsety>
					<textcolor>99grey</textcolor>
					<focusedcolor>white</focusedcolor>
				</control>
				
				<control type="button" id="70">
					<description>'F' button</description>
					<left>284</left>
					<top>128</top>
					<width>48</width>
					<height>48</height>
					<onleft>68</onleft>
					<onright>71</onright>
					<onup>82</onup>
					<ondown>86</ondown>
					<texturenofocus border="6,8,6,8">dialogs/keyboard/button_nf.png</texturenofocus>
					<texturefocus border="6,8,6,8">dialogs/keyboard/button_fo.png</texturefocus>
					<align>left</align>
					<aligny>top</aligny>
					<font>FontSize_16B</font>
					<textoffsetx>11</textoffsetx>
					<textoffsety>4</textoffsety>
					<textcolor>99grey</textcolor>
					<focusedcolor>white</focusedcolor>
				</control>
				
				<control type="button" id="71">
					<description>'G' button</description>
					<left>339</left>
					<top>128</top>
					<width>48</width>
					<height>48</height>
					<onleft>70</onleft>
					<onright>72</onright>
					<onup>84</onup>
					<ondown>66</ondown>
					<texturenofocus border="6,8,6,8">dialogs/keyboard/button_nf.png</texturenofocus>
					<texturefocus border="6,8,6,8">dialogs/keyboard/button_fo.png</texturefocus>
					<align>left</align>
					<aligny>top</aligny>
					<font>FontSize_16B</font>
					<textoffsetx>11</textoffsetx>
					<textoffsety>4</textoffsety>
					<textcolor>99grey</textcolor>
					<focusedcolor>white</focusedcolor>
				</control>
				
				<control type="button" id="72">
					<description>'H' button</description>
					<left>394</left>
					<top>128</top>
					<width>48</width>
					<height>48</height>
					<onleft>71</onleft>
					<onright>74</onright>
					<onup>89</onup>
					<ondown>78</ondown>
					<texturenofocus border="6,8,6,8">dialogs/keyboard/button_nf.png</texturenofocus>
					<texturefocus border="6,8,6,8">dialogs/keyboard/button_fo.png</texturefocus>
					<align>left</align>
					<aligny>top</aligny>
					<font>FontSize_16B</font>
					<textoffsetx>11</textoffsetx>
					<textoffsety>4</textoffsety>
					<textcolor>99grey</textcolor>
					<focusedcolor>white</focusedcolor>
				</control>
				
				<control type="button" id="74">
					<description>'J' button</description>
					<left>449</left>
					<top>128</top>
					<width>48</width>
					<height>48</height>
					<onleft>72</onleft>
					<onright>75</onright>
					<onup>85</onup>
					<ondown>77</ondown>
					<texturenofocus border="6,8,6,8">dialogs/keyboard/button_nf.png</texturenofocus>
					<texturefocus border="6,8,6,8">dialogs/keyboard/button_fo.png</texturefocus>
					<align>left</align>
					<aligny>top</aligny>
					<font>FontSize_16B</font>
					<textoffsetx>11</textoffsetx>
					<textoffsety>4</textoffsety>
					<textcolor>99grey</textcolor>
					<focusedcolor>white</focusedcolor>
				</control>
				
				<control type="button" id="75">
					<description>'K' button</description>
					<left>504</left>
					<top>128</top>
					<width>48</width>
					<height>48</height>
					<onleft>74</onleft>
					<onright>76</onright>
					<onup>73</onup>
					<ondown>32</ondown>
					<texturenofocus border="6,8,6,8">dialogs/keyboard/button_nf.png</texturenofocus>
					<texturefocus border="6,8,6,8">dialogs/keyboard/button_fo.png</texturefocus>
					<align>left</align>
					<aligny>top</aligny>
					<font>FontSize_16B</font>
					<textoffsetx>11</textoffsetx>
					<textoffsety>4</textoffsety>
					<textcolor>99grey</textcolor>
					<focusedcolor>white</focusedcolor>
				</control>
				
				<control type="button" id="76">
					<description>'L' button</description>
					<left>559</left>
					<top>128</top>
					<width>48</width>
					<height>48</height>
					<onleft>75</onleft>
					<onright>305</onright>
					<onup>79</onup>
					<ondown>32</ondown>
					<texturenofocus border="6,8,6,8">dialogs/keyboard/button_nf.png</texturenofocus>
					<texturefocus border="6,8,6,8">dialogs/keyboard/button_fo.png</texturefocus>
					<align>left</align>
					<aligny>top</aligny>
					<font>FontSize_16B</font>
					<textoffsetx>11</textoffsetx>
					<textoffsety>4</textoffsety>
					<textcolor>99grey</textcolor>
					<focusedcolor>white</focusedcolor>
				</control>
				
				<control type="button" id="305">
					<description>'Previous' button</description>
					<left>614</left>
					<top>128</top>
					<width>48</width>
					<height>48</height>
					<onleft>76</onleft>
					<onright>306</onright>
					<onup>80</onup>
					<ondown>300</ondown>
					<texturenofocus border="6,8,6,8">dialogs/keyboard/button_left_nf.png</texturenofocus>
					<texturefocus border="6,8,6,8">dialogs/keyboard/button_left_fo.png</texturefocus>
				</control>
				
				<control type="button" id="306">
					<description>'Next' button</description>
					<left>669</left>
					<top>128</top>
					<width>48</width>
					<height>48</height>
					<onleft>305</onleft>
					<onright>303</onright>
					<onup>304</onup>
					<ondown>300</ondown>
					<texturenofocus border="6,8,6,8">dialogs/keyboard/button_right_nf.png</texturenofocus>
					<texturefocus border="6,8,6,8">dialogs/keyboard/button_right_fo.png</texturefocus>
				</control>
				
				<!-- Row 4 -->
				<control type="button" id="307">
					<description>'IP Address' button</description>
					<left>21</left>
					<top>180</top>
					<width>102</width>
					<height>48</height>
					<onleft>300</onleft>
					<onright>90</onright>
					<onup>303</onup>
					<ondown>400</ondown>
					<texturenofocus border="20,20,20,20">dialogs/keyboard/button_nf.png</texturenofocus>
					<texturefocus border="20,20,20,20">dialogs/keyboard/button_fo.png</texturefocus>
					<align>left</align>
					<aligny>top</aligny>
					<font>FontSize_14B</font>
					<textoffsetx>7</textoffsetx>
					<textoffsety>25</textoffsety>
					<textcolor>99grey</textcolor>
					<focusedcolor>white</focusedcolor>
					<label>31039</label>
				</control>
				
				<control type="button" id="90">
					<description>'Z' button</description>
					<left>130</left>
					<top>180</top>
					<width>48</width>
					<height>48</height>
					<onleft>307</onleft>
					<onright>88</onright>
					<onup>65</onup>
					<ondown>50</ondown>
					<texturenofocus border="6,8,6,8">dialogs/keyboard/button_nf.png</texturenofocus>
					<texturefocus border="6,8,6,8">dialogs/keyboard/button_fo.png</texturefocus>
					<align>left</align>
					<aligny>top</aligny>
					<font>FontSize_16B</font>
					<textoffsetx>11</textoffsetx>
					<textoffsety>4</textoffsety>
					<textcolor>99grey</textcolor>
					<focusedcolor>white</focusedcolor>
				</control>
				
				<control type="button" id="88">
					<description>'X' button</description>
					<left>185</left>
					<top>180</top>
					<width>48</width>
					<height>48</height>
					<onleft>90</onleft>
					<onright>67</onright>
					<onup>83</onup>
					<ondown>51</ondown>
					<texturenofocus border="6,8,6,8">dialogs/keyboard/button_nf.png</texturenofocus>
					<texturefocus border="6,8,6,8">dialogs/keyboard/button_fo.png</texturefocus>
					<align>left</align>
					<aligny>top</aligny>
					<font>FontSize_16B</font>
					<textoffsetx>11</textoffsetx>
					<textoffsety>4</textoffsety>
					<textcolor>99grey</textcolor>
					<focusedcolor>white</focusedcolor>
				</control>
				
				<control type="button" id="67">
					<description>'C' button</description>
					<left>240</left>
					<top>180</top>
					<width>48</width>
					<height>48</height>
					<onleft>88</onleft>
					<onright>86</onright>
					<onup>68</onup>
					<ondown>52</ondown>
					<texturenofocus border="6,8,6,8">dialogs/keyboard/button_nf.png</texturenofocus>
					<texturefocus border="6,8,6,8">dialogs/keyboard/button_fo.png</texturefocus>
					<align>left</align>
					<aligny>top</aligny>
					<font>FontSize_16B</font>
					<textoffsetx>11</textoffsetx>
					<textoffsety>4</textoffsety>
					<textcolor>99grey</textcolor>
					<focusedcolor>white</focusedcolor>
				</control>
				
				<control type="button" id="86">
					<description>'V' button</description>
					<left>295</left>
					<top>180</top>
					<width>48</width>
					<height>48</height>
					<onleft>67</onleft>
					<onright>66</onright>
					<onup>70</onup>
					<ondown>53</ondown>
					<texturenofocus border="6,8,6,8">dialogs/keyboard/button_nf.png</texturenofocus>
					<texturefocus border="6,8,6,8">dialogs/keyboard/button_fo.png</texturefocus>
					<align>left</align>
					<aligny>top</aligny>
					<font>FontSize_16B</font>
					<textoffsetx>11</textoffsetx>
					<textoffsety>4</textoffsety>
					<textcolor>99grey</textcolor>
					<focusedcolor>white</focusedcolor>
				</control>
				
				<control type="button" id="66">
					<description>'B' button</description>
					<left>350</left>
					<top>180</top>
					<width>48</width>
					<height>48</height>
					<onleft>86</onleft>
					<onright>78</onright>
					<onup>71</onup>
					<ondown>54</ondown>
					<texturenofocus border="6,8,6,8">dialogs/keyboard/button_nf.png</texturenofocus>
					<texturefocus border="6,8,6,8">dialogs/keyboard/button_fo.png</texturefocus>
					<align>left</align>
					<aligny>top</aligny>
					<font>FontSize_16B</font>
					<textoffsetx>11</textoffsetx>
					<textoffsety>4</textoffsety>
					<textcolor>99grey</textcolor>
					<focusedcolor>white</focusedcolor>
				</control>
				
				<control type="button" id="78">
					<description>'N' button</description>
					<left>405</left>
					<top>180</top>
					<width>48</width>
					<height>48</height>
					<onleft>66</onleft>
					<onright>77</onright>
					<onup>72</onup>
					<ondown>55</ondown>
					<texturenofocus border="6,8,6,8">dialogs/keyboard/button_nf.png</texturenofocus>
					<texturefocus border="6,8,6,8">dialogs/keyboard/button_fo.png</texturefocus>
					<align>left</align>
					<aligny>top</aligny>
					<font>FontSize_16B</font>
					<textoffsetx>11</textoffsetx>
					<textoffsety>4</textoffsety>
					<textcolor>99grey</textcolor>
					<focusedcolor>white</focusedcolor>
				</control>
				
				<control type="button" id="77">
					<description>'M' button</description>
					<left>460</left>
					<top>180</top>
					<width>48</width>
					<height>48</height>
					<onleft>78</onleft>
					<onright>32</onright>
					<onup>74</onup>
					<ondown>56</ondown>
					<texturenofocus border="6,8,6,8">dialogs/keyboard/button_nf.png</texturenofocus>
					<texturefocus border="6,8,6,8">dialogs/keyboard/button_fo.png</texturefocus>
					<align>left</align>
					<aligny>top</aligny>
					<font>FontSize_16B</font>
					<textoffsetx>11</textoffsetx>
					<textoffsety>4</textoffsety>
					<textcolor>99grey</textcolor>
					<focusedcolor>white</focusedcolor>
				</control>

				<control type="button" id="32">
					<description>'Space' button</description>
					<left>515</left>
					<top>180</top>
					<width>122</width>
					<height>48</height>
					<onleft>77</onleft>
					<onright>300</onright>
					<onup>75</onup>
					<ondown>57</ondown>
					<texturenofocus border="20,20,20,20">dialogs/keyboard/button_nf.png</texturenofocus>
					<texturefocus border="20,20,20,20">dialogs/keyboard/button_fo.png</texturefocus>
					<align>left</align>
					<aligny>top</aligny>
					<font>FontSize_14B</font>
					<textoffsetx>7</textoffsetx>
					<textoffsety>25</textoffsety>
					<textcolor>99grey</textcolor>
					<focusedcolor>white</focusedcolor>		
					<label>20182</label>
				</control>
				
				<control type="button" id="300">
					<description>'Done' button</description>
					<left>644</left>
					<top>180</top>
					<width>73</width>
					<height>48</height>
					<onleft>32</onleft>
					<onright>307</onright>
					<onup>306</onup>
					<ondown>8</ondown>
					<texturenofocus border="6,8,6,8">dialogs/keyboard/button_nf.png</texturenofocus>
					<texturefocus border="6,8,6,8">dialogs/keyboard/button_fo.png</texturefocus>
					<align>left</align>
					<aligny>top</aligny>
					<font>FontSize_14B</font>
					<textoffsetx>7</textoffsetx>
					<textoffsety>25</textoffsety>
					<textcolor>99grey</textcolor>
					<focusedcolor>white</focusedcolor>
					<label>20177</label>
				</control>
			</control>
		</control>


	</controls>
</window>