<?xml version="1.0" encoding="UTF-8"?>
<window >
	<defaultcontrol always="true">7</defaultcontrol>
	<controls>
		<control type="group">
	    <include>DialogAnimation</include>
			<control type="image">
				<description>background image</description>
				<include>FullscreenDimensions</include>
				<texture background="true">dialogs/pvr/bg_guideinfo.png</texture>
				<visible>!Player.HasMedia</visible>
			</control>
			<control type="image">
				<description>background image</description>
				<include>FullscreenDimensions</include>
				<texture background="true">dialogs/pvr/bg_guideinfo.png</texture>
				<colordiffuse>FAFFFFFF</colordiffuse>
				<visible>Player.HasMedia</visible>
			</control>
			<control type="label">
				<description>header label</description>
				<posx>363</posx>
				<posy>138</posy>
				<width>555</width>
				<height>50</height>
				<font>FontSize_32</font>
				<align>center</align>
				<aligny>center</aligny>
				<textcolor>white</textcolor>
				<shadowcolor>99000000</shadowcolor>
				<scroll>true</scroll>
				<scrollspeed>20</scrollspeed>
				<label>$INFO[ListItem.Title]</label>
			</control>
			<control type="label">
				<description>header label</description>
				<posx>363</posx>
				<posy>138</posy>
				<width>555</width>
				<height>50</height>
				<font>FontSize_32</font>
				<align>center</align>
				<aligny>center</aligny>
				<textcolor>white</textcolor>
				<shadowcolor>99000000</shadowcolor>
				<scroll>true</scroll>
				<scrollspeed>20</scrollspeed>
				<label>$LOCALIZE[19047]</label>
				<visible>IsEmpty(ListItem.Title)</visible>
			</control>
			<control type="group">
				<posx>385</posx>
				<posy>190</posy>
				<control type="button">
					<description>Time/Date</description>
        	<posx>0</posx>
        	<posy>0</posy>
        	<width>510</width>
			    <include>DialogsButton</include>
        	<label>[B]$LOCALIZE[142][/B]</label>
        	<label2>$INFO[ListItem.StartTime]$INFO[ListItem.EndTime, - ] ($INFO[ListItem.StartDate])</label2>
				</control>
				<control type="button">
					<description>Duration</description>
        	<posx>0</posx>
        	<posy>36</posy>
        	<width>510</width>
			    <include>DialogsButton</include>
        	<label>[B]$LOCALIZE[180]:[/B]</label>
					<label2>$INFO[ListItem.Duration]</label2>
				</control>
				<control type="button">
					<description>Channel Name</description>
        	<posx>0</posx>
        	<posy>72</posy>
        	<width>510</width>
			    <include>DialogsButton</include>
        	<label>[B]$LOCALIZE[19148]:[/B]</label>
					<label2>$INFO[ListItem.ChannelName]</label2>
				</control>
				<control type="button">
					<description>Genre</description>
        	<posx>0</posx>
        	<posy>108</posy>
        	<width>510</width>
			    <include>DialogsButton</include>
        	<label>[B]$LOCALIZE[135]:[/B]</label>
					<label2 fallback="195">$INFO[ListItem.Genre]</label2>
				</control>
				<control type="textbox" id="400">
					<description>Plot value</description>
					<posx>10</posx>
					<posy>167</posy>
					<width>490</width>
					<height>180</height>
					<font>FontSize_18</font>
					<align>justify</align>
					<textcolor>99white</textcolor>
					<shadowcolor>99000000</shadowcolor>
					<pagecontrol>-</pagecontrol>
					<autoscroll time="3000" delay="5000" repeat="5000">Skin.HasSetting(AutoScroll)</autoscroll>
					<label fallback="195">$INFO[ListItem.Plot]</label>
				</control>
		  </control>
		  <control type="group" id="10000">
				<posx>385</posx>
				<posy>540</posy>
	      <!-- Buttons -->
				<control type="grouplist" id="10001">
					<posx>0</posx>
					<posy>0</posy>
					<width>0</width>
					<height>0</height>
					<itemgap>0</itemgap>
					<align>left</align>
					<orientation>horizontal</orientation>
					<onleft>10001</onleft>
					<onright>10001</onright>
					<onup>noop</onup>
					<ondown>noop</ondown>
					<control type="button" id="7">
						<description>Ok</description>
					  <label>186</label>
					  <include>TopButton</include>
					</control>
					<control type="button" id="5">
						<description>Switch</description>
					  <label>19165</label>
					  <include>TopButton</include>
					</control>
					<control type="button" id="6">
						<description>Record</description>
					  <label>-</label>
					  <include>TopButton</include>
					</control>
				</control>
	      <!-- Buttons Labels -->
				<control type="grouplist">
					<posx>0</posx>
					<posy>0</posy>
					<height>70</height>
					<width>552</width>
					<itemgap>30</itemgap>
					<align>left</align>
					<orientation>horizontal</orientation>
					<control type="label">
						<description>Ok Label</description>
						<height>62</height>
						<width min="10" max="552">auto</width>
						<font>FontSize_20</font>
						<textcolor>white</textcolor>
						<shadowcolor>99000000</shadowcolor>
				    <align>left</align>
				    <aligny>center</aligny>
						<scroll>false</scroll>
            <label>$INFO[Control.GetLabel(7),․  ]</label>
						<animation effect="fade" start="100" end="30" time="200" tween="sine" easing="inout" condition="!Control.HasFocus(7)" reversible="true">Conditional</animation>
	          <animation effect="zoom" start="100" end="95" time="200" tween="sine" easing="inout" center="15,0" condition="!Control.HasFocus(7)" reversible="true">Conditional</animation>
					</control>
					<control type="label">
						<description>Switch Label</description>
						<height>62</height>
						<width min="10" max="552">auto</width>
						<font>FontSize_20</font>
						<textcolor>white</textcolor>
						<shadowcolor>99000000</shadowcolor>
				    <align>left</align>
				    <aligny>center</aligny>
						<scroll>false</scroll>
            <label>$INFO[Control.GetLabel(5),․  ]</label>
						<animation effect="fade" start="100" end="30" time="200" tween="sine" easing="inout" condition="!Control.HasFocus(5)" reversible="true">Conditional</animation>
	          <animation effect="zoom" start="100" end="95" time="200" tween="sine" easing="inout" center="15,0" condition="!Control.HasFocus(5)" reversible="true">Conditional</animation>
					</control>
					<control type="label">
						<description>Record Label</description>
						<height>62</height>
						<width min="10" max="552">auto</width>
						<font>FontSize_20</font>
						<textcolor>white</textcolor>
						<shadowcolor>99000000</shadowcolor>
				    <align>left</align>
				    <aligny>center</aligny>
						<scroll>false</scroll>
            <label>$INFO[Control.GetLabel(6),․  ]</label>
						<animation effect="fade" start="100" end="30" time="200" tween="sine" easing="inout" condition="!Control.HasFocus(6)" reversible="true">Conditional</animation>
	          <animation effect="zoom" start="100" end="95" time="200" tween="sine" easing="inout" center="15,0" condition="!Control.HasFocus(6)" reversible="true">Conditional</animation>
					</control>
				</control>
		  </control>
		</control>
	</controls>
</window>