<?xml version="1.0" encoding="UTF-8"?>
<window  id="139">
	<defaultcontrol always="true">100</defaultcontrol>
	<controls>
	<control type="button" id="100">
		<include>TopButton</include>
    <onfocus>SetFocus(5)</onfocus>
    <animation effect="fade" start="0" end="100" time="0" delay="50">Focus</animation>
  </control>
	 <control type="group">
	  <include>DialogAnimation</include>
		<control type="image">
			<description>background image</description>
			<include>FullscreenDimensions</include>
			<texture background="true">dialogs/selectdialog/bg_select.png</texture>
		</control>		
		<control type="label">
			<description>header label</description>
			<left>341</left>
			<top>185</top>
			<width>600</width>
			<font>FontSize_36</font>
			<textcolor>white</textcolor>
			<align>center</align>
			<aligny>center</aligny>
			<scroll>true</scroll>
			<scrollspeed>20</scrollspeed>
			<label>$LOCALIZE[13406]</label>
		</control>
		<control type="panel" id="5">
			<left>363</left>
			<top>229</top>
			<width>552</width>
			<height>306</height>
			<onup>5</onup>
			<ondown>5</ondown>
			<onleft>36</onleft>
			<onright>36</onright>
			<pagecontrol>60</pagecontrol>
			<scrolltime tween="Cubic" easing="Out">250</scrolltime>
			<itemlayout height="51" width="552">
				<control type="label">
					<left>10</left>
					<top>0</top>
					<width>200</width>
					<height>47</height>
					<font>FontSize_20</font>
					<textcolor>77white</textcolor>
					<selectedcolor>selected</selectedcolor>
					<align>left</align>
					<aligny>center</aligny>
					<label>$INFO[ListItem.Label]</label>
				</control>
				<control type="label">
					<left>542</left>
					<top>0</top>
					<width>332</width>
					<height>47</height>
					<font>FontSize_20</font>
					<textcolor>77white</textcolor>
					<selectedcolor>selected</selectedcolor>
					<align>right</align>
					<aligny>center</aligny>
					<label>$INFO[ListItem.Label2]</label>
				</control>
			</itemlayout>
			<focusedlayout height="51" width="552">
				<control type="image">
					<left>0</left>
					<top>0</top>
					<width>552</width>
					<height>47</height>
					<texture>buttons/settings_fo.png</texture>
		      <animation effect="slide" start="0,35" end="0,0" time="350" reversible="false" tween="back" easing="out" condition="Container(5).OnPrevious">focus</animation>
		      <animation effect="slide" start="0,-35" end="0,0" time="350" reversible="false" tween="back" easing="out" condition="Container(5).OnNext">focus</animation>
				</control>
				<control type="label">
					<left>10</left>
					<top>0</top>
					<width>200</width>
					<height>47</height>
					<font>FontSize_20</font>
					<textcolor>white</textcolor>
					<selectedcolor>selected</selectedcolor>
					<align>left</align>
					<aligny>center</aligny>
					<label>$INFO[ListItem.Label]</label>
		      <animation effect="slide" start="0,35" end="0,0" time="350" reversible="false" tween="back" easing="out" condition="Container(5).OnPrevious">focus</animation>
		      <animation effect="slide" start="0,-35" end="0,0" time="350" reversible="false" tween="back" easing="out" condition="Container(5).OnNext">focus</animation>
				</control>
				<control type="label">
					<left>542</left>
					<top>0</top>
					<width>332</width>
					<height>47</height>
					<font>FontSize_20</font>
					<textcolor>white</textcolor>
					<selectedcolor>selected</selectedcolor>
					<align>right</align>
					<aligny>center</aligny>
					<label>$INFO[ListItem.Label2]</label>
		      <animation effect="slide" start="0,35" end="0,0" time="350" reversible="false" tween="back" easing="out" condition="Container(5).OnPrevious">focus</animation>
		      <animation effect="slide" start="0,-35" end="0,0" time="350" reversible="false" tween="back" easing="out" condition="Container(5).OnNext">focus</animation>
				</control>
			</focusedlayout>
		</control>

	  <control type="group"  id="10000">
			<left>360</left>
			<top>525</top>
      <!-- Buttons -->
			<control type="grouplist" id="10001">
				<itemgap>15</itemgap>
				<align>left</align>
				<orientation>horizontal</orientation>
				<onleft>5</onleft>
				<onright>5</onright>
				<onup>5</onup>
				<ondown>5</ondown>
				<control type="button" id="36">
					<description>Button</description>
				  <label>31036</label>
			    <onclick>Close</onclick>
				  <include>TopButton</include>
				</control>
			</control>
      <!-- Buttons Labels -->
			<control type="grouplist">
				<left>0</left>
				<top>0</top>
				<height>70</height>
				<width>552</width>
				<itemgap>15</itemgap>
				<align>left</align>
				<orientation>horizontal</orientation>
				<control type="label">
					<description>Button Label</description>
	        <include>DialogsButtonLabels</include>
          <label>$INFO[Control.GetLabel(36),․  ]</label>
					<animation effect="fade" start="100" end="30" time="100" tween="sine" easing="inout" condition="!Control.HasFocus(36)" reversible="true">Conditional</animation>
          <animation effect="zoom" start="100" end="95" time="100" tween="sine" easing="inout" center="15,0" condition="!Control.HasFocus(36)" reversible="true">Conditional</animation>
				</control>
			</control>
			<control type="group">
				<left>272</left>
				<top>0</top>
			  <animation effect="fade" end="30" condition="true">Conditional</animation>
	      <animation effect="zoom" end="96" condition="true">Conditional</animation>
				<control type="label">
					<description>Page Count Label</description>
					<width>300</width>
					<height>57</height>
					<font>FontSize_20</font>
					<textcolor>white</textcolor>
					<shadowcolor>99000000</shadowcolor>
					<scroll>false</scroll>
					<align>right</align>
					<aligny>center</aligny>
					<label>$INFO[Container(5).NumItems,, $LOCALIZE[31025]]</label>
				  <visible>IntegerGreaterThan(Container(5).NumItems,0)</visible>
				</control>
			</control>
	  </control>
	 </control>
	</controls>
</window>