<?xml version="1.0" encoding="UTF-8"?>
<window  id="147">
	<defaultcontrol>61</defaultcontrol>
	<controls>
		<control type="group">
		  <include>DialogAnimation</include>
			<control type="image">
				<include>FullscreenDimensions</include>
			  <texture background="true">dialogs/other/bg_textviewer.png</texture>
			</control>
			<control type="label" id="1">
				<description>header label</description>
				<posx>220</posx>
				<posy>143</posy>
				<width>840</width>
				<height>50</height>
				<font>FontSize_36</font>
				<label>-</label>
				<align>center</align>
				<aligny>center</aligny>
				<textcolor>white</textcolor>
				<shadowcolor>99000000</shadowcolor>
				<scroll>true</scroll>
				<scrollspeed>20</scrollspeed>
			</control>
			<control type="group">
				<posx>232</posx>
				<posy>218</posy>
				<control type="textbox" id="5">
					<description>textarea</description>
					<posx>0</posx>
					<posy>0</posy>
					<width>815</width>
					<height>357</height>
					<label>-</label>
					<font>FontSize_20</font>
					<align>justify</align>
					<textcolor>99white</textcolor>
					<shadowcolor>99000000</shadowcolor>
					<pagecontrol>61</pagecontrol>
				</control>
				<control type="scrollbar" id="61">
					<posx>0</posx>
					<posy>0</posy>
					<width>25</width>
					<height>490</height>
					<texturesliderbackground>-</texturesliderbackground>
					<texturesliderbar>-</texturesliderbar>
					<texturesliderbarfocus>-</texturesliderbarfocus>
					<textureslidernib>-</textureslidernib>
					<textureslidernibfocus>-</textureslidernibfocus>
					<onleft>Close</onleft>
					<onright>Close</onright>
					<ondown>61</ondown>
					<onup>61</onup>
					<showonepage>true</showonepage>
					<orientation>vertical</orientation>
				</control>
			</control>
		</control>

	</controls>
</window>
