<?xml version="1.0" encoding="UTF-8"?>
<window  type="dialog" id="2000">
	<defaultcontrol always="true">3</defaultcontrol>
	<zorder>2</zorder>
	<controls>

	 <control type="group">
	  <include>DialogAnimation</include>
		<visible>![Window.IsActive(yesnodialog) | Window.IsActive(busydialog) | Window.IsActive(okdialog) | Window.IsActive(virtualkeyboard)]</visible>
		<control type="image">
			<description>background image</description>
			<include>FullscreenDimensions</include>
			<texture background="true">dialogs/selectdialog/bg_select.png</texture>
			<visible>Control.IsVisible(3)</visible>
		</control>
		<control type="image">
			<description>background image</description>
			<include>FullscreenDimensions</include>
			<texture background="true">dialogs/selectdialog/bg_select_icon.png</texture>
			<visible>Control.IsVisible(6)</visible>
			<visible>![Window.IsVisible(MusicOSD) | Window.IsVisible(VideoOSD)]</visible>
		</control>
		<control type="image">
			<description>background image</description>
			<include>FullscreenDimensions</include>
			<texture background="true">dialogs/selectdialog/bg_select_icon.png</texture>
			<visible>Control.IsVisible(6)</visible>
			<colordiffuse>FAFFFFFF</colordiffuse>
			<visible>Window.IsVisible(MusicOSD) | Window.IsVisible(VideoOSD)</visible>
		</control>
		<control type="label" id="1">
			<description>header label</description>
			<left>340</left>
			<top>185</top>
			<width>600</width>
			<font>FontSize_36</font>
			<textcolor>white</textcolor>
			<align>center</align>
			<aligny>center</aligny>
			<scroll>true</scroll>
			<scrollspeed>20</scrollspeed>
			<label>-</label>
		</control>
		<control type="list" id="3">
			<left>363</left>
			<top>229</top>
			<width>552</width>
			<height>306</height>
			<onup>3</onup>
			<ondown>3</ondown>
			<onleft>10000</onleft>
			<onright>10000</onright>
			<scrolltime tween="quadratic" easing="out">250</scrolltime>
			<itemlayout height="51" width="552">
				<control type="label">
					<left>10</left>
					<top>0</top>
					<width>540</width>
					<height>47</height>
					<font>FontSize_20</font>
					<textcolor>77white</textcolor>
					<selectedcolor>selected</selectedcolor>
					<align>left</align>
					<aligny>center</aligny>
					<label>$INFO[ListItem.Label]</label>
				</control>
				<control type="image">
					<left>0</left>
					<top>0</top>
					<width>552</width>
					<height>47</height>
					<texture>dialogs/selectdialog/selected.png</texture>
    			<visible>ListItem.IsSelected</visible>
				</control>
			</itemlayout>
			<focusedlayout height="51" width="552">
			 <control type="group">
	      <animation effect="slide" start="0,25" end="0,0" time="200" reversible="false" tween="back" easing="out" condition="Container(3).OnPrevious">focus</animation>
	      <animation effect="slide" start="0,-25" end="0,0" time="200" reversible="false" tween="back" easing="out" condition="Container(3).OnNext">focus</animation>
				<control type="image">
					<left>0</left>
					<top>0</top>
					<width>552</width>
					<height>47</height>
					<texture>buttons/settings_fo.png</texture>
					<visible>Control.HasFocus(3)</visible>
					<include>VisibleFadeEffect</include>
				</control>
				<control type="label">
					<left>10</left>
					<top>0</top>
					<width>540</width>
					<height>47</height>
					<font>FontSize_20</font>
					<textcolor>white</textcolor>
					<selectedcolor>selected</selectedcolor>
					<align>left</align>
					<aligny>center</aligny>
					<label>$INFO[ListItem.Label]</label>
          <scroll>true</scroll>
				</control>
				<control type="image">
					<left>0</left>
					<top>0</top>
					<width>552</width>
					<height>47</height>
					<texture>dialogs/selectdialog/selected.png</texture>
    			<visible>ListItem.IsSelected</visible>
				</control>
			 </control>
			</focusedlayout>
		</control>
		<control type="list" id="6">
			<left>363</left>
			<top>229</top>
			<width>553</width>
			<height>304</height>
			<onup>6</onup>
			<ondown>6</ondown>
			<onleft>10000</onleft>
			<onright>10000</onright>
			<pagecontrol>61</pagecontrol>
			<scrolltime tween="quadratic" easing="out">250</scrolltime>
			<itemlayout height="76" width="553">
				<control type="image">
					<left>1</left>
					<top>1</top>
					<width>70</width>
					<height>70</height>
					<aspectratio align="center" aligny="center">keep</aspectratio>
					<texture background="true" fallback="DefaultAddon.png">$INFO[Listitem.Icon]</texture>
					<bordertexture border="6">dialogs/other/iconborder.png</bordertexture>
					<bordersize>6</bordersize>
				</control>
				<control type="label">
					<left>80</left>
					<top>8</top>
					<width>470</width>
					<height>30</height>
					<font>FontSize_20</font>
					<textcolor>77white</textcolor>
					<selectedcolor>selected</selectedcolor>
					<align>left</align>
					<aligny>center</aligny>
					<label>$INFO[ListItem.Label]</label>
		      <animation effect="slide" start="0,35" end="0,10" time="0" reversible="false" condition="IsEmpty(ListItem.Label2)">Conditional</animation>
				</control>
				<control type="label">
					<left>80</left>
					<top>32</top>
					<width>470</width>
					<height>30</height>
					<font>FontSize_20</font>
					<textcolor>77white</textcolor>
					<selectedcolor>selected</selectedcolor>
					<align>left</align>
					<aligny>center</aligny>
					<label>$INFO[ListItem.Label2]$INFO[ListItem.Property(Addon.Creator), $LOCALIZE[31040] ]</label>
				</control>
				<control type="image">
					<left>0</left>
					<top>0</top>
					<width>553</width>
					<height>72</height>
					<texture>dialogs/selectdialog/selected.png</texture>
    			<visible>ListItem.IsSelected</visible>
				</control>
			</itemlayout>
			<focusedlayout height="76" width="553">
			 <control type="group">
	      <animation effect="slide" start="0,25" end="0,0" time="200" reversible="false" tween="back" easing="out" condition="Container(6).OnPrevious">focus</animation>
	      <animation effect="slide" start="0,-25" end="0,0" time="200" reversible="false" tween="back" easing="out" condition="Container(6).OnNext">focus</animation>
				<control type="image">
					<left>0</left>
					<top>0</top>
					<width>553</width>
					<height>72</height>
					<texture>buttons/settings_fo.png</texture>
					<visible>Control.HasFocus(6)</visible>
					<include>VisibleFadeEffect</include>
				</control>
				<control type="image">
					<left>1</left>
					<top>1</top>
					<width>70</width>
					<height>70</height>
					<aspectratio align="center" aligny="center">keep</aspectratio>
					<texture background="true" fallback="DefaultAddon.png">$INFO[Listitem.Icon]</texture>
					<bordertexture border="6">dialogs/other/iconborder.png</bordertexture>
					<bordersize>6</bordersize>
				</control>
				<control type="label">
					<left>80</left>
					<top>8</top>
					<width>470</width>
					<height>30</height>
					<font>FontSize_20</font>
					<textcolor>white</textcolor>
					<selectedcolor>selected</selectedcolor>
					<align>left</align>
					<aligny>center</aligny>
					<label>$INFO[ListItem.Label]</label>
          <scroll>true</scroll>
		      <animation effect="slide" start="0,0" end="0,10" time="0" reversible="false" condition="IsEmpty(ListItem.Label2)">Conditional</animation>
				</control>
				<control type="label">
					<left>80</left>
					<top>32</top>
					<width>470</width>
					<height>30</height>
					<font>FontSize_20</font>
					<textcolor>white</textcolor>
					<selectedcolor>selected</selectedcolor>
					<align>left</align>
					<aligny>center</aligny>
          <scroll>true</scroll>
					<label>$INFO[ListItem.Label2]$INFO[ListItem.Property(Addon.Creator), $LOCALIZE[31040] ]</label>
				</control>
				<control type="image">
					<left>0</left>
					<top>0</top>
					<width>553</width>
					<height>72</height>
					<texture>dialogs/selectdialog/selected.png</texture>
    			<visible>ListItem.IsSelected</visible>
				</control>
			 </control>
			</focusedlayout>
		</control>

	  <control type="group"  id="10000">
			<left>365</left>
			<top>525</top>
      <!-- Buttons -->
			<control type="grouplist" id="10001">
				<left>0</left>
				<top>0</top>
				<width>0</width>
				<height>0</height>
				<itemgap>0</itemgap>
				<align>left</align>
				<orientation>horizontal</orientation>
				<onleft>10001</onleft>
				<onright>10001</onright>
				<onup>3</onup>
				<ondown>3</ondown>
				<control type="button" id="5">
					<description>Button</description>
				  <label>-</label>
				  <include>TopButton</include>
				</control>
			</control>
      <!-- Buttons Labels -->
			<control type="grouplist">
				<left>0</left>
				<top>0</top>
				<height>70</height>
				<width>552</width>
				<itemgap>15</itemgap>
				<align>left</align>
				<orientation>horizontal</orientation>
				<control type="label">
					<description>Button Label</description>
	        <include>DialogsButtonLabels</include>
          <label>$INFO[Control.GetLabel(5),․  ]</label>
					<animation effect="fade" start="100" end="30" time="100" tween="sine" easing="inout" condition="!Control.HasFocus(5)" reversible="true">Conditional</animation>
          <animation effect="zoom" start="100" end="95" time="100" tween="sine" easing="inout" center="15,0" condition="!Control.HasFocus(5)" reversible="true">Conditional</animation>
				</control>
			</control>
			<control type="group">
				<left>266</left>
				<top>0</top>
				<animation effect="fade" end="30" condition="true">Conditional</animation>
	      <animation effect="zoom" end="96" condition="true">Conditional</animation>
				<control type="label">
					<description>Page Count Label</description>
					<width>300</width>
					<height>62</height>
					<font>FontSize_20</font>
					<textcolor>white</textcolor>
					<shadowcolor>99000000</shadowcolor>
					<scroll>false</scroll>
					<align>right</align>
					<aligny>center</aligny>
					<label>$INFO[Container(6).NumItems,, $LOCALIZE[31025]]</label>
				  <visible>IntegerGreaterThan(Container(6).NumItems,0)</visible>
				</control>
				<control type="label">
					<description>Page Count Label</description>
					<width>300</width>
					<height>62</height>
					<font>FontSize_20</font>
					<textcolor>white</textcolor>
					<shadowcolor>99000000</shadowcolor>
					<scroll>false</scroll>
					<align>right</align>
					<aligny>center</aligny>
					<label>$INFO[Container(3).NumItems,, $LOCALIZE[31025]]</label>
				  <visible>IntegerGreaterThan(Container(3).NumItems,0)</visible>
				</control>
			</control>
	  </control>
	 </control>
	</controls>
</window>