<?xml version="1.0" encoding="UTF-8"?>
<window  id="126">
	<defaultcontrol always="true">450</defaultcontrol>
	  <zorder>3</zorder>
	  <onload condition="Window.IsActive(networksetup)">SetProperty(ShowDialog,1,home)</onload>
	  <onload condition="Window.IsActive(networksetup)">SetProperty(ShowDialog,1)</onload>
	  <onunload>ClearProperty(ShowDialog,home)</onunload>
	<controls>
		
		<control type="group">
	    <include>DialogAnimation</include>
			<visible>!Window.IsActive(virtualkeyboard) + !Window.IsVisible(busydialog) + !Window.IsActive(locksettings) + ![Window.IsActive(networksetup) + IsEmpty(Window.Property(ShowDialog))]</visible>
		    <control type="image">
			    <description>background image</description>
			    <include>FullscreenDimensions</include>
					<texture>dialogs/other/bg_filebrowser.png</texture>
					<visible>!Window.IsActive(musicosd) + !Window.IsActive(videoosd)</visible>
			  </control>
			  <control type="image">
			    <description>background image</description>
			    <include>FullscreenDimensions</include>
					<texture>dialogs/other/bg_filebrowser.png</texture>
					<colordiffuse>FAFFFFFF</colordiffuse>
					<visible>Window.IsActive(musicosd) | Window.IsActive(videoosd)</visible>
			  </control>
				<control type="label" id="411">
					<description>header label</description>
					<left>305</left>
					<top>180</top>
					<width>670</width>
					<height>50</height>
					<font>FontSize_36</font>
					<align>center</align>
					<aligny>center</aligny>
					<textcolor>white</textcolor>
					<shadowcolor>99000000</shadowcolor>
					<scroll>true</scroll>
					<scrollspeed>20</scrollspeed>
				</control>
				<control type="label" id="412">
					<description>Path</description>
					<left>330</left>
					<top>228</top>
					<width>620</width>
					<height>30</height>
					<font>FontSize_16B</font>
					<align>left</align>
					<aligny>center</aligny>
					<textcolor>44white</textcolor>
					<shadowcolor>99000000</shadowcolor>
					<scroll>true</scroll>
					<scrollspeed>20</scrollspeed>
				</control>

				<control type="image">
					<description>Large Icon Image</description>
					<left>780</left>
					<top>263</top>
					<width>171</width>
					<height>249</height>
					<aspectratio align="center" aligny="center">keep</aspectratio>
					<texture background="true">$INFO[Listitem.Icon]</texture>
					<bordertexture border="20">dialogs/other/iconborder_black.png</bordertexture>
					<bordersize>6</bordersize>
				</control>
					
			<!-- List -->
			<control type="list" id="450">
				<left>328</left>
				<top>262</top>
				<width>447</width>
				<height>255</height>
				<onup>450</onup>
				<onleft>10000</onleft>
				<onright>10000</onright>
				<ondown>450</ondown>
			  <scrolltime tween="quadratic" easing="out">250</scrolltime>
				<itemlayout height="51" width="447">
					<control type="label">
						<left>10</left>
						<top>0</top>
						<width>427</width>
						<height>47</height>
						<info>ListItem.Label</info>
						<font>FontSize_20</font>
						<align>left</align>
						<aligny>center</aligny>
						<textcolor>77white</textcolor>
						<shadowcolor>99000000</shadowcolor>
						<scroll>false</scroll>
					</control>
				</itemlayout>
				<focusedlayout height="51" width="447">
					<control type="image">
						<left>0</left>
						<top>0</top>
						<width>447</width>
						<height>47</height>
						<align>left</align>
						<aligny>center</aligny>
					  <texture>buttons/settings_fo.png</texture>
			      <animation effect="slide" start="0,25" end="0,0" time="200" reversible="false" tween="back" easing="out" condition="Container(450).OnPrevious">focus</animation>
			      <animation effect="slide" start="0,-25" end="0,0" time="200" reversible="false" tween="back" easing="out" condition="Container(450).OnNext">focus</animation>
            <visible>Control.HasFocus(450)</visible>
					</control>
					<control type="label">
						<left>10</left>
						<top>0</top>
						<width>427</width>
						<height>47</height>
						<info>ListItem.Label</info>
						<font>FontSize_20</font>
						<align>left</align>
						<aligny>center</aligny>
						<textcolor>white</textcolor>
						<shadowcolor>99000000</shadowcolor>
						<scroll>true</scroll>
						<scrollspeed>20</scrollspeed>
						<visible>Control.HasFocus(450)</visible>
					</control>
					<control type="label">
						<left>10</left>
						<top>0</top>
						<width>427</width>
						<height>47</height>
						<info>ListItem.Label</info>
						<font>FontSize_20</font>
						<align>left</align>
						<aligny>center</aligny>
						<textcolor>77white</textcolor>
						<shadowcolor>99000000</shadowcolor>
						<scroll>true</scroll>
						<scrollspeed>20</scrollspeed>
						<visible>!Control.HasFocus(450)</visible>
					</control>
				</focusedlayout>
			</control>

		  <control type="group" id="10000">
				<left>325</left>
				<top>505</top>
	      <!-- Buttons -->
				<control type="grouplist" id="10001">
					<left>0</left>
					<top>0</top>
					<width>0</width>
					<height>0</height>
					<itemgap>0</itemgap>
					<align>left</align>
					<orientation>horizontal</orientation>
					<onleft>10001</onleft>
					<onright>10001</onright>
					<onup>450</onup>
					<ondown>450</ondown>
					<control type="button" id="413">
						<description>Save</description>
					  <label>190</label>
					  <include>TopButton</include>
					</control>
					<control type="button" id="414">
						<description>Cancel</description>
					  <label>222</label>
					  <include>TopButton</include>
					</control>
					<control type="button" id="415">
						<description>New Folder</description>
					  <label>119</label>
					  <include>TopButton</include>
					</control>
				</control>
	      <!-- Buttons Labels -->
				<control type="grouplist">
					<left>0</left>
					<top>0</top>
					<height>70</height>
					<width>620</width>
					<itemgap>30</itemgap>
					<align>left</align>
					<orientation>horizontal</orientation>
					<control type="label">
						<description>Save Label</description>
	          <include>DialogsButtonLabels</include>
            <label>$INFO[Control.GetLabel(413),․  ]</label>
						<animation effect="fade" start="100" end="30" time="100" tween="sine" easing="inout" condition="!Control.HasFocus(413)" reversible="true">Conditional</animation>
	          <animation effect="zoom" start="100" end="95" time="100" tween="sine" easing="inout" center="15,0" condition="!Control.HasFocus(413)" reversible="true">Conditional</animation>
					</control>
					<control type="label">
						<description>Cancel Label</description>
	          <include>DialogsButtonLabels</include>
            <label>$INFO[Control.GetLabel(414),․  ]</label>
						<animation effect="fade" start="100" end="30" time="100" tween="sine" easing="inout" condition="!Control.HasFocus(414)" reversible="true">Conditional</animation>
	          <animation effect="zoom" start="100" end="95" time="100" tween="sine" easing="inout" center="15,0" condition="!Control.HasFocus(414)" reversible="true">Conditional</animation>
					</control>
					<control type="label">
						<description>New Folder Label</description>
	          <include>DialogsButtonLabels</include>
            <label>$INFO[Control.GetLabel(415),․  ]</label>
						<animation effect="fade" start="100" end="30" time="100" tween="sine" easing="inout" condition="!Control.HasFocus(415)" reversible="true">Conditional</animation>
	          <animation effect="zoom" start="100" end="95" time="100" tween="sine" easing="inout" center="15,0" condition="!Control.HasFocus(415)" reversible="true">Conditional</animation>
					</control>
				</control>
				<control type="group">
					<left>343</left>
					<top>0</top>
				  <animation effect="fade" end="30" condition="true">Conditional</animation>
		      <animation effect="zoom" end="96" condition="true">Conditional</animation>
					<control type="label">
						<description>Page Count Label</description>
						<width>300</width>
						<height>62</height>
						<font>FontSize_20</font>
						<textcolor>white</textcolor>
						<shadowcolor>99000000</shadowcolor>
						<scroll>false</scroll>
						<align>right</align>
						<aligny>center</aligny>
						<label>$INFO[Container(450).NumItems,, $LOCALIZE[31025]]</label>
					  <visible>IntegerGreaterThan(Container(450).NumItems,0)</visible>
					</control>
				</control>
		  </control>
		</control>
	</controls>
</window>
