<?xml version="1.0" encoding="UTF-8"?>
<window  id="0">
	<defaultcontrol always="true">20</defaultcontrol>
  <allowoverlay>yes</allowoverlay>
  <backgroundcolor>0</backgroundcolor>
	<controls>
		<include>BackgroundContent</include>
		<include>HomeCategoriesFanart</include>
		<include>HomeSkinWidgetsFanart</include>
		<include>BackgroundVignette</include>
		<!-- Main Home Menu Wraplist -->
		<include>HomeMenuWraplist</include>
	  <!-- Home Now Playing -->
		<include>HomeNowPlaying</include>
	  <!-- Various Home Includes -->
		<include>HomeMenuSubLabels</include>
		<include condition="!Skin.HasSetting(HideMoviesSubMenu)">HomeSubMenuMovies</include>
		<include condition="!Skin.HasSetting(HideTVShowsSubMenu)">HomeSubMenuTVShows</include>
		<include condition="!Skin.HasSetting(HideMusicSubMenu)">HomeSubMenuMusic</include>
		<include condition="!Skin.HasSetting(HideSettingsSubMenu)">HomeSubMenuSettings</include>
		<include condition="!Skin.HasSetting(HideAddonsSubMenu)">HomeSubMenuAddons</include>
		<include condition="!Skin.HasSetting(HideLiveTVSubMenu)">HomeSubMenuLiveTV</include>
		<include>SkinWidgetsLists</include>
		<include>CommonDialogsFadeOutBG</include>
	  <!-- Home TopSection -->
		<include>TopHomeMenu</include>
		<include>HomeWeatherAndClock</include>
		<include>ContentSkinWidgetsInfo</include>

	</controls>	
</window>
