<?xml version="1.0" encoding="UTF-8"?>
<includes> 
    <include file="ViewsVideos.xml" />
    <include file="ViewsMusic.xml" />
    <include file="ViewsPictures.xml" />
    <include file="ViewsPrograms.xml" />
    <include file="ViewsAddons.xml" />
	  <include file="ViewsPVR.xml" />

    <include name="VideoViews">
      <include>ListView_Videos</include> <!-- id = 50 -->
      <include condition="!Skin.HasSetting(HideSlideViewVideos)">SlideView_Videos</include> <!-- id = 51 -->
      <include condition="!Skin.HasSetting(HideGalleryViewVideos)">GalleryView_Videos</include> <!-- id = 52 -->
      <include condition="!Skin.HasSetting(Hide3DWallViewVideos)">3DWallView_Videos</include> <!-- id = 53 -->
      <include condition="!Skin.HasSetting(HideWallViewVideos)">WallView_Videos</include> <!-- id = 54 -->
      <include condition="!Skin.HasSetting(HideListWallViewVideos)">ListWallView_Videos</include> <!-- id = 58 -->
      <include condition="!Skin.HasSetting(HideVideoWallFanartViewVideos)">VideoWallFanartView</include> <!-- id = 580 -->
      <include condition="!Skin.HasSetting(HidePostersViewVideos)">PostersView_Videos</include> <!-- id = 55 -->
      <include condition="!Skin.HasSetting(HideThumbnailsVideos)">ThumbnailsView</include> <!-- id = 56 -->
      <include condition="!Skin.HasSetting(HideThumbnailsVideos)">ThumbnailsView_Videos_Posters</include> <!-- id = 560 -->
      <include condition="!Skin.HasSetting(HideThumbnailsVideos)">ThumbnailsView_Videos_Landscape</include> <!-- id = 561 -->
      <include condition="!Skin.HasSetting(HideBannersViewVideos)">BannersView_Videos</include> <!-- id = 57 -->
    </include>
    
    <include name="MusicLibraryViews">
      <include>ListView_Music</include> <!-- id = 50 -->
      <include condition="!Skin.HasSetting(HideSlideViewMusic)">SlideView_Music</include> <!-- id = 51 -->
      <include condition="!Skin.HasSetting(HideGalleryViewMusic)">GalleryView_Music</include> <!-- id = 52 -->
      <include condition="!Skin.HasSetting(HideThumbnailsMusic)">ThumbnailsView</include> <!-- id = 56 -->
      <include condition="!Skin.HasSetting(HideBannersViewMusic)">BannersView_Music</include> <!-- id = 57 -->
      <include condition="!Skin.HasSetting(Hide3DWallViewMusic)">3DWallView_Music</include> <!-- id = 59 -->
    </include>
    
    <include name="MusicFilesViews">
      <include>ListView_Music</include> <!-- id = 50 -->
      <include condition="!Skin.HasSetting(HideThumbnailsMusic)">ThumbnailsView</include> <!-- id = 56 -->
    </include>

    <include name="PicturesViews">
      <include>ListView_Pictures</include> <!-- id = 50 -->
      <include>GalleryView_Pictures</include> <!-- id = 52 -->
      <include>ThumbnailsView</include> <!-- id = 56 -->
    </include>

    <include name="ProgramsViews">
      <include>ListView_Addons</include> <!-- id = 50 -->
      <include>ThumbnailsView</include> <!-- id = 56 -->
    </include>
    
    <include name="AddonsViews">
      <include>ListView_Addons</include> <!-- id = 50 -->
      <include>ThumbnailsView</include> <!-- id = 56 -->
    </include>
    
    <include name="VideoPlaylistViews">
      <include>ListView_Videos</include> <!-- id = 50 -->
      <include condition="!Skin.HasSetting(HideBannersViewVideos)">BannersView_Videos</include> <!-- id = 57 -->
    </include>
    
    <include name="MusicPlaylistViews">
      <include>ListView_Music</include> <!-- id = 50 -->
      <include condition="!Skin.HasSetting(HideSlideViewMusic)">SlideView_Music</include> <!-- id = 51 -->
      <include condition="!Skin.HasSetting(HideThumbnailsMusic)">ThumbnailsView</include> <!-- id = 56 -->
      <include condition="!Skin.HasSetting(HideBannersViewMusic)">BannersView_Music</include> <!-- id = 57 -->
    </include>

    <include name="PVRViews">
     <control type="group" id="50">
			<control type="image">
			  <include>FullscreenDimensions</include>
				<texture background="true">windows/pvr/bg_overlay.png</texture>
        <colordiffuse>D9FFFFFF</colordiffuse>
			  <include>FanartFade</include>
			</control>
			<include>LiveTV_ChannelsView</include> <!-- view id = 11 -->
			<include>LiveRadio_ChannelsView</include> <!-- view id = 12 -->
			<include>LiveTV_EPGTimelineView</include> <!-- view id = 10 -->
			<include>LiveTV_EPGNowNextView</include> <!-- view id = 16 -->
			<include>LiveTV_EPGChannelView</include> <!-- view id = 15 -->
			<include>LiveTV_RecordingsView</include> <!-- view id = 13 -->
			<include>LiveTV_TimersView</include> <!-- view id = 14 -->
			<include>LiveTV_SearchView</include> <!-- view id = 17 -->
     </control>
    </include>

</includes>    