<?xml version="1.0" encoding="UTF-8"?>
<includes> 

	<include name="ContentSkinWidgetsInfo">
	 <control type="group">
		  <posx>45</posx>
		  <posy>25</posy>
	    <animation type="WindowClose" reversible="true">
	      <effect type="fade" start="100" end="0" time="250" delay="250" tween="sine" easing="out" />
	      <effect type="slide" start="0,0" end="0,-55" time="300" delay="250" tween="sine" easing="out" />
	    </animation>
	    <animation type="Conditional" reversible="false" condition="![Window.IsActive(ShutdownMenu) | Window.IsActive(ContextMenu) | Window.IsActive(Favourites)]">
	      <effect type="fade" start="0" end="100" time="300" tween="sine" easing="in"  />
	      <effect type="slide" start="0,55" end="0,0" time="350" tween="cubic" easing="out" />
	    </animation>
	    <animation type="Conditional" reversible="false" condition="Window.IsActive(ShutdownMenu) | Window.IsActive(ContextMenu) | Window.IsActive(Favourites)">
	      <effect type="fade" start="100" end="0" time="300" tween="sine" easing="out" />
	      <effect type="slide" start="0,0" end="0,55" time="350" tween="sine" easing="out" />
	    </animation>
		  <!--  Recently Added  -->
			<control type="grouplist">
				<visible>Control.HasFocus(81)</visible>
	      <include>VisibleFadeEffectRecent</include>
				<posx>0</posx>
				<posy>0</posy>
				<height>70</height>
				<width>1000</width>
				<align>left</align>
				<itemgap>20</itemgap>
				<orientation>horizontal</orientation>
		    <control type="label">
				  <include>TopBigLabel</include>
					<label>$LOCALIZE[31241]</label>
					<visible>Container(20).HasFocus(2)</visible>
				</control>
		    <control type="label">
				  <include>TopBigLabel</include>
					<label>$LOCALIZE[31242]</label>
					<visible>Container(20).HasFocus(1)</visible>
				</control>
		    <control type="label">
				  <include>TopBigLabel</include>
					<label>$LOCALIZE[31243]</label>
					<visible>Container(20).HasFocus(3)</visible>
				</control>
			</control>
			<control type="group">
				<visible>Control.HasFocus(81)</visible>
	      <include>VisibleFadeEffectRecent</include>
				<control type="label">
					<description>Page Count Label</description>
					<posx>0</posx>
					<posy>48</posy>
					<width>300</width>
					<height>20</height>
					<font>FontSize_18</font>
					<textcolor>blue</textcolor>
					<scroll>false</scroll>
					<align>left</align>
					<aligny>center</aligny>
					<label>$INFO[Container(81).NumItems,, $LOCALIZE[31025]]</label>
				</control>
			</control>

		  <!--  Recommended  -->
			<control type="grouplist">
				<visible>Control.HasFocus(82)</visible>
	      <include>VisibleFadeEffectRecommended</include>
				<posx>0</posx>
				<posy>0</posy>
				<height>70</height>
				<width>1000</width>
				<align>left</align>
				<itemgap>20</itemgap>
				<orientation>horizontal</orientation>
		    <control type="label">
				  <include>TopBigLabel</include>
					<label>$LOCALIZE[342] $LOCALIZE[575]</label>
					<visible>Container(20).HasFocus(2)</visible>
				</control>
		    <control type="label">
				  <include>TopBigLabel</include>
					<label>$LOCALIZE[31002] $LOCALIZE[575]</label>
					<visible>Container(20).HasFocus(1)</visible>
				</control>
		    <control type="label">
				  <include>TopBigLabel</include>
					<label>$LOCALIZE[2] $LOCALIZE[575]</label>
					<visible>Container(20).HasFocus(3)</visible>
				</control>
			</control>
			<control type="group">
				<visible>Control.HasFocus(82)</visible>
	      <include>VisibleFadeEffectRecommended</include>
				<control type="label">
					<description>Page Count Label</description>
					<posx>0</posx>
					<posy>48</posy>
					<width>300</width>
					<height>20</height>
					<font>FontSize_18</font>
					<textcolor>blue</textcolor>
					<scroll>false</scroll>
					<align>left</align>
					<aligny>center</aligny>
					<label>$INFO[Container(82).NumItems,, $LOCALIZE[31025]]</label>
				</control>
			</control>
			
		  <!--  Random  -->
			<control type="grouplist">
				<visible>Control.HasFocus(83)</visible>
	      <include>VisibleFadeEffectRandom</include>
				<posx>0</posx>
				<posy>0</posy>
				<height>70</height>
				<width>1000</width>
				<align>left</align>
				<itemgap>20</itemgap>
				<orientation>horizontal</orientation>
		    <control type="label">
				  <include>TopBigLabel</include>
					<label>$LOCALIZE[31247]</label>
					<visible>Container(20).HasFocus(2)</visible>
				</control>
		    <control type="label">
				  <include>TopBigLabel</include>
					<label>$LOCALIZE[31248]</label>
					<visible>Container(20).HasFocus(1)</visible>
				</control>
		    <control type="label">
				  <include>TopBigLabel</include>
					<label>$LOCALIZE[31249]</label>
					<visible>Container(20).HasFocus(3)</visible>
				</control>
			</control>
			<control type="group">
				<visible>Control.HasFocus(83)</visible>
	      <include>VisibleFadeEffectRandom</include>
				<control type="label">
					<description>Page Count Label</description>
					<posx>0</posx>
					<posy>48</posy>
					<width>300</width>
					<height>20</height>
					<font>FontSize_18</font>
					<textcolor>blue</textcolor>
					<scroll>false</scroll>
					<align>left</align>
					<aligny>center</aligny>
					<label>$INFO[Container(83).NumItems,, $LOCALIZE[31025]]</label>
				</control>
			</control>
	 </control>

  </include>
  


	<include name="SkinWidgetsLists">
	 <control type="group">
    <animation type="WindowClose" reversible="true">
      <effect type="fade" start="100" end="0" time="250" delay="250" tween="sine" easing="out" />
      <effect type="slide" start="0,0" end="0,-55" time="300" delay="250" tween="sine" easing="out" />
    </animation>
    <animation type="Conditional" reversible="false" condition="![Window.IsActive(ShutdownMenu) | Window.IsActive(BusyDialog) | Window.IsActive(PlayerControls) | Window.IsActive(Favourites)]">
      <effect type="fade" start="0" end="100" time="300" tween="sine" easing="in"  />
      <effect type="slide" start="0,55" end="0,0" time="350" tween="cubic" easing="out" />
    </animation>
    <animation type="Conditional" reversible="false" condition="Window.IsActive(ShutdownMenu) | Window.IsActive(BusyDialog) | Window.IsActive(PlayerControls) | Window.IsActive(Favourites)">
      <effect type="fade" start="100" end="0" time="300" tween="sine" easing="out" />
      <effect type="slide" start="0,0" end="0,55" time="350" tween="sine" easing="out" />
    </animation>
		
	  <control type="group.">    
			<visible>Control.HasFocus(81) | Control.HasFocus(82) | Control.HasFocus(83)</visible>
			<control type="image">
				<posx>-230</posx>
				<posy>-40</posy>
				<width>1800</width>
				<height>780</height>
				<aspectratio align="center" aligny="center">stretch</aspectratio>
				<texture background="true">views/list/shine.png</texture>
				<include>BackgroundFade</include>
				<visible>Container(20).HasFocus(2) | Container(20).HasFocus(1)</visible>
			</control>
			<control type="image">
				<posx>-230</posx>
				<posy>0</posy>
				<width>1800</width>
				<height>740</height>
				<aspectratio align="center" aligny="center">stretch</aspectratio>
				<texture background="true">views/list/shine.png</texture>
				<include>BackgroundFade</include>
				<visible>Container(20).HasFocus(3)</visible>
			</control>
		</control>		
	  <control type="group">
		  <visible>Control.HasFocus(81)</visible>
	    <include>VisibleFadeEffectRecent</include>
			<control type="image">
				<posy>50</posy>
				<width>1280</width>
				<height>720</height>
				<aspectratio align="center">stretch</aspectratio>
				<texture background="true">overlays/skin_widgets/top_bottom_shadows_videos.png</texture>
				<visible>Container(20).HasFocus(2) | Container(20).HasFocus(1)</visible>
			</control>
			<control type="image">
				<posy>50</posy>
				<width>1280</width>
				<height>720</height>
				<aspectratio align="center">stretch</aspectratio>
				<texture background="true">overlays/skin_widgets/top_bottom_shadows_music.png</texture>
				<visible>Container(20).HasFocus(3)</visible>
			</control>
	  </control>

	  <control type="group">
		  <visible>Control.HasFocus(82)</visible>
	    <include>VisibleFadeEffectRecommended</include>
			<control type="image">
				<posy>50</posy>
				<width>1280</width>
				<height>720</height>
				<aspectratio align="center">stretch</aspectratio>
				<texture background="true">overlays/skin_widgets/top_bottom_shadows_videos.png</texture>
				<visible>Container(20).HasFocus(2) | Container(20).HasFocus(1)</visible>
			</control>
			<control type="image">
				<posy>50</posy>
				<width>1280</width>
				<height>720</height>
				<aspectratio align="center">stretch</aspectratio>
				<texture background="true">overlays/skin_widgets/top_bottom_shadows_music.png</texture>
				<visible>Container(20).HasFocus(3)</visible>
			</control>
	  </control>

	  <control type="group">
		  <visible>Control.HasFocus(83)</visible>
	    <include>VisibleFadeEffectRandom</include>
			<control type="image">
				<posy>50</posy>
				<width>1280</width>
				<height>720</height>
				<aspectratio align="center">stretch</aspectratio>
				<texture background="true">overlays/skin_widgets/top_bottom_shadows_videos.png</texture>
				<visible>Container(20).HasFocus(2) | Container(20).HasFocus(1)</visible>
			</control>
			<control type="image">
				<posy>50</posy>
				<width>1280</width>
				<height>720</height>
				<aspectratio align="center">stretch</aspectratio>
				<texture background="true">overlays/skin_widgets/top_bottom_shadows_music.png</texture>
				<visible>Container(20).HasFocus(3)</visible>
			</control>
	  </control>

		<!-- ================ -->
		<!--  Recently Added  -->
		<!-- ================ -->
		<control type="wraplist" id="81">
		 <visible allowhiddenfocus="true">Control.HasFocus(81) + ![Container(20).OnScrollNext | Container(20).OnScrollPrevious | Container(20).Scrolling]</visible>
	    <include>VisibleFadeEffectRecent</include>
			<posx>-155</posx>
			<posy>210</posy>
			<width>1900</width>
			<height>800</height>
			<onleft>81</onleft>
			<onright>81</onright>
      <onup>SetProperty(Movement,1)</onup>
      <onup>83</onup>
      <ondown>ClearProperty(Movement)</ondown>
      <ondown>82</ondown>
			<onback>ClearProperty(Movement)</onback>
			<onback>20</onback>
      <viewtype label="535">List</viewtype>
      <scrolltime tween="Quadratic" easing="out">300</scrolltime>
      <orientation>horizontal</orientation>
      <preloaditems>2</preloaditems>
      <focusposition>1</focusposition>

			<!-- Recent List Movies & TV Shows -->
			<itemlayout condition="Container(20).HasFocus(2) | Container(20).HasFocus(1)" width="200" height="280">
					<control type="image">
						<width>200</width>
						<height>280</height>
		        <colordiffuse>FFbbbbbb</colordiffuse>
						<aspectratio aligny="center" align="center">stretch</aspectratio>
						<texture background="true" diffuse="overlays/skin_widgets/poster_diffuse_nf.png" fallback="thumbs/fallback_poster.png">$INFO[ListItem.Icon]</texture>
					</control>
				<control type="group">
					<visible>![IsEmpty(ListItem.Property(LatestMovie1)) | IsEmpty(ListItem.Property(LatestMovie2)) | IsEmpty(ListItem.Property(LatestMovie3)) | IsEmpty(ListItem.Property(LatestMovie4))]</visible>
					<control type="image">
						<width>100</width>
						<height>140</height>
		        <colordiffuse>FFbbbbbb</colordiffuse>
						<aspectratio aligny="center" align="center">stretch</aspectratio>
						<texture background="true" diffuse="overlays/skin_widgets/poster_diffuse_nf.png">$INFO[ListItem.Property(LatestMovie1)]</texture>
					</control>
					<control type="image">
						<posy>140</posy>
						<width>100</width>
						<height>140</height>
		        <colordiffuse>FFbbbbbb</colordiffuse>
						<aspectratio aligny="center" align="center">stretch</aspectratio>
						<texture background="true" diffuse="overlays/skin_widgets/poster_diffuse_nf.png">$INFO[ListItem.Property(LatestMovie3)]</texture>
					</control>
					<control type="image">
						<posx>100</posx>
						<width>100</width>
						<height>140</height>
		        <colordiffuse>FFbbbbbb</colordiffuse>
						<aspectratio aligny="center" align="center">stretch</aspectratio>
						<texture background="true" diffuse="overlays/skin_widgets/poster_diffuse_nf.png">$INFO[ListItem.Property(LatestMovie2)]</texture>
					</control>
					<control type="image">
						<posx>100</posx>
						<posy>140</posy>
						<width>100</width>
						<height>140</height>
		        <colordiffuse>FFbbbbbb</colordiffuse>
						<aspectratio aligny="center" align="center">stretch</aspectratio>
						<texture background="true" diffuse="overlays/skin_widgets/poster_diffuse_nf.png">$INFO[ListItem.Property(LatestMovie4)]</texture>
					</control>
				</control>
				<control type="group">
					<visible>![IsEmpty(ListItem.Property(LatestEpisode1)) | IsEmpty(ListItem.Property(LatestEpisode2)) | IsEmpty(ListItem.Property(LatestEpisode3)) | IsEmpty(ListItem.Property(LatestEpisode4))]</visible>
					<control type="image">
						<width>100</width>
						<height>140</height>
		        <colordiffuse>FFbbbbbb</colordiffuse>
						<aspectratio aligny="center" align="center">stretch</aspectratio>
						<texture background="true" diffuse="overlays/skin_widgets/poster_diffuse_nf.png">$INFO[ListItem.Property(LatestEpisode1)]</texture>
					</control>
					<control type="image">
						<posy>140</posy>
						<width>100</width>
						<height>140</height>
		        <colordiffuse>FFbbbbbb</colordiffuse>
						<aspectratio aligny="center" align="center">stretch</aspectratio>
						<texture background="true" diffuse="overlays/skin_widgets/poster_diffuse_nf.png">$INFO[ListItem.Property(LatestEpisode3)]</texture>
					</control>
					<control type="image">
						<posx>100</posx>
						<width>100</width>
						<height>140</height>
		        <colordiffuse>FFbbbbbb</colordiffuse>
						<aspectratio aligny="center" align="center">stretch</aspectratio>
						<texture background="true" diffuse="overlays/skin_widgets/poster_diffuse_nf.png">$INFO[ListItem.Property(LatestEpisode2)]</texture>
					</control>
					<control type="image">
						<posx>100</posx>
						<posy>140</posy>
						<width>100</width>
						<height>140</height>
		        <colordiffuse>FFbbbbbb</colordiffuse>
						<aspectratio aligny="center" align="center">stretch</aspectratio>
						<texture background="true" diffuse="overlays/skin_widgets/poster_diffuse_nf.png">$INFO[ListItem.Property(LatestEpisode4)]</texture>
					</control>
				</control>
			</itemlayout>
			<focusedlayout condition="Container(20).HasFocus(2) | Container(20).HasFocus(1)" width="200" height="280">
				<control type="group">
          <animation type="Focus" reversible="false" condition="Container(81).OnNext">
            <effect type="fade" start="20" end="100" time="300" delay="100" tween="sine" easing="out" />
          </animation>
          <animation type="Focus" reversible="false" condition="Container(81).OnPrevious">
            <effect type="fade" start="20" end="100" time="300" delay="100" tween="sine" easing="out" />
          </animation>
					<control type="image">
						<width>200</width>
						<height>280</height>
						<aspectratio aligny="center" align="center">stretch</aspectratio>
						<texture background="true" fallback="thumbs/fallback_poster.png">$INFO[ListItem.Icon]</texture>
					</control>
					<control type="group">
						<visible>![IsEmpty(ListItem.Property(LatestMovie1)) | IsEmpty(ListItem.Property(LatestMovie2)) | IsEmpty(ListItem.Property(LatestMovie3)) | IsEmpty(ListItem.Property(LatestMovie4))]</visible>
						<control type="image">
							<width>100</width>
							<height>140</height>
						  <aspectratio aligny="center" align="center">stretch</aspectratio>
							<texture background="true">$INFO[ListItem.Property(LatestMovie1)]</texture>
						</control>
						<control type="image">
							<posy>140</posy>
							<width>100</width>
							<height>140</height>
						  <aspectratio aligny="center" align="center">stretch</aspectratio>
							<texture background="true">$INFO[ListItem.Property(LatestMovie3)]</texture>
						</control>
						<control type="image">
							<posx>100</posx>
							<width>100</width>
							<height>140</height>
						  <aspectratio aligny="center" align="center">stretch</aspectratio>
							<texture background="true">$INFO[ListItem.Property(LatestMovie2)]</texture>
						</control>
						<control type="image">
							<posx>100</posx>
							<posy>140</posy>
							<width>100</width>
							<height>140</height>
						   <aspectratio aligny="center" align="center">stretch</aspectratio>
							<texture background="true">$INFO[ListItem.Property(LatestMovie4)]</texture>
						</control>
					</control>
					<control type="group">
						<visible>![IsEmpty(ListItem.Property(LatestEpisode1)) | IsEmpty(ListItem.Property(LatestEpisode2)) | IsEmpty(ListItem.Property(LatestEpisode3)) | IsEmpty(ListItem.Property(LatestEpisode4))]</visible>
						<control type="image">
							<width>100</width>
							<height>140</height>
						  <aspectratio aligny="center" align="center">stretch</aspectratio>
							<texture background="true">$INFO[ListItem.Property(LatestEpisode1)]</texture>
						</control>
						<control type="image">
							<posy>140</posy>
							<width>100</width>
							<height>140</height>
						  <aspectratio aligny="center" align="center">stretch</aspectratio>
							<texture background="true">$INFO[ListItem.Property(LatestEpisode3)]</texture>
						</control>
						<control type="image">
							<posx>100</posx>
							<width>100</width>
							<height>140</height>
						  <aspectratio aligny="center" align="center">stretch</aspectratio>
							<texture background="true">$INFO[ListItem.Property(LatestEpisode2)]</texture>
						</control>
						<control type="image">
							<posx>100</posx>
							<posy>140</posy>
							<width>100</width>
							<height>140</height>
						  <aspectratio aligny="center" align="center">stretch</aspectratio>
							<texture background="true">$INFO[ListItem.Property(LatestEpisode4)]</texture>
						</control>
					</control>
				</control>
				<control type="group">
					<posx>200</posx>
					<control type="image.">
						<width>1350</width>
						<height>280</height>
						<aspectratio align="center">stretch</aspectratio>
						<texture background="true">overlays/skin_widgets/title_shadow.png</texture>
					</control>
					<control type="image.">
					  <posx>-650</posx>
						<width>450</width>
						<height>280</height>
						<aspectratio align="center">stretch</aspectratio>
						<texture background="true" flipx="true">overlays/skin_widgets/title_shadow.png</texture>
					</control>
					<control type="label">
						<posx>10</posx>
						<posy>200</posy>
						<height>30</height>
						<width>800</width>
						<textcolor>white</textcolor>
					  <shadowcolor>99000000</shadowcolor>
						<font>FontSize_38</font>
						<scrollout>false</scrollout>
						<pauseatend>200</pauseatend>
						<scrollspeed>30</scrollspeed>
						<align>left</align>
						<label>$INFO[ListItem.label]</label>
					</control>
					<control type="label">
						<posx>10</posx>
						<posy>230</posy>
						<height>30</height>
						<width>800</width>
						<textcolor>77white</textcolor>
					  <shadowcolor>99000000</shadowcolor>
						<font>FontSize_22</font>
						<scrollout>false</scrollout>
						<pauseatend>200</pauseatend>
						<scrollspeed>30</scrollspeed>
						<align>left</align>
						<label>$INFO[ListItem.label2]</label>
					</control>
					<control type="label">
						<posx>10</posx>
						<posy>230</posy>
						<height>30</height>
						<width>800</width>
						<textcolor>77white</textcolor>
					  <shadowcolor>99000000</shadowcolor>
						<font>FontSize_22</font>
						<scrollout>false</scrollout>
						<pauseatend>200</pauseatend>
						<scrollspeed>30</scrollspeed>
						<align>left</align>
						<label>$INFO[ListItem.Property(Label3)]</label>
					</control>
				</control>
			</focusedlayout>

			<!-- Recent List Music -->
			<itemlayout condition="Container(20).HasFocus(3)" width="240" height="240">
			 <control type="group">
				<posx>-40</posx>
				<posy>50</posy>
				<control type="image">
					<width>240</width>
					<height>240</height>
	        <colordiffuse>FFbbbbbb</colordiffuse>
					<aspectratio aligny="center" align="center">stretch</aspectratio>
					<texture background="true" diffuse="overlays/skin_widgets/poster_diffuse_nf.png" fallback="thumbs/fallback_square.png">$INFO[ListItem.Icon]</texture>
				</control>
				<control type="group">
					<visible>![IsEmpty(ListItem.Property(LatestAlbum1)) | IsEmpty(ListItem.Property(LatestAlbum2)) | IsEmpty(ListItem.Property(LatestAlbum3)) | IsEmpty(ListItem.Property(LatestAlbum4))]</visible>
					<control type="image">
						<width>120</width>
						<height>120</height>
		        <colordiffuse>FFbbbbbb</colordiffuse>
						<aspectratio aligny="center" align="center">stretch</aspectratio>
						<texture background="true" diffuse="overlays/skin_widgets/poster_diffuse_nf.png">$INFO[ListItem.Property(LatestAlbum1)]</texture>
					</control>
					<control type="image">
						<posy>120</posy>
						<width>120</width>
						<height>120</height>
		        <colordiffuse>FFbbbbbb</colordiffuse>
						<aspectratio aligny="center" align="center">stretch</aspectratio>
						<texture background="true" diffuse="overlays/skin_widgets/poster_diffuse_nf.png">$INFO[ListItem.Property(LatestAlbum3)]</texture>
					</control>
					<control type="image">
						<posx>120</posx>
						<width>120</width>
						<height>120</height>
		        <colordiffuse>FFbbbbbb</colordiffuse>
						<aspectratio aligny="center" align="center">stretch</aspectratio>
						<texture background="true" diffuse="overlays/skin_widgets/poster_diffuse_nf.png">$INFO[ListItem.Property(LatestAlbum2)]</texture>
					</control>
					<control type="image">
						<posx>120</posx>
						<posy>120</posy>
						<width>120</width>
						<height>120</height>
		        <colordiffuse>FFbbbbbb</colordiffuse>
						<aspectratio aligny="center" align="center">stretch</aspectratio>
						<texture background="true" diffuse="overlays/skin_widgets/poster_diffuse_nf.png">$INFO[ListItem.Property(LatestAlbum4)]</texture>
					</control>
				</control>
			 </control>
			</itemlayout>
			<focusedlayout condition="Container(20).HasFocus(3)" width="240" height="240">
			 <control type="group">
				<posx>-40</posx>
				<posy>50</posy>
        <animation type="Focus" reversible="false" condition="Container(81).OnNext">
          <effect type="fade" start="20" end="100" time="300" delay="100" tween="sine" easing="out" />
        </animation>
        <animation type="Focus" reversible="false" condition="Container(81).OnPrevious">
          <effect type="fade" start="20" end="100" time="300" delay="100" tween="sine" easing="out" />
        </animation>
				<control type="image">
					<width>240</width>
					<height>240</height>
						<aspectratio aligny="center" align="center">stretch</aspectratio>
					<texture background="true" fallback="thumbs/fallback_square.png">$INFO[ListItem.Icon]</texture>
				</control>
				<control type="group">
					<visible>![IsEmpty(ListItem.Property(LatestAlbum1)) | IsEmpty(ListItem.Property(LatestAlbum2)) | IsEmpty(ListItem.Property(LatestAlbum3)) | IsEmpty(ListItem.Property(LatestAlbum4))]</visible>
					<control type="image">
						<width>120</width>
						<height>120</height>
						<aspectratio aligny="center" align="center">stretch</aspectratio>
						<texture background="true">$INFO[ListItem.Property(LatestAlbum1)]</texture>
					</control>
					<control type="image">
						<posy>120</posy>
						<width>120</width>
						<height>120</height>
						<aspectratio aligny="center" align="center">stretch</aspectratio>
						<texture background="true">$INFO[ListItem.Property(LatestAlbum3)]</texture>
					</control>
					<control type="image">
						<posx>120</posx>
						<width>120</width>
						<height>120</height>
						<aspectratio aligny="center" align="center">stretch</aspectratio>
						<texture background="true">$INFO[ListItem.Property(LatestAlbum2)]</texture>
					</control>
					<control type="image">
						<posx>120</posx>
						<posy>120</posy>
						<width>120</width>
						<height>120</height>
						<aspectratio aligny="center" align="center">stretch</aspectratio>
						<texture background="true">$INFO[ListItem.Property(LatestAlbum4)]</texture>
					</control>
				</control>
			 </control>
			 <control type="group">
				<posx>200</posx>
				<posy>50</posy>
				<control type="image.">
					<width>1350</width>
					<height>240</height>
					<aspectratio align="center">stretch</aspectratio>
					<texture background="true">overlays/skin_widgets/title_shadow.png</texture>
				</control>
				<control type="image.">
				  <posx>-690</posx>
					<width>450</width>
					<height>240</height>
					<aspectratio align="center">stretch</aspectratio>
					<texture background="true" flipx="true">overlays/skin_widgets/title_shadow.png</texture>
				</control>
				<control type="label">
				  <posx>10</posx>
					<posy>160</posy>
					<height>30</height>
					<width>800</width>
					<textcolor>white</textcolor>
					<font>FontSize_38</font>
					<scrollout>false</scrollout>
					<pauseatend>200</pauseatend>
					<scrollspeed>30</scrollspeed>
					<align>left</align>
					<label>$INFO[ListItem.label]</label>
				</control>
				<control type="label">
				  <posx>10</posx>
					<posy>190</posy>
					<height>30</height>
					<width>800</width>
					<textcolor>77white</textcolor>
					<shadowcolor>99000000</shadowcolor>
					<font>FontSize_22</font>
					<scrollout>false</scrollout>
					<pauseatend>200</pauseatend>
					<scrollspeed>30</scrollspeed>
					<align>left</align>
					<label>$INFO[ListItem.label2]</label>
				</control>
				<control type="label">
				  <posx>10</posx>
					<posy>190</posy>
					<height>30</height>
					<width>800</width>
					<textcolor>77white</textcolor>
					<shadowcolor>99000000</shadowcolor>
					<font>FontSize_22</font>
					<scrollout>false</scrollout>
					<pauseatend>200</pauseatend>
					<scrollspeed>30</scrollspeed>
					<align>left</align>
					<label>$INFO[ListItem.Property(Label3)]</label>
				</control>
			 </control>
			</focusedlayout>
      <content>
        <include>MyLatestMediaContent</include>
      </content>
		</control>


		<!-- ============ -->
		<!--  Recommended  -->
		<!-- ============ -->
		<control type="wraplist" id="82">
		 <visible allowhiddenfocus="true">Control.HasFocus(82) + ![Container(20).OnScrollNext | Container(20).OnScrollPrevious | Container(20).Scrolling]</visible>
	    <include>VisibleFadeEffectRecommended</include>
			<posx>-155</posx>
			<posy>210</posy>
			<width>1900</width>
			<height>800</height>
			<onleft>82</onleft>
			<onright>82</onright>
      <onup>SetProperty(Movement,1)</onup>
      <onup>81</onup>
      <ondown>ClearProperty(Movement)</ondown>
      <ondown>83</ondown>
			<onback>ClearProperty(Movement)</onback>
			<onback>20</onback>
      <viewtype label="535">List</viewtype>
      <scrolltime tween="Quadratic" easing="out">300</scrolltime>
      <orientation>horizontal</orientation>
      <preloaditems>2</preloaditems>
      <focusposition>1</focusposition>

			<!-- Recommended List Movies & TV Shows -->
			<itemlayout condition="Container(20).HasFocus(2) | Container(20).HasFocus(1)" width="200" height="280">
					<control type="image">
						<width>200</width>
						<height>280</height>
		        <colordiffuse>FFbbbbbb</colordiffuse>
						<aspectratio aligny="center" align="center">stretch</aspectratio>
						<texture background="true" diffuse="overlays/skin_widgets/poster_diffuse_nf.png" fallback="thumbs/fallback_poster.png">$INFO[ListItem.Icon]</texture>
					</control>
				<control type="group">
					<visible>![IsEmpty(ListItem.Property(RecommendedMovie1)) | IsEmpty(ListItem.Property(RecommendedMovie2)) | IsEmpty(ListItem.Property(RecommendedMovie3)) | IsEmpty(ListItem.Property(RecommendedMovie4))]</visible>
					<control type="image">
						<width>100</width>
						<height>140</height>
						<aspectratio aligny="center" align="center">stretch</aspectratio>
						<texture background="true" diffuse="overlays/skin_widgets/poster_diffuse_nf.png">$INFO[ListItem.Property(RecommendedMovie1)]</texture>
					</control>
					<control type="image">
						<posy>140</posy>
						<width>100</width>
						<height>140</height>
						<aspectratio aligny="center" align="center">stretch</aspectratio>
						<texture background="true" diffuse="overlays/skin_widgets/poster_diffuse_nf.png">$INFO[ListItem.Property(RecommendedMovie3)]</texture>
					</control>
					<control type="image">
						<posx>100</posx>
						<width>100</width>
						<height>140</height>
						<aspectratio aligny="center" align="center">stretch</aspectratio>
						<texture background="true" diffuse="overlays/skin_widgets/poster_diffuse_nf.png">$INFO[ListItem.Property(RecommendedMovie2)]</texture>
					</control>
					<control type="image">
						<posx>100</posx>
						<posy>140</posy>
						<width>100</width>
						<height>140</height>
						<aspectratio aligny="center" align="center">stretch</aspectratio>
						<texture background="true" diffuse="overlays/skin_widgets/poster_diffuse_nf.png">$INFO[ListItem.Property(RecommendedMovie4)]</texture>
					</control>
				</control>
				<control type="group">
					<visible>![IsEmpty(ListItem.Property(RecommendedEpisode1)) | IsEmpty(ListItem.Property(RecommendedEpisode2)) | IsEmpty(ListItem.Property(RecommendedEpisode3)) | IsEmpty(ListItem.Property(RecommendedEpisode4))]</visible>
					<control type="image">
						<width>100</width>
						<height>140</height>
						<aspectratio aligny="center" align="center">stretch</aspectratio>
						<texture background="true" diffuse="overlays/skin_widgets/poster_diffuse_nf.png">$INFO[ListItem.Property(RecommendedEpisode1)]</texture>
					</control>
					<control type="image">
						<posy>140</posy>
						<width>100</width>
						<height>140</height>
						<aspectratio aligny="center" align="center">stretch</aspectratio>
						<texture background="true" diffuse="overlays/skin_widgets/poster_diffuse_nf.png">$INFO[ListItem.Property(RecommendedEpisode3)]</texture>
					</control>
					<control type="image">
						<posx>100</posx>
						<width>100</width>
						<height>140</height>
						<aspectratio aligny="center" align="center">stretch</aspectratio>
						<texture background="true" diffuse="overlays/skin_widgets/poster_diffuse_nf.png">$INFO[ListItem.Property(RecommendedEpisode2)]</texture>
					</control>
					<control type="image">
						<posx>100</posx>
						<posy>140</posy>
						<width>100</width>
						<height>140</height>
						<aspectratio aligny="center" align="center">stretch</aspectratio>
						<texture background="true" diffuse="overlays/skin_widgets/poster_diffuse_nf.png">$INFO[ListItem.Property(RecommendedEpisode4)]</texture>
					</control>
				</control>
			</itemlayout>
			<focusedlayout condition="Container(20).HasFocus(2) | Container(20).HasFocus(1)" width="200" height="280">
				<control type="group">
          <animation type="Focus" reversible="false" condition="Container(82).OnNext">
            <effect type="fade" start="20" end="100" time="300" delay="100" tween="sine" easing="out" />
          </animation>
          <animation type="Focus" reversible="false" condition="Container(82).OnPrevious">
            <effect type="fade" start="20" end="100" time="300" delay="100" tween="sine" easing="out" />
          </animation>
					<control type="image">
						<width>200</width>
						<height>280</height>
						<aspectratio aligny="center" align="center">stretch</aspectratio>
						<texture background="true" fallback="thumbs/fallback_poster.png">$INFO[ListItem.Icon]</texture>
					</control>
					<control type="group">
						<visible>![IsEmpty(ListItem.Property(RecommendedMovie1)) | IsEmpty(ListItem.Property(RecommendedMovie2)) | IsEmpty(ListItem.Property(RecommendedMovie3)) | IsEmpty(ListItem.Property(RecommendedMovie4))]</visible>
						<control type="image">
							<width>100</width>
							<height>140</height>
						  <aspectratio aligny="center" align="center">stretch</aspectratio>
							<texture background="true">$INFO[ListItem.Property(RecommendedMovie1)]</texture>
						</control>
						<control type="image">
							<posy>140</posy>
							<width>100</width>
							<height>140</height>
							<texture background="true">$INFO[ListItem.Property(RecommendedMovie3)]</texture>
							<aspectratio align="center">stretch</aspectratio>
						</control>
						<control type="image">
							<posx>100</posx>
							<width>100</width>
							<height>140</height>
						  <aspectratio aligny="center" align="center">stretch</aspectratio>
							<texture background="true">$INFO[ListItem.Property(RecommendedMovie2)]</texture>
						</control>
						<control type="image">
							<posx>100</posx>
							<posy>140</posy>
							<width>100</width>
							<height>140</height>
						  <aspectratio aligny="center" align="center">stretch</aspectratio>
							<texture background="true">$INFO[ListItem.Property(RecommendedMovie4)]</texture>
						</control>
					</control>
					<control type="group">
						<visible>![IsEmpty(ListItem.Property(RecommendedEpisode1)) | IsEmpty(ListItem.Property(RecommendedEpisode2)) | IsEmpty(ListItem.Property(RecommendedEpisode3)) | IsEmpty(ListItem.Property(RecommendedEpisode4))]</visible>
						<control type="image">
							<width>100</width>
							<height>140</height>
						  <aspectratio aligny="center" align="center">stretch</aspectratio>
							<texture background="true">$INFO[ListItem.Property(RecommendedEpisode1)]</texture>
						</control>
						<control type="image">
							<posy>140</posy>
							<width>100</width>
							<height>140</height>
						  <aspectratio aligny="center" align="center">stretch</aspectratio>
							<texture background="true">$INFO[ListItem.Property(RecommendedEpisode3)]</texture>
						</control>
						<control type="image">
							<posx>100</posx>
							<width>100</width>
							<height>140</height>
						  <aspectratio aligny="center" align="center">stretch</aspectratio>
							<texture background="true">$INFO[ListItem.Property(RecommendedEpisode2)]</texture>
						</control>
						<control type="image">
							<posx>100</posx>
							<posy>140</posy>
							<width>100</width>
							<height>140</height>
						  <aspectratio aligny="center" align="center">stretch</aspectratio>
							<texture background="true">$INFO[ListItem.Property(RecommendedEpisode4)]</texture>
						</control>
					</control>
				</control>
				<control type="group">
					<posx>200</posx>
					<control type="image.">
						<width>1350</width>
						<height>280</height>
						<aspectratio align="center">stretch</aspectratio>
						<texture background="true">overlays/skin_widgets/title_shadow.png</texture>
					</control>
					<control type="image.">
					  <posx>-650</posx>
						<width>450</width>
						<height>280</height>
						<aspectratio align="center">stretch</aspectratio>
						<texture background="true" flipx="true">overlays/skin_widgets/title_shadow.png</texture>
					</control>
					<control type="label">
						<posx>10</posx>
						<posy>200</posy>
						<height>30</height>
						<width>800</width>
						<textcolor>white</textcolor>
						<font>FontSize_38</font>
						<scrollout>false</scrollout>
						<pauseatend>200</pauseatend>
						<scrollspeed>30</scrollspeed>
						<align>left</align>
						<label>$INFO[ListItem.label]</label>
					</control>
					<control type="label">
						<posx>10</posx>
						<posy>230</posy>
						<height>30</height>
						<width>800</width>
						<textcolor>77white</textcolor>
					  <shadowcolor>99000000</shadowcolor>
						<font>FontSize_22</font>
						<scrollout>false</scrollout>
						<pauseatend>200</pauseatend>
						<scrollspeed>30</scrollspeed>
						<align>left</align>
						<label>$INFO[ListItem.label2]</label>
					</control>
					<control type="label">
						<posx>10</posx>
						<posy>230</posy>
						<height>30</height>
						<width>800</width>
						<textcolor>77white</textcolor>
					  <shadowcolor>99000000</shadowcolor>
						<font>FontSize_22</font>
						<scrollout>false</scrollout>
						<pauseatend>200</pauseatend>
						<scrollspeed>30</scrollspeed>
						<align>left</align>
						<label>$INFO[ListItem.Property(Label3)]</label>
					</control>
				</control>
			</focusedlayout>

			<!-- Recommended List Music -->
			<itemlayout condition="Container(20).HasFocus(3)" width="240" height="240">
			 <control type="group">
				<posx>-40</posx>
				<posy>50</posy>
				<control type="image">
					<width>240</width>
					<height>240</height>
	        <colordiffuse>FFbbbbbb</colordiffuse>
					<aspectratio aligny="center" align="center">stretch</aspectratio>
					<texture background="true" diffuse="overlays/skin_widgets/poster_diffuse_nf.png" fallback="thumbs/fallback_square.png">$INFO[ListItem.Icon]</texture>
				</control>
				<control type="group">
					<visible>![IsEmpty(ListItem.Property(RecommendedAlbum1)) | IsEmpty(ListItem.Property(RecommendedAlbum2)) | IsEmpty(ListItem.Property(RecommendedAlbum3)) | IsEmpty(ListItem.Property(RecommendedAlbum4))]</visible>
					<control type="image">
						<width>120</width>
						<height>120</height>
		        <colordiffuse>FFbbbbbb</colordiffuse>
						<aspectratio aligny="center" align="center">stretch</aspectratio>
						<texture background="true" diffuse="overlays/skin_widgets/poster_diffuse_nf.png">$INFO[ListItem.Property(RecommendedAlbum1)]</texture>
					</control>
					<control type="image">
						<posy>120</posy>
						<width>120</width>
						<height>120</height>
		        <colordiffuse>FFbbbbbb</colordiffuse>
						<aspectratio aligny="center" align="center">stretch</aspectratio>
						<texture background="true" diffuse="overlays/skin_widgets/poster_diffuse_nf.png">$INFO[ListItem.Property(RecommendedAlbum3)]</texture>
					</control>
					<control type="image">
						<posx>120</posx>
						<width>120</width>
						<height>120</height>
		        <colordiffuse>FFbbbbbb</colordiffuse>
						<aspectratio aligny="center" align="center">stretch</aspectratio>
						<texture background="true" diffuse="overlays/skin_widgets/poster_diffuse_nf.png">$INFO[ListItem.Property(RecommendedAlbum2)]</texture>
					</control>
					<control type="image">
						<posx>120</posx>
						<posy>120</posy>
						<width>120</width>
						<height>120</height>
		        <colordiffuse>FFbbbbbb</colordiffuse>
						<aspectratio aligny="center" align="center">stretch</aspectratio>
						<texture background="true" diffuse="overlays/skin_widgets/poster_diffuse_nf.png">$INFO[ListItem.Property(RecommendedAlbum4)]</texture>
					</control>
				</control>
			 </control>
			</itemlayout>
			<focusedlayout condition="Container(20).HasFocus(3)" width="240" height="240">
			 <control type="group">
				<posx>-40</posx>
				<posy>50</posy>
        <animation type="Focus" reversible="false" condition="Container(82).OnNext">
          <effect type="fade" start="20" end="100" time="300" delay="100" tween="sine" easing="out" />
        </animation>
        <animation type="Focus" reversible="false" condition="Container(82).OnPrevious">
          <effect type="fade" start="20" end="100" time="300" delay="100" tween="sine" easing="out" />
        </animation>
				<control type="image">
					<width>240</width>
					<height>240</height>
					<aspectratio aligny="center" align="center">stretch</aspectratio>
					<texture background="true" fallback="thumbs/fallback_square.png">$INFO[ListItem.Icon]</texture>
				</control>
				<control type="group">
					<visible>![IsEmpty(ListItem.Property(RecommendedAlbum1)) | IsEmpty(ListItem.Property(RecommendedAlbum2)) | IsEmpty(ListItem.Property(RecommendedAlbum3)) | IsEmpty(ListItem.Property(RecommendedAlbum4))]</visible>
					<control type="image">
						<width>120</width>
						<height>120</height>
					  <aspectratio aligny="center" align="center">stretch</aspectratio>
						<texture background="true">$INFO[ListItem.Property(RecommendedAlbum1)]</texture>
					</control>
					<control type="image">
						<posy>120</posy>
						<width>120</width>
						<height>120</height>
					  <aspectratio aligny="center" align="center">stretch</aspectratio>
						<texture background="true">$INFO[ListItem.Property(RecommendedAlbum3)]</texture>
					</control>
					<control type="image">
						<posx>120</posx>
						<width>120</width>
						<height>120</height>
					  <aspectratio aligny="center" align="center">stretch</aspectratio>
						<texture background="true">$INFO[ListItem.Property(RecommendedAlbum2)]</texture>
					</control>
					<control type="image">
						<posx>120</posx>
						<posy>120</posy>
						<width>120</width>
						<height>120</height>
					  <aspectratio aligny="center" align="center">stretch</aspectratio>
						<texture background="true">$INFO[ListItem.Property(RecommendedAlbum4)]</texture>
					</control>
				</control>
			 </control>
			 <control type="group">
				<posx>200</posx>
				<posy>50</posy>
				<control type="image.">
					<width>1350</width>
					<height>240</height>
					<aspectratio align="center">stretch</aspectratio>
					<texture background="true">overlays/skin_widgets/title_shadow.png</texture>
				</control>
				<control type="image.">
				  <posx>-690</posx>
					<width>450</width>
					<height>240</height>
					<aspectratio align="center">stretch</aspectratio>
					<texture background="true" flipx="true">overlays/skin_widgets/title_shadow.png</texture>
				</control>
				<control type="label">
				  <posx>10</posx>
					<posy>160</posy>
					<height>30</height>
					<width>800</width>
					<textcolor>white</textcolor>
					<font>FontSize_38</font>
					<scrollout>false</scrollout>
					<pauseatend>200</pauseatend>
					<scrollspeed>30</scrollspeed>
					<align>left</align>
					<label>$INFO[ListItem.label]</label>
				</control>
				<control type="label">
				  <posx>10</posx>
					<posy>190</posy>
					<height>30</height>
					<width>800</width>
					<textcolor>77white</textcolor>
					<shadowcolor>99000000</shadowcolor>
					<font>FontSize_22</font>
					<scrollout>false</scrollout>
					<pauseatend>200</pauseatend>
					<scrollspeed>30</scrollspeed>
					<align>left</align>
					<label>$INFO[ListItem.label2]</label>
				</control>
				<control type="label">
				  <posx>10</posx>
					<posy>190</posy>
					<height>30</height>
					<width>800</width>
					<textcolor>77white</textcolor>
					<shadowcolor>99000000</shadowcolor>
					<font>FontSize_22</font>
					<scrollout>false</scrollout>
					<pauseatend>200</pauseatend>
					<scrollspeed>30</scrollspeed>
					<align>left</align>
					<label>$INFO[ListItem.Property(Label3)]</label>
				</control>
			 </control>
			</focusedlayout>
      <content>
        <include>MyRecommendedMediaContent</include>
      </content>
		</control>


		<!-- ============ -->
		<!--  Random  -->
		<!-- ============ -->
		<control type="wraplist" id="83">
		 <visible allowhiddenfocus="true">Control.HasFocus(83) + ![Container(20).OnScrollNext | Container(20).OnScrollPrevious | Container(20).Scrolling]</visible>
	    <include>VisibleFadeEffectRandom</include>
			<posx>-155</posx>
			<posy>210</posy>
			<width>1900</width>
			<height>800</height>
			<onleft>83</onleft>
			<onright>83</onright>
      <onup>SetProperty(Movement,1)</onup>
      <onup>82</onup>
      <ondown>ClearProperty(Movement)</ondown>
      <ondown>81</ondown>
			<onback>ClearProperty(Movement)</onback>
			<onback>20</onback>
      <viewtype label="535">List</viewtype>
      <scrolltime tween="Quadratic" easing="out">300</scrolltime>
      <orientation>horizontal</orientation>
      <preloaditems>2</preloaditems>
      <focusposition>1</focusposition>

			<!-- Random List Movies & TV Shows -->
			<itemlayout condition="Container(20).HasFocus(2) | Container(20).HasFocus(1)" width="200" height="280">
					<control type="image">
						<width>200</width>
						<height>280</height>
		        <colordiffuse>FFbbbbbb</colordiffuse>
						<aspectratio aligny="center" align="center">stretch</aspectratio>
						<texture background="true" diffuse="overlays/skin_widgets/poster_diffuse_nf.png" fallback="thumbs/fallback_poster.png">$INFO[ListItem.Icon]</texture>
					</control>
				<control type="group">
					<visible>![IsEmpty(ListItem.Property(RandomMovie1)) | IsEmpty(ListItem.Property(RandomMovie2)) | IsEmpty(ListItem.Property(RandomMovie3)) | IsEmpty(ListItem.Property(RandomMovie4))]</visible>
					<control type="image">
						<width>100</width>
						<height>140</height>
		        <colordiffuse>FFbbbbbb</colordiffuse>
						<aspectratio aligny="center" align="center">stretch</aspectratio>
						<texture background="true" diffuse="overlays/skin_widgets/poster_diffuse_nf.png">$INFO[ListItem.Property(RandomMovie1)]</texture>
					</control>
					<control type="image">
						<posy>140</posy>
						<width>100</width>
						<height>140</height>
		        <colordiffuse>FFbbbbbb</colordiffuse>
						<aspectratio aligny="center" align="center">stretch</aspectratio>
						<texture background="true" diffuse="overlays/skin_widgets/poster_diffuse_nf.png">$INFO[ListItem.Property(RandomMovie3)]</texture>
					</control>
					<control type="image">
						<posx>100</posx>
						<width>100</width>
						<height>140</height>
		        <colordiffuse>FFbbbbbb</colordiffuse>
						<aspectratio aligny="center" align="center">stretch</aspectratio>
						<texture background="true" diffuse="overlays/skin_widgets/poster_diffuse_nf.png">$INFO[ListItem.Property(RandomMovie2)]</texture>
					</control>
					<control type="image">
						<posx>100</posx>
						<posy>140</posy>
						<width>100</width>
						<height>140</height>
		        <colordiffuse>FFbbbbbb</colordiffuse>
						<aspectratio aligny="center" align="center">stretch</aspectratio>
						<texture background="true" diffuse="overlays/skin_widgets/poster_diffuse_nf.png">$INFO[ListItem.Property(RandomMovie4)]</texture>
					</control>
				</control>
				<control type="group">
					<visible>![IsEmpty(ListItem.Property(RandomEpisode1)) | IsEmpty(ListItem.Property(RandomEpisode2)) | IsEmpty(ListItem.Property(RandomEpisode3)) | IsEmpty(ListItem.Property(RandomEpisode4))]</visible>
					<control type="image">
						<width>100</width>
						<height>140</height>
		        <colordiffuse>FFbbbbbb</colordiffuse>
						<aspectratio aligny="center" align="center">stretch</aspectratio>
						<texture background="true" diffuse="overlays/skin_widgets/poster_diffuse_nf.png">$INFO[ListItem.Property(RandomEpisode1)]</texture>
					</control>
					<control type="image">
						<posy>140</posy>
						<width>100</width>
						<height>140</height>
		        <colordiffuse>FFbbbbbb</colordiffuse>
						<aspectratio aligny="center" align="center">stretch</aspectratio>
						<texture background="true" diffuse="overlays/skin_widgets/poster_diffuse_nf.png">$INFO[ListItem.Property(RandomEpisode3)]</texture>
					</control>
					<control type="image">
						<posx>100</posx>
						<width>100</width>
						<height>140</height>
		        <colordiffuse>FFbbbbbb</colordiffuse>
						<aspectratio aligny="center" align="center">stretch</aspectratio>
						<texture background="true" diffuse="overlays/skin_widgets/poster_diffuse_nf.png">$INFO[ListItem.Property(RandomEpisode2)]</texture>
					</control>
					<control type="image">
						<posx>100</posx>
						<posy>140</posy>
						<width>100</width>
						<height>140</height>
		        <colordiffuse>FFbbbbbb</colordiffuse>
						<aspectratio aligny="center" align="center">stretch</aspectratio>
						<texture background="true" diffuse="overlays/skin_widgets/poster_diffuse_nf.png">$INFO[ListItem.Property(RandomEpisode4)]</texture>
					</control>
				</control>
			</itemlayout>
			<focusedlayout condition="Container(20).HasFocus(2) | Container(20).HasFocus(1)" width="200" height="280">
				<control type="group">
          <animation type="Focus" reversible="false" condition="Container(83).OnNext">
            <effect type="fade" start="20" end="100" time="300" delay="100" tween="sine" easing="out" />
          </animation>
          <animation type="Focus" reversible="false" condition="Container(83).OnPrevious">
            <effect type="fade" start="20" end="100" time="300" delay="100" tween="sine" easing="out" />
          </animation>
					<control type="image">
						<width>200</width>
						<height>280</height>
						<aspectratio aligny="center" align="center">stretch</aspectratio>
						<texture background="true" fallback="thumbs/fallback_poster.png">$INFO[ListItem.Icon]</texture>
					</control>
					<control type="group">
						<visible>![IsEmpty(ListItem.Property(RandomMovie1)) | IsEmpty(ListItem.Property(RandomMovie2)) | IsEmpty(ListItem.Property(RandomMovie3)) | IsEmpty(ListItem.Property(RandomMovie4))]</visible>
						<control type="image">
							<width>100</width>
							<height>140</height>
						  <aspectratio aligny="center" align="center">stretch</aspectratio>
							<texture background="true">$INFO[ListItem.Property(RandomMovie1)]</texture>
						</control>
						<control type="image">
							<posy>140</posy>
							<width>100</width>
							<height>140</height>
						  <aspectratio aligny="center" align="center">stretch</aspectratio>
							<texture background="true">$INFO[ListItem.Property(RandomMovie3)]</texture>
						</control>
						<control type="image">
							<posx>100</posx>
							<width>100</width>
							<height>140</height>
						  <aspectratio aligny="center" align="center">stretch</aspectratio>
							<texture background="true">$INFO[ListItem.Property(RandomMovie2)]</texture>
						</control>
						<control type="image">
							<posx>100</posx>
							<posy>140</posy>
							<width>100</width>
							<height>140</height>
						  <aspectratio aligny="center" align="center">stretch</aspectratio>
							<texture background="true">$INFO[ListItem.Property(RandomMovie4)]</texture>
						</control>
					</control>
					<control type="group">
						<visible>![IsEmpty(ListItem.Property(RandomEpisode1)) | IsEmpty(ListItem.Property(RandomEpisode2)) | IsEmpty(ListItem.Property(RandomEpisode3)) | IsEmpty(ListItem.Property(RandomEpisode4))]</visible>
						<control type="image">
							<width>100</width>
							<height>140</height>
						  <aspectratio aligny="center" align="center">stretch</aspectratio>
							<texture background="true">$INFO[ListItem.Property(RandomEpisode1)]</texture>
						</control>
						<control type="image">
							<posy>140</posy>
							<width>100</width>
							<height>140</height>
						  <aspectratio aligny="center" align="center">stretch</aspectratio>
							<texture background="true">$INFO[ListItem.Property(RandomEpisode3)]</texture>
						</control>
						<control type="image">
							<posx>100</posx>
							<width>100</width>
							<height>140</height>
						  <aspectratio aligny="center" align="center">stretch</aspectratio>
							<texture background="true">$INFO[ListItem.Property(RandomEpisode2)]</texture>
						</control>
						<control type="image">
							<posx>100</posx>
							<posy>140</posy>
							<width>100</width>
							<height>140</height>
						  <aspectratio aligny="center" align="center">stretch</aspectratio>
							<texture background="true">$INFO[ListItem.Property(RandomEpisode4)]</texture>
						</control>
					</control>
				</control>
				<control type="group">
					<posx>200</posx>
					<control type="image.">
						<width>1350</width>
						<height>280</height>
						<aspectratio align="center">stretch</aspectratio>
						<texture background="true">overlays/skin_widgets/title_shadow.png</texture>
					</control>
					<control type="image.">
					  <posx>-650</posx>
						<width>450</width>
						<height>280</height>
						<aspectratio align="center">stretch</aspectratio>
						<texture background="true" flipx="true">overlays/skin_widgets/title_shadow.png</texture>
					</control>
					<control type="label">
						<posx>10</posx>
						<posy>200</posy>
						<height>30</height>
						<width>800</width>
						<textcolor>white</textcolor>
						<font>FontSize_38</font>
						<scrollout>false</scrollout>
						<pauseatend>200</pauseatend>
						<scrollspeed>30</scrollspeed>
						<align>left</align>
						<label>$INFO[ListItem.label]</label>
					</control>
					<control type="label">
						<posx>10</posx>
						<posy>230</posy>
						<height>30</height>
						<width>800</width>
						<textcolor>77white</textcolor>
					  <shadowcolor>99000000</shadowcolor>
						<font>FontSize_22</font>
						<scrollout>false</scrollout>
						<pauseatend>200</pauseatend>
						<scrollspeed>30</scrollspeed>
						<align>left</align>
						<label>$INFO[ListItem.label2]</label>
					</control>
					<control type="label">
						<posx>10</posx>
						<posy>230</posy>
						<height>30</height>
						<width>800</width>
						<textcolor>77white</textcolor>
					  <shadowcolor>99000000</shadowcolor>
						<font>FontSize_22</font>
						<scrollout>false</scrollout>
						<pauseatend>200</pauseatend>
						<scrollspeed>30</scrollspeed>
						<align>left</align>
						<label>$INFO[ListItem.Property(Label3)]</label>
					</control>
				</control>
			</focusedlayout>

			<!-- Random List Music -->
			<itemlayout condition="Container(20).HasFocus(3)" width="240" height="240">
			 <control type="group">
				<posx>-40</posx>
				<posy>50</posy>
				<control type="image">
					<width>240</width>
					<height>240</height>
	        <colordiffuse>FFbbbbbb</colordiffuse>
					<aspectratio aligny="center" align="center">stretch</aspectratio>
					<texture background="true" diffuse="overlays/skin_widgets/poster_diffuse_nf.png" fallback="thumbs/fallback_square.png">$INFO[ListItem.Icon]</texture>
				</control>
				<control type="group">
					<visible>![IsEmpty(ListItem.Property(RandomAlbum1)) | IsEmpty(ListItem.Property(RandomAlbum2)) | IsEmpty(ListItem.Property(RandomAlbum3)) | IsEmpty(ListItem.Property(RandomAlbum4))]</visible>
					<control type="image">
						<width>120</width>
						<height>120</height>
		        <colordiffuse>FFbbbbbb</colordiffuse>
						<aspectratio aligny="center" align="center">stretch</aspectratio>
						<texture background="true" diffuse="overlays/skin_widgets/poster_diffuse_nf.png">$INFO[ListItem.Property(RandomAlbum1)]</texture>
					</control>
					<control type="image">
						<posy>120</posy>
						<width>120</width>
						<height>120</height>
		        <colordiffuse>FFbbbbbb</colordiffuse>
						<aspectratio aligny="center" align="center">stretch</aspectratio>
						<texture background="true" diffuse="overlays/skin_widgets/poster_diffuse_nf.png">$INFO[ListItem.Property(RandomAlbum3)]</texture>
					</control>
					<control type="image">
						<posx>120</posx>
						<width>120</width>
						<height>120</height>
		        <colordiffuse>FFbbbbbb</colordiffuse>
						<aspectratio aligny="center" align="center">stretch</aspectratio>
						<texture background="true" diffuse="overlays/skin_widgets/poster_diffuse_nf.png">$INFO[ListItem.Property(RandomAlbum2)]</texture>
					</control>
					<control type="image">
						<posx>120</posx>
						<posy>120</posy>
						<width>120</width>
						<height>120</height>
		        <colordiffuse>FFbbbbbb</colordiffuse>
						<aspectratio aligny="center" align="center">stretch</aspectratio>
						<texture background="true" diffuse="overlays/skin_widgets/poster_diffuse_nf.png">$INFO[ListItem.Property(RandomAlbum4)]</texture>
					</control>
				</control>
			 </control>
			</itemlayout>
			<focusedlayout condition="Container(20).HasFocus(3)" width="240" height="240">
			 <control type="group">
				<posx>-40</posx>
				<posy>50</posy>
        <animation type="Focus" reversible="false" condition="Container(83).OnNext">
          <effect type="fade" start="20" end="100" time="300" delay="100" tween="sine" easing="out" />
        </animation>
        <animation type="Focus" reversible="false" condition="Container(83).OnPrevious">
          <effect type="fade" start="20" end="100" time="300" delay="100" tween="sine" easing="out" />
        </animation>
				<control type="image">
					<width>240</width>
					<height>240</height>
					<aspectratio aligny="center" align="center">stretch</aspectratio>
					<texture background="true" fallback="thumbs/fallback_square.png">$INFO[ListItem.Icon]</texture>
				</control>
				<control type="group">
					<visible>![IsEmpty(ListItem.Property(RandomAlbum1)) | IsEmpty(ListItem.Property(RandomAlbum2)) | IsEmpty(ListItem.Property(RandomAlbum3)) | IsEmpty(ListItem.Property(RandomAlbum4))]</visible>
					<control type="image">
						<width>120</width>
						<height>120</height>
						<aspectratio aligny="center" align="center">stretch</aspectratio>
						<texture background="true">$INFO[ListItem.Property(RandomAlbum1)]</texture>
					</control>
					<control type="image">
						<posy>120</posy>
						<width>120</width>
						<height>120</height>
						<aspectratio aligny="center" align="center">stretch</aspectratio>
						<texture background="true">$INFO[ListItem.Property(RandomAlbum2)]</texture>
					</control>
					<control type="image">
						<posx>120</posx>
						<width>120</width>
						<height>120</height>
						<aspectratio aligny="center" align="center">stretch</aspectratio>
						<texture background="true">$INFO[ListItem.Property(RandomAlbum3)]</texture>
					</control>
					<control type="image">
						<posx>120</posx>
						<posy>120</posy>
						<width>120</width>
						<height>120</height>
						<aspectratio aligny="center" align="center">stretch</aspectratio>
						<texture background="true">$INFO[ListItem.Property(RandomAlbum4)]</texture>
					</control>
				</control>
			 </control>
			 <control type="group">
				<posx>200</posx>
				<posy>50</posy>
				<control type="image.">
					<width>1350</width>
					<height>240</height>
					<aspectratio align="center">stretch</aspectratio>
					<texture background="true">overlays/skin_widgets/title_shadow.png</texture>
				</control>
				<control type="image.">
				  <posx>-690</posx>
					<width>450</width>
					<height>240</height>
					<aspectratio align="center">stretch</aspectratio>
					<texture background="true" flipx="true">overlays/skin_widgets/title_shadow.png</texture>
				</control>
				<control type="label">
				  <posx>10</posx>
					<posy>160</posy>
					<height>30</height>
					<width>800</width>
					<textcolor>white</textcolor>
					<font>FontSize_38</font>
					<scrollout>false</scrollout>
					<pauseatend>200</pauseatend>
					<scrollspeed>30</scrollspeed>
					<align>left</align>
					<label>$INFO[ListItem.label]</label>
				</control>
				<control type="label">
				  <posx>10</posx>
					<posy>190</posy>
					<height>30</height>
					<width>800</width>
					<textcolor>77white</textcolor>
					<shadowcolor>99000000</shadowcolor>
					<font>FontSize_22</font>
					<scrollout>false</scrollout>
					<pauseatend>200</pauseatend>
					<scrollspeed>30</scrollspeed>
					<align>left</align>
					<label>$INFO[ListItem.label2]</label>
				</control>
				<control type="label">
				  <posx>10</posx>
					<posy>190</posy>
					<height>30</height>
					<width>800</width>
					<textcolor>77white</textcolor>
					<shadowcolor>99000000</shadowcolor>
					<font>FontSize_22</font>
					<scrollout>false</scrollout>
					<pauseatend>200</pauseatend>
					<scrollspeed>30</scrollspeed>
					<align>left</align>
					<label>$INFO[ListItem.Property(Label3)]</label>
				</control>
			 </control>
			</focusedlayout>
      <content>
        <include>MyRandomMediaContent</include>
      </content>
		</control>
	 </control>
	</include>

</includes>
