<?xml version="1.0" encoding="UTF-8"?>
<includes> 
		<!-- ====================== -->
		<!-- Main Home List Buttons -->
		<!-- ====================== -->
		<include name="HomeMenuWraplist">
			<control type="group">
		    <visible allowhiddenfocus="true">!Window.IsActive(1110) + !Window.IsActive(selectdialog) + !Window.IsActive(virtualkeyboard) + !Window.IsActive(ShutdownMenu) + !Window.IsActive(Favourites) + !Window.IsActive(ProgressDialog) + !Window.IsActive(PlayerControls) + !Window.IsActive(script-globalsearch-main.xml) + !Window.IsActive(script-Actors-DialogInfo.xml) + !Window.IsActive(script-Actors-DialogVideoInfo.xml) + !Window.IsActive(busy.xml) + ![Control.HasFocus(81) | Control.HasFocus(82) | Control.HasFocus(83)]</visible>
		    <include>HomeSlideAnimations</include>
			  <control type="group">
		      <include>HomeSlideAnimations</include>
			  <include>PULSE</include>					
					<control type="wraplist" id="20">
					 <description>Home Container</description>
					 <left>-95</left>
					 <top>110</top>
					 <width>1500</width>
					 <height>720</height>
					 <align>center</align>
				   <onup>SetFocus(21)</onup>
					 <ondown condition="[Container(20).HasFocus(11) + !Skin.HasSetting(HideLiveTVSubMenu)]
					                  | [Container(20).HasFocus(9) + !Skin.HasSetting(HideSettingsSubMenu)]
					                  | [Container(20).HasFocus(7) + !Skin.HasSetting(HideAddonsSubMenu)]
														| [[Library.HasContent(movies) + Container(20).HasFocus(2)] + !Skin.HasSetting(HideMoviesSubMenu)]
														| [[Library.HasContent(tvshows) + Container(20).HasFocus(1)] + !Skin.HasSetting(HideTVShowsSubMenu)]
														| [[Library.HasContent(music) + Container(20).HasFocus(3)] + !Skin.HasSetting(HideMusicSubMenu)]">SetFocus(23)</ondown>
														
					 <ondown condition="[[Library.HasContent(movies) + Container(20).HasFocus(2)] + Skin.HasSetting(HideMoviesSubMenu)]
														| [[Library.HasContent(tvshows) + Container(20).HasFocus(1)] + Skin.HasSetting(HideTVShowsSubMenu)]
														| [[Library.HasContent(music) + Container(20).HasFocus(3)] + Skin.HasSetting(HideMusicSubMenu)]">SetFocus(81)</ondown>
					 <ondown condition="Container(20).HasFocus(13)">Skin.SetAddon(TrailersAddon_Path,xbmc.addon.video)</ondown>
					 <ondown condition="Container(20).HasFocus(14)">EjectTray</ondown>
					 <ondown condition="Container(20).HasFocus(15)">Skin.SetString(CustomFavourite1.Label)</ondown>
					 <ondown condition="Container(20).HasFocus(16)">Skin.SetString(CustomFavourite2.Label)</ondown>
					 <ondown condition="Container(20).HasFocus(17)">Skin.SetString(CustomFavourite3.Label)</ondown>
					 <ondown condition="Container(20).HasFocus(18)">Skin.SetString(CustomFavourite4.Label)</ondown>
					 <ondown condition="Container(20).HasFocus(19)">Skin.SetString(CustomFavourite5.Label)</ondown>
					 <ondown condition="Container(20).HasFocus(20)">Skin.SetString(CustomFavourite6.Label)</ondown>
					 <ondown condition="Container(20).HasFocus(21)">Skin.SetString(CustomFavourite7.Label)</ondown>
					 <ondown condition="Container(20).HasFocus(22)">Skin.SetString(CustomFavourite8.Label)</ondown>
					 <ondown condition="Container(20).HasFocus(23)">Skin.SetString(CustomFavourite9.Label)</ondown>
					 <ondown condition="Container(20).HasFocus(24)">Skin.SetString(CustomFavourite10.Label)</ondown>
					 <onleft>20</onleft>
					 <onright>20</onright>
					 <itemgap>0</itemgap>
					 <orientation>horizontal</orientation>
					 <focusposition>1</focusposition>
           <scrolltime tween="Quadratic" easing="out">300</scrolltime>
					 <itemlayout width="430">
				    <control type="group">
				     <animation type="Conditional" condition="true">
				       <effect type="zoom" start="100" end="65" time="0" center="318,220" />
				       <effect type="fade" start="100" end="35" time="0" />
				     </animation>
						 <control type="label">
							  <left>300</left>
								<top>200</top>
								<width>590</width>
			          <textcolor>white</textcolor>
					      <shadowcolor>99000000</shadowcolor>
								<font>FontSize_100</font>
								<align>center</align>
								<label>$INFO[ListItem.Label]</label>
						 </control>
				  </control>
					 </itemlayout>
					 <focusedlayout width="430">
			       <control type="group">
			        <animation type="Focus" reversible="false" condition="Container(20).OnNext | Container(20).OnPrevious">
			         <effect type="zoom" start="65" end="100" time="300" tween="sine" easing="out" center="318,220" />
			         <effect type="fade" start="35" end="100" time="300" tween="sine" easing="out" />
			        </animation>
			        <animation type="Unfocus" reversible="false" condition="Container(20).OnNext | Container(20).OnPrevious">
			         <effect type="zoom" start="100" end="65" time="300" tween="sine" easing="out" center="318,220" />
			          <effect type="fade" start="100" end="35" time="300" tween="sine" easing="out" />
			        </animation>
					    <animation type="Conditional" reversible="false" condition="true">
			          <effect type="fade" start="0" end="100" time="300" tween="sine" easing="in"  />
			          <effect type="slide" start="0,55" end="0,0" time="350" tween="cubic" easing="out" />
					    </animation>
			        <animation type="Conditional" condition="!ControlGroup(21).HasFocus">
			          <effect type="zoom" start="80" end="100" time="250" tween="sine" easing="out" center="318,200" />
			          <effect type="fade" start="35" end="100" time="250" tween="sine" easing="out" />
			        </animation>
							<control type="label">
							  <left>300</left>
								<top>200</top>
								<width>590</width>
			          <textcolor>white</textcolor>
					      <shadowcolor>99000000</shadowcolor>
								<font>FontSize_100</font>
								<align>center</align>
								<label>$INFO[ListItem.Label]</label>
							</control>
							<control type="image">
							  <left>295</left>
								<top>265</top>
								<width>21</width>
								<height>18</height>
								<texture>$INFO[ListItem.Icon]</texture>
	              <colordiffuse>CCFFFFFF</colordiffuse>
			          <visible>!ControlGroup(21).HasFocus + !Control.HasFocus(23)</visible>
			          <visible>[Container(20).HasFocus(1) + [Library.HasContent(tvshows) + !Skin.HasSetting(HideTVShowsSubMenu)]] | [Container(20).HasFocus(2) + [Library.HasContent(movies) + !Skin.HasSetting(HideMoviesSubMenu)]] | [Container(20).HasFocus(3) + [Library.HasContent(music) + !Skin.HasSetting(HideMusicSubMenu)]] | [Container(20).HasFocus(9) + !Skin.HasSetting(HideSettingsSubMenu)] | [Container(20).HasFocus(7) + !Skin.HasSetting(HideAddonsSubMenu)] | [Container(20).HasFocus(11) + !Skin.HasSetting(HideLiveTVSubMenu)]</visible>
								<animation effect="fade" time="200" reversible="false">Visible</animation>
								<animation effect="fade" time="200" reversible="false">Hidden</animation>
							</control>
						 </control>
					 </focusedlayout>
		      <content>
		        <include>HomeMainMenuContent</include>
		      </content>
				  </control>
			  </control>		  
			</control>
	  </include>

    <!-- =================== -->
	  <!-- Now Playing Widgets -->
	  <!-- =================== -->
		<include name="HomeNowPlaying">
		  <!-- Music NP -->
		  <control type="group">
				<left>45</left>
				<top>520</top>
				<visible>Player.HasAudio + !Skin.HasSetting(ShowHomeScreenNPMusic) + !Window.IsVisible(script-globalsearch-main.xml) + !Window.IsVisible(script-Actors-DialogInfo.xml) + !Window.IsVisible(script-Actors-DialogVideoInfo.xml)</visible>
		    <animation type="WindowOpen">
		        <effect type="slide" start="-150,0" end="0,0" time="450" delay="0" tween="cubic" easing="out" />
		        <effect type="fade" start="0" end="100" time="250" delay="0" tween="cubic" easing="out" />
		    </animation>
		    <animation type="WindowClose">
		        <effect type="slide" start="0,0" end="-150,0" time="450" delay="250" tween="cubic" easing="out" />
		        <effect type="fade" start="100" end="0" time="250" delay="250" tween="cubic" easing="out" />
		    </animation>
		    <animation type="Visible">
		        <effect type="slide" start="-150,0" end="0,0" time="450" delay="0" tween="cubic" easing="out" />
		        <effect type="fade" start="0" end="100" time="250" delay="0" tween="cubic" easing="out" />
		    </animation>
		    <animation type="Hidden">
		        <effect type="slide" start="0,0" end="-150,0" time="450" delay="250" tween="cubic" easing="out" />
		        <effect type="fade" start="100" end="0" time="250" delay="250" tween="cubic" easing="out" />
		    </animation>
				<!-- Music Cover -->
				<control type="group">
					 <animation effect="slide" start="0,0" end="-210,0" time="300" reversible="true" tween="sine" easing="inout" condition="Control.HasFocus(81) | Control.HasFocus(82) | Control.HasFocus(83) | Window.IsActive(ShutdownMenu) | Window.IsActive(Favourites)">Conditional</animation>
					 <control type="image">
						 <left>-120</left>
						 <top>-120</top>
						 <width>400</width>
						 <height>400</height>
						 <aspectratio align="center" aligny="center">stretch</aspectratio>
				     <texture background="true">views/list/shine.png</texture>
				     <visible>![Control.HasFocus(81) | Control.HasFocus(82) | Control.HasFocus(83) | Window.IsActive(ShutdownMenu) | Window.IsActive(Favourites)]</visible>
					 </control>
					 <control type="label">
						 <description>NP label</description>
						 <left>-37</left>
						 <top>157</top>
						 <width>300</width>
						 <height>30</height>
						 <label>$LOCALIZE[31316]...</label>
						 <align>left</align>
						 <aligny>top</aligny>
						 <font>FontSize_22</font>
						 <textcolor>purple</textcolor>
						 <shadowcolor>77000000</shadowcolor>
						 <angle>90</angle>
					 </control>
		       <control type="image">
		         <left>3</left>
		         <top>-50</top>
		         <width>155</width>
		         <height>155</height>
             <texture diffuse="osd/cd_diffuse.png" background="true" fallback="osd/cd.png">$INFO[Player.FolderPath,,cdart.png]</texture>
		         <aspectratio>keep</aspectratio>
						 <include>CDImageAnim</include>
					   <visible>!Player.IsInternetStream</visible>
		      </control>				
					<control type="image">
							<left>0</left>
							<top>0</top>
							<width>160</width>
							<height>160</height>
							<aspectratio align="center" aligny="center" scalediffuse="false">scale</aspectratio>
					    <texture background="true" fallback="thumbs/fallback_square.png" diffuse="thumbs/music_diffuse.png">$INFO[Player.Art(thumb)]</texture>
							<fadetime>800</fadetime>
					</control>
					<control type="image">
							<left>-7</left>
							<top>-7</top>
							<width>174</width>
							<height>174</height>
							<aspectratio align="center" aligny="center">stretch</aspectratio>
							<texture background="true">thumbs/music_overlay.png</texture>
							<fadetime>800</fadetime>
					</control>
					<control type="image">
							<left>0</left>
							<top>162</top>
							<width>160</width>
							<height>160</height>
							<aspectratio align="center" aligny="center" scalediffuse="false">scale</aspectratio>
					    <texture background="true" fallback="thumbs/fallback_square.png" flipy="true" diffuse="thumbs/music_reflection_diffuse.png">$INFO[Player.Art(thumb)]</texture>
							<fadetime>800</fadetime>
							<colordiffuse>a0ffffff</colordiffuse>
					</control>
					<control type="image">
							<description>paused indicator</description>
							<left>-1</left>
							<top>-1</top>
							<width>162</width>
							<height>162</height>
							<texture background="true" diffuse="thumbs/music_diffuse.png">osd/paused-overlay.png</texture>
							<aspectratio align="center" aligny="center" scalediffuse="false">stretch</aspectratio>
							<visible>Player.Paused</visible>
							<animation type="conditional" condition="Player.Paused" reversible="true">
								<effect type="fade" start="0" end="50" time="300" />
							</animation>
					</control>
					<control type="image">
							<description>ff indicator</description>
							<left>-1</left>
							<top>-1</top>
							<width>162</width>
							<height>162</height>
							<texture background="true" diffuse="thumbs/music_diffuse.png">osd/ff-overlay.png</texture>
							<aspectratio align="center" aligny="center" scalediffuse="false">stretch</aspectratio>
							<visible>Player.Forwarding</visible>
							<animation type="conditional" condition="Player.Forwarding" reversible="true">
								<effect type="fade" start="0" end="50" time="300" />
							</animation>
					</control>
					<control type="image">
							<description>rw indicator</description>
							<left>-1</left>
							<top>-1</top>
							<width>162</width>
							<height>162</height>
							<texture background="true" diffuse="thumbs/music_diffuse.png">osd/rw-overlay.png</texture>
							<aspectratio align="center" aligny="center" scalediffuse="false">stretch</aspectratio>
							<visible>Player.Rewinding</visible>
							<animation type="conditional" condition="Player.Rewinding" reversible="true">
								<effect type="fade" start="0" end="50" time="300" />
							</animation>
					</control>
				</control>
	
				<!-- Music Info -->
				<control type="group">
					<left>173</left>
		      <include>KaiToastSlideAnimations</include>
		      <include>ScanSlideAnimations</include>
					<animation effect="slide" start="0,0" end="0,150" time="260" tween="sine" easing="inout" condition="[Window.IsActive(Favourites) + Window.IsActive(ContextMenu)]">Conditional</animation>
					<animation effect="slide" start="0,0" end="-170,0" time="300" tween="sine" easing="inout" condition="Control.HasFocus(81) | Control.HasFocus(82) | Control.HasFocus(83) | Window.IsActive(ShutdownMenu) | Window.IsActive(Favourites)">Conditional</animation>
					<control type="label">
						<description>Title label</description>
						<left>0</left>
						<top>64</top>
						<height>30</height>
						<width>1000</width>
						<label>$INFO[MusicPlayer.Title]</label>
						<align>left</align>
						<aligny>center</aligny>
						<font>FontSize_36</font>
						<textcolor>white</textcolor>
						<shadowcolor>99000000</shadowcolor>
					</control>
					<control type="label">
						<description>Album Label</description>
						<left>0</left>
						<top>94</top>
						<height>30</height>
						<width>1000</width>
						<label>$INFO[MusicPlayer.Artist]$INFO[MusicPlayer.Album, - ]$INFO[musicplayer.discnumber, - $LOCALIZE[427]:]</label>
						<align>left</align>
						<aligny>center</aligny>
						<font>NotificationsFont</font>
						<textcolor>99white</textcolor>
						<shadowcolor>99000000</shadowcolor>
					</control>
					<control type="label">
						<description>Time Label</description>
						<left>0</left>
						<top>124</top>
						<height>30</height>
						<width>300</width>
						<label>$INFO[Player.Time(mm:ss)]$INFO[Player.Duration,[COLOR=purple] / [/COLOR]]</label>
						<align>left</align>
						<aligny>center</aligny>
						<font>NotificationsFont</font>
						<textcolor>purple</textcolor>
						<shadowcolor>77000000</shadowcolor>
					</control>
				</control>
		  </control>
		  <!-- Video NP -->
		  <control type="group">
				<left>45</left>
				<top>520</top>
				<visible>Player.HasVideo + !Skin.HasSetting(ShowHomeScreenNPVideo) + !Window.IsVisible(script-globalsearch-main.xml) + !Window.IsVisible(script-Actors-DialogInfo.xml) + !Window.IsVisible(script-Actors-DialogVideoInfo.xml)</visible>
		    <animation type="WindowOpen">
		        <effect type="slide" start="-150,0" end="0,0" time="450" delay="0" tween="cubic" easing="out" />
		        <effect type="fade" start="0" end="100" time="250" delay="0" tween="cubic" easing="out" />
		    </animation>
		    <animation type="WindowClose">
		        <effect type="slide" start="0,0" end="-150,0" time="450" delay="250" tween="cubic" easing="out" />
		        <effect type="fade" start="100" end="0" time="250" delay="250" tween="cubic" easing="out" />
		    </animation>
		    <animation type="Visible">
		        <effect type="slide" start="-150,0" end="0,0" time="450" delay="0" tween="cubic" easing="out" />
		        <effect type="fade" start="0" end="100" time="250" delay="0" tween="cubic" easing="out" />
		    </animation>
		    <animation type="Hidden">
		        <effect type="slide" start="0,0" end="-150,0" time="450" delay="250" tween="cubic" easing="out" />
		        <effect type="fade" start="100" end="0" time="250" delay="250" tween="cubic" easing="out" />
		    </animation>
		    <!-- Movies & Episodes Cover -->
			  <control type="group">
				 <top>-25</top>
				 <visible>VideoPlayer.Content(Movies) | VideoPlayer.Content(Episodes)</visible>
				 <animation effect="slide" start="0,0" end="-180,0" time="300" reversible="true" tween="sine" easing="inout" condition="Control.HasFocus(81) | Control.HasFocus(82) | Control.HasFocus(83) | Window.IsActive(ShutdownMenu) | Window.IsActive(Favourites)">Conditional</animation>
				 <control type="image">
					 <left>-120</left>
					 <top>-120</top>
					 <width>400</width>
					 <height>400</height>
					 <aspectratio align="center" aligny="center">stretch</aspectratio>
				   <texture background="true">views/list/shine.png</texture>
				   <visible>![Control.HasFocus(81) | Control.HasFocus(82) | Control.HasFocus(83) | Window.IsActive(ShutdownMenu) | Window.IsActive(Favourites)]</visible>
				 </control>
				 <control type="label">
					 <description>NP label</description>
					 <left>-35</left>
					 <top>182</top>
					 <width>300</width>
					 <height>30</height>
					 <label>$LOCALIZE[31316]...</label>
					 <align>left</align>
					 <aligny>top</aligny>
					 <font>FontSize_22</font>
					 <textcolor>purple</textcolor>
					 <shadowcolor>77000000</shadowcolor>
					 <angle>90</angle>
				 </control>
					<control type="image">
						<left>0</left>
						<top>0</top>
						<width>130</width>
						<height>185</height>
						<aspectratio align="center" aligny="center" scalediffuse="false">stretch</aspectratio>
						<texture background="true" diffuse="thumbs/poster_diffuse.png">thumbs/thumb_back.png</texture>
						<fadetime>800</fadetime>
					</control>
				 <control type="image">
						<left>0</left>
						<top>0</top>
						<width>130</width>
						<height>185</height>
						<texture background="true" fallback="thumbs/fallback_poster.png" diffuse="thumbs/poster_diffuse.png">$VAR[VideoPlayerThumb]</texture>
						<aspectratio align="center" aligny="center" scalediffuse="false">scale</aspectratio>
						<fadetime>800</fadetime>
				 </control>
				 <control type="image">
						<left>-7</left>
						<top>-7</top>
						<width>145</width>
						<height>200</height>
						<texture background="true">thumbs/poster_overlay.png</texture>
						<aspectratio align="center" aligny="center">stretch</aspectratio>
						<fadetime>800</fadetime>
				 </control>
				 <control type="image">
						<left>0</left>
						<top>187</top>
						<width>130</width>
						<height>185</height>
						<texture background="true" fallback="thumbs/fallback_poster.png" flipy="true" diffuse="thumbs/poster_reflection_diffuse.png">$VAR[VideoPlayerThumb]</texture>
						<aspectratio align="center" aligny="center" scalediffuse="false">stretch</aspectratio>
						<fadetime>800</fadetime>
						<colordiffuse>A0FFFFFF</colordiffuse>
						<!-- <colordiffuse>33FDFDFD</colordiffuse> -->
				 </control>
				 <control type="image">
						<description>paused indicator</description>
						<left>0</left>
						<top>0</top>
						<width>130</width>
						<height>185</height>
						<texture background="true" diffuse="thumbs/poster_diffuse.png">osd/paused-overlay.png</texture>
						<aspectratio align="center" aligny="center" scalediffuse="false">scale</aspectratio>
						<visible>Player.Paused</visible>
						<animation type="conditional" condition="Player.Paused" reversible="true">
							<effect type="fade" start="0" end="50" time="300" />
						</animation>
				 </control>
				 <control type="image">
						<description>ff indicator</description>
						<left>0</left>
						<top>0</top>
						<width>130</width>
						<height>185</height>
						<texture background="true" diffuse="thumbs/poster_diffuse.png">osd/ff-overlay.png</texture>
						<aspectratio align="center" aligny="center" scalediffuse="false">scale</aspectratio>
						<visible>Player.Forwarding</visible>
						<animation type="conditional" condition="Player.Forwarding" reversible="true">
							<effect type="fade" start="0" end="50" time="300" />
						</animation>
				 </control>
				 <control type="image">
						<description>rw indicator</description>
						<left>0</left>
						<top>0</top>
						<width>130</width>
						<height>185</height>
						<texture background="true" diffuse="thumbs/poster_diffuse.png">osd/rw-overlay.png</texture>
						<aspectratio align="center" aligny="center" scalediffuse="false">scale</aspectratio>
						<visible>Player.Rewinding</visible>
						<animation type="conditional" condition="Player.Rewinding" reversible="true">
							<effect type="fade" start="0" end="50" time="300" />
						</animation>
				 </control>
			  </control>
	 
		    <!-- Videos Cover -->
			  <control type="group">
				 <visible>!VideoPlayer.Content(Movies) + !VideoPlayer.Content(Episodes) + !VideoPlayer.Content(LiveTV)</visible>
				 <animation effect="slide" start="0,0" end="-310,0" time="320" reversible="true" tween="sine" easing="inout" condition="Control.HasFocus(81) | Control.HasFocus(82) | Control.HasFocus(83) | Window.IsActive(ShutdownMenu) | Window.IsActive(Favourites)">Conditional</animation>
				 <control type="image">
					 <left>-180</left>
					 <top>-140</top>
					 <width>650</width>
					 <height>400</height>
					 <aspectratio align="center" aligny="center">stretch</aspectratio>
				   <texture background="true">views/list/shine.png</texture>
				   <visible>![Control.HasFocus(81) | Control.HasFocus(82) | Control.HasFocus(83) | Window.IsActive(ShutdownMenu) | Window.IsActive(Favourites)]</visible>
				 </control>
				 <control type="label">
					 <description>NP label</description>
					 <left>-35</left>
					 <top>157</top>
					 <width>300</width>
					 <height>30</height>
					 <label>$LOCALIZE[31316]...</label>
					 <align>left</align>
					 <aligny>top</aligny>
					 <font>FontSize_22</font>
					 <textcolor>purple</textcolor>
					 <shadowcolor>77000000</shadowcolor>
					 <angle>90</angle>
				 </control>
					<control type="image">
						<left>0</left>
						<top>0</top>
						<width>240</width>
						<height>160</height>
						<aspectratio align="center" aligny="center" scalediffuse="false">stretch</aspectratio>
						<texture background="true" diffuse="thumbs/video_diffuse.png">thumbs/thumb_back.png</texture>
						<fadetime>800</fadetime>
					</control>
					<control type="image">
						<left>0</left>
						<top>0</top>
						<width>240</width>
						<height>160</height>
						<aspectratio align="center" aligny="center" scalediffuse="false">scale</aspectratio>
						<texture background="true" diffuse="thumbs/video_diffuse.png">$INFO[VideoPlayer.Cover]</texture>
						<fadetime>800</fadetime>
					  <visible>!VideoPlayer.HasMenu</visible>
					</control>
					<control type="image">
						<left>0</left>
						<top>0</top>
						<width>240</width>
						<height>160</height>
						<aspectratio align="center" aligny="center" scalediffuse="false">scale</aspectratio>
						<texture background="true" fallback="thumbs/fallback_disc_tp.png" diffuse="thumbs/video_diffuse.png">$VAR[VideoPlayerThumb]</texture>
						<fadetime>800</fadetime>
					  <visible>VideoPlayer.HasMenu</visible>
					</control>
					<control type="image">
						<left>-6</left>
						<top>-6</top>
						<width>252</width>
						<height>172</height>
						<aspectratio align="center" aligny="center">stretch</aspectratio>
						<texture background="true">thumbs/video_overlay.png</texture>
						<fadetime>800</fadetime>
					</control>
					<control type="image">
						<left>0</left>
						<top>162</top>
						<width>240</width>
						<height>160</height>
						<aspectratio align="center" aligny="center" scalediffuse="false">scale</aspectratio>
				    <texture background="true" fallback="thumbs/fallback_episode.png" flipy="true" diffuse="thumbs/video_reflection_diffuse.png">$INFO[VideoPlayer.Cover]</texture>
						<fadetime>800</fadetime>
						<colordiffuse>A0ffffff</colordiffuse>
					</control>			 
				 <control type="image">
						<description>paused indicator</description>
						<left>-1</left>
						<top>-1</top>
						<width>241</width>
						<height>161</height>
						<texture background="true" diffuse="thumbs/video_diffuse.png">osd/paused-overlay.png</texture>
						<aspectratio align="center" aligny="center" scalediffuse="false">scale</aspectratio>
						<visible>Player.Paused</visible>
						<animation type="conditional" condition="Player.Paused" reversible="true">
							<effect type="fade" start="0" end="50" time="300" />
						</animation>
				 </control>
				 <control type="image">
						<description>ff indicator</description>
						<left>-1</left>
						<top>-1</top>
						<width>241</width>
						<height>161</height>
						<texture background="true" diffuse="thumbs/video_diffuse.png">osd/ff-overlay.png</texture>
						<aspectratio align="center" aligny="center" scalediffuse="false">scale</aspectratio>
						<visible>Player.Forwarding</visible>
						<animation type="conditional" condition="Player.Forwarding" reversible="true">
							<effect type="fade" start="0" end="50" time="300" />
						</animation>
				 </control>
				 <control type="image">
						<description>rw indicator</description>
						<left>-1</left>
						<top>-1</top>
						<width>241</width>
						<height>161</height>
						<texture background="true" diffuse="thumbs/video_diffuse.png">osd/rw-overlay.png</texture>
						<aspectratio align="center" aligny="center" scalediffuse="false">scale</aspectratio>
						<visible>Player.Rewinding</visible>
						<animation type="conditional" condition="Player.Rewinding" reversible="true">
							<effect type="fade" start="0" end="50" time="300" />
						</animation>
				 </control>
			  </control>

				<!-- LiveTV Cover -->
				<control type="group">
				   <visible>VideoPlayer.Content(LiveTV)</visible>
					 <animation effect="slide" start="0,0" end="-210,0" time="300" reversible="true" tween="sine" easing="inout" condition="Control.HasFocus(81) | Control.HasFocus(82) | Control.HasFocus(83) | Window.IsActive(ShutdownMenu) | Window.IsActive(Favourites)">Conditional</animation>
					 <control type="image">
						 <left>-120</left>
						 <top>-120</top>
						 <width>400</width>
						 <height>400</height>
						 <aspectratio align="center" aligny="center">stretch</aspectratio>
				     <texture background="true">views/list/shine.png</texture>
				     <visible>![Control.HasFocus(81) | Control.HasFocus(82) | Control.HasFocus(83) | Window.IsActive(ShutdownMenu) | Window.IsActive(Favourites)]</visible>
					 </control>
					 <control type="label">
						 <description>NP label</description>
						 <left>-35</left>
						 <top>157</top>
						 <width>300</width>
						 <height>30</height>
					   <label>$LOCALIZE[31316]...</label>
						 <align>left</align>
						 <aligny>top</aligny>
						 <font>FontSize_22</font>
						 <textcolor>purple</textcolor>
						 <shadowcolor>77000000</shadowcolor>
						 <angle>90</angle>
					 </control>
					 <control type="image">
						 <left>0</left>
						 <top>0</top>
						 <width>160</width>
						 <height>160</height>
						 <aspectratio align="center" aligny="center" scalediffuse="false">stretch</aspectratio>
						 <texture background="true" diffuse="thumbs/music_diffuse.png">thumbs/thumb_back.png</texture>
						 <fadetime>800</fadetime>
					</control>
					<control type="image">
							<left>0</left>
							<top>0</top>
							<width>160</width>
							<height>160</height>
							<aspectratio align="center" aligny="center" scalediffuse="false">keep</aspectratio>
					    <texture background="true" fallback="thumbs/fallback_square.png" diffuse="thumbs/music_diffuse.png">$VAR[VideoPlayerThumb]</texture>
							<fadetime>800</fadetime>
					</control>
					<control type="image">
							<left>-7</left>
							<top>-7</top>
							<width>174</width>
							<height>174</height>
							<aspectratio align="center" aligny="center">stretch</aspectratio>
							<texture background="true">thumbs/music_overlay.png</texture>
							<fadetime>800</fadetime>
					</control>
					<control type="image">
							<left>0</left>
							<top>162</top>
							<width>160</width>
							<height>160</height>
							<aspectratio align="center" aligny="center" scalediffuse="false">keep</aspectratio>
					    <texture background="true" fallback="thumbs/fallback_square.png" flipy="true" diffuse="thumbs/music_reflection_diffuse.png">$VAR[VideoPlayerThumb]</texture>
							<fadetime>800</fadetime>
							<colordiffuse>a0ffffff</colordiffuse>
					</control>
					<control type="image">
							<description>paused indicator</description>
							<left>-1</left>
							<top>-1</top>
							<width>162</width>
							<height>162</height>
							<texture background="true" diffuse="thumbs/music_diffuse.png">osd/paused-overlay.png</texture>
							<aspectratio align="center" aligny="center" scalediffuse="false">stretch</aspectratio>
							<visible>Player.Paused</visible>
							<animation type="conditional" condition="Player.Paused" reversible="true">
								<effect type="fade" start="0" end="50" time="300" />
							</animation>
					</control>
					<control type="image">
							<description>ff indicator</description>
							<left>-1</left>
							<top>-1</top>
							<width>162</width>
							<height>162</height>
							<texture background="true" diffuse="thumbs/music_diffuse.png">osd/ff-overlay.png</texture>
							<aspectratio align="center" aligny="center" scalediffuse="false">stretch</aspectratio>
							<visible>Player.Forwarding</visible>
							<animation type="conditional" condition="Player.Forwarding" reversible="true">
								<effect type="fade" start="0" end="50" time="300" />
							</animation>
					</control>
					<control type="image">
							<description>rw indicator</description>
							<left>-1</left>
							<top>-1</top>
							<width>162</width>
							<height>162</height>
							<texture background="true" diffuse="thumbs/music_diffuse.png">osd/rw-overlay.png</texture>
							<aspectratio align="center" aligny="center" scalediffuse="false">stretch</aspectratio>
							<visible>Player.Rewinding</visible>
							<animation type="conditional" condition="Player.Rewinding" reversible="true">
								<effect type="fade" start="0" end="50" time="300" />
							</animation>
					</control>
				</control>	
	
				<!-- Movie Info -->
				<control type="group">
					<left>145</left>
					<top>-7</top>
		      <include>KaiToastSlideAnimations</include>
		      <include>ScanSlideAnimations</include>
				  <visible>VideoPlayer.Content(Movies)</visible>
					<animation effect="slide" start="0,0" end="0,150" time="260" tween="sine" easing="inout" condition="[Window.IsActive(Favourites) + Window.IsActive(ContextMenu)]">Conditional</animation>
					<animation effect="slide" start="0,0" end="-140,0" time="300" reversible="true" tween="sine" easing="inout" condition="Control.HasFocus(81) | Control.HasFocus(82) | Control.HasFocus(83) | Window.IsActive(ShutdownMenu) | Window.IsActive(Favourites)">Conditional</animation>
					<control type="label">
						<description>Title label</description>
						<left>0</left>
						<top>65</top>
						<width>1000</width>
						<height>30</height>
						<label>$INFO[VideoPlayer.Title]$INFO[VideoPlayer.Year, (,) ]</label>
						<align>left</align>
						<aligny>center</aligny>
						<font>FontSize_36</font>
						<textcolor>white</textcolor>
						<shadowcolor>99000000</shadowcolor>
					</control>
					<control type="label">
						<description>Genre label</description>
						<left>0</left>
						<top>98</top>
						<height>25</height>
						<width>1000</width>
						<label>$INFO[VideoPlayer.Genre]</label>
						<align>left</align>
						<aligny>center</aligny>
						<font>NotificationsFont</font>
						<textcolor>99white</textcolor>
						<shadowcolor>99000000</shadowcolor>
					</control>
					<control type="label">
						<description>Time Label</description>
						<left>0</left>
						<top>130</top>
						<width>300</width>
						<height>30</height>
						<label>$INFO[Player.Time]$INFO[Player.Duration, / ]</label>
						<align>left</align>
						<aligny>center</aligny>
						<font>NotificationsFont</font>
						<textcolor>purple</textcolor>
						<shadowcolor>77000000</shadowcolor>
					</control>
				</control>
	
			  <!-- Episode Info -->
				<control type="group">
			    <left>145</left>
					<top>-7</top>
		      <include>KaiToastSlideAnimations</include>
		      <include>ScanSlideAnimations</include>
				  <visible>VideoPlayer.Content(Episodes)</visible>
					<animation effect="slide" start="0,0" end="0,150" time="260" tween="sine" easing="inout" condition="[Window.IsActive(Favourites) + Window.IsActive(ContextMenu)]">Conditional</animation>
					<animation effect="slide" start="0,0" end="-140,0" time="300" reversible="true" tween="sine" easing="inout" condition="Control.HasFocus(81) | Control.HasFocus(82) | Control.HasFocus(83) | Window.IsActive(ShutdownMenu) | Window.IsActive(Favourites)">Conditional</animation>
					<control type="label">
						<description>Title label</description>
						<left>0</left>
						<top>65</top>
						<height>30</height>
						<width>1000</width>
						<label>$INFO[VideoPlayer.Title]</label>
						<align>left</align>
						<aligny>center</aligny>
						<font>FontSize_36</font>
						<textcolor>white</textcolor>
						<shadowcolor>99000000</shadowcolor>
					</control>
					<control type="label">
						<description>TV Show Season Ep Label</description>
						<left>0</left>
						<top>98</top>
						<height>25</height>
						<width>1000</width>
						<label>$INFO[VideoPlayer.TVShowTitle] • $LOCALIZE[20373] $INFO[VideoPlayer.Season] • $LOCALIZE[20359] $INFO[VideoPlayer.episode]</label>
						<align>left</align>
						<aligny>center</aligny>
						<font>NotificationsFont</font>
						<textcolor>99white</textcolor>
						<shadowcolor>99000000</shadowcolor>
					</control>
					<control type="label">
						<description>Time Label</description>
						<left>0</left>
						<top>130</top>
						<height>30</height>
						<width>300</width>
						<label>$INFO[Player.Time]$INFO[Player.Duration, / ]</label>
						<align>left</align>
						<aligny>center</aligny>
						<font>NotificationsFont</font>
						<textcolor>purple</textcolor>
						<shadowcolor>77000000</shadowcolor>
					</control>
				</control>
	
			  <!-- Videos Info -->
				<control type="group">
		      <left>255</left>
					<top>-7</top>
		      <include>KaiToastSlideAnimations</include>
		      <include>ScanSlideAnimations</include>
				  <visible>![VideoPlayer.Content(Movies) | VideoPlayer.Content(Episodes) | VideoPlayer.Content(LiveTV)]</visible>
					<animation effect="slide" start="0,0" end="0,150" time="260" tween="sine" easing="inout" condition="[Window.IsActive(Favourites) + Window.IsActive(ContextMenu)]">Conditional</animation>
					<animation effect="slide" start="0,0" end="-270,0" time="300" reversible="true" tween="sine" easing="inout" condition="Control.HasFocus(81) | Control.HasFocus(82) | Control.HasFocus(83) | Window.IsActive(ShutdownMenu) | Window.IsActive(Favourites)">Conditional</animation>
					<control type="label">
						<description>Title label</description>
						<left>0</left>
						<top>65</top>
						<height>30</height>
						<width>740</width>
						<label>$INFO[VideoPlayer.Title]</label>
						<align>left</align>
						<aligny>center</aligny>
						<font>FontSize_36</font>
						<textcolor>white</textcolor>
						<shadowcolor>99000000</shadowcolor>
					</control>
					<control type="label">
						<description>Genre label</description>
						<left>0</left>
						<top>98</top>
						<height>25</height>
						<width>740</width>
						<label>$INFO[VideoPlayer.Genre]</label>
						<align>left</align>
						<aligny>center</aligny>
						<font>NotificationsFont</font>
						<textcolor>99white</textcolor>
						<shadowcolor>99000000</shadowcolor>
					</control>
					<control type="label">
						<description>Time Label</description>
						<left>0</left>
						<top>130</top>
						<width>640</width>
						<height>30</height>
						<label>$INFO[Player.Time]$INFO[Player.Duration, / ]</label>
						<align>left</align>
						<aligny>center</aligny>
						<font>NotificationsFont</font>
						<textcolor>purple</textcolor>
						<shadowcolor>77000000</shadowcolor>
					</control>
				</control>
	
			  <!-- LiveTV Info -->
				<control type="group">
		      <left>173</left>
					<top>-7</top>
		      <include>KaiToastSlideAnimations</include>
		      <include>ScanSlideAnimations</include>
				  <visible>VideoPlayer.Content(LiveTV)</visible>
					<animation effect="slide" start="0,0" end="0,150" time="260" tween="sine" easing="inout" condition="[Window.IsActive(Favourites) + Window.IsActive(ContextMenu)]">Conditional</animation>
					<animation effect="slide" start="0,0" end="-170,0" time="300" reversible="true" tween="sine" easing="inout" condition="Control.HasFocus(81) | Control.HasFocus(82) | Control.HasFocus(83) | Window.IsActive(ShutdownMenu) | Window.IsActive(Favourites)">Conditional</animation>
					<control type="grouplist" id="1">
						<left>0</left>
						<top>53</top>
						<height>70</height>
						<width>970</width>
						<itemgap>10</itemgap>
						<align>left</align>
						<orientation>horizontal</orientation>
						<control type="label" id="1">
						  <include>TopBigLabel</include>
						  <label>$INFO[VideoPlayer.ChannelNumber,,. ]$INFO[VideoPlayer.ChannelName]</label>
						</control>
						<control type="label" id="1">
						  <include>TopSmallLabel</include>
							<label>$INFO[VideoPlayer.Title]</label>
					    <animation effect="fade" end="65" condition="true">Conditional</animation>
						</control>
					</control>
					<control type="label">
						<description>Genre label</description>
						<left>0</left>
						<top>98</top>
						<height>25</height>
						<width>740</width>
						<label>$INFO[VideoPlayer.Genre]</label>
						<align>left</align>
						<aligny>center</aligny>
						<font>NotificationsFont</font>
						<textcolor>99white</textcolor>
						<shadowcolor>99000000</shadowcolor>
					</control>
					<control type="label">
						<description>Time Label</description>
						<left>0</left>
						<top>130</top>
						<width>640</width>
						<height>30</height>
						<label>$INFO[Player.Time]$INFO[Player.Duration, / ]</label>
						<align>left</align>
						<aligny>center</aligny>
						<font>NotificationsFont</font>
						<textcolor>purple</textcolor>
						<shadowcolor>77000000</shadowcolor>
					</control>
				</control>
		  </control>
	  </include>

	  <!-- =========== -->
	  <!-- TopHomeMenu -->
	  <!-- =========== -->
		<include name="TopHomeMenu">
		  <control type="group">
				<left>45</left>
				<top>25</top>
				<visible>![Control.HasFocus(81) | Control.HasFocus(82) | Control.HasFocus(83) | Window.IsActive(ShutdownMenu) | Window.IsActive(ContextMenu) | Window.IsActive(script-globalsearch-main.xml) | Window.IsActive(Favourites)]</visible>
		    <include>HomeSlideAnimations</include>
				<control type="grouplist" id="21">
					<left>0</left>
					<top>0</top>
					<height>0</height>
					<width>0</width>
					<itemgap>0</itemgap>
					<onleft>21</onleft>
					<onright>21</onright>
					<onup>20</onup>
					<ondown>20</ondown>
					<align>left</align>
	        <orientation>horizontal</orientation>
					<control type="button" id="210">
						<description>Favorites</description>
				    <include>TopButton</include>
				    <onclick>SetFocus(20)</onclick>
				    <onclick>ActivateWindow(favourites)</onclick>
					</control>
					<control type="button" id="211">
						<description>Search</description>
				    <include>TopButton</include>
				    <onclick>SetFocus(20)</onclick>
				    <onclick>RunScript(script.globalsearch)</onclick>
					</control>
					<control type="button" id="212">
						<description>Power</description>
				    <include>TopButton</include>
				    <onclick>SetFocus(20)</onclick>
				    <onclick>ActivateWindow(shutdownmenu)</onclick>
					</control>
				</control>
				<control type="grouplist">
					<left>0</left>
					<top>0</top>
					<height>70</height>
					<width>1190</width>
					<itemgap>20</itemgap>
					<align>left</align>
					<orientation>horizontal</orientation>
		      <include>HomeSlideAnimations</include>
					<control type="label">
					  <include>TopBigLabel</include>
						<label>10000</label>
					</control>
					<control type="label">
					  <include>TopSmallLabel</include>
						<label>$LOCALIZE[1036]</label>
						<animation effect="fade" start="100" end="70" time="100" tween="sine" easing="in" condition="!Control.HasFocus(210)" reversible="true">Conditional</animation>
	          <animation effect="zoom"  start="100" end="95" time="100" tween="sine" easing="in" center="auto" condition="!Control.HasFocus(210)" reversible="true">Conditional</animation>
					</control>
					<control type="label">
					  <include>TopSmallLabel</include>
						<label>$LOCALIZE[137]</label>
						<animation effect="fade" start="100" end="70" time="100" tween="sine" easing="in" condition="!Control.HasFocus(211)" reversible="true">Conditional</animation>
	          <animation effect="zoom"  start="100" end="95" time="100" tween="sine" easing="in" center="auto" condition="!Control.HasFocus(211)" reversible="true">Conditional</animation>
					</control>
					<control type="label">
					  <include>TopSmallLabel</include>
						<label>$LOCALIZE[33060]</label>
						<animation effect="fade" start="100" end="70" time="100" tween="sine" easing="in" condition="!Control.HasFocus(212)" reversible="true">Conditional</animation>
	          <animation effect="zoom"  start="100" end="95" time="100" tween="sine" easing="in" center="auto" condition="!Control.HasFocus(212)" reversible="true">Conditional</animation>
					</control>
				</control>
				<control type="group">
				  <visible>Skin.HasSetting(ShowLibraryTotals)</visible>
		      <animation effect="slide" end="-3,3" reversible="false" condition="stringcompare(System.Language,Greek) | stringcompare(System.Language,Italian)">Conditional</animation>
		      <include>HomeSlideAnimations</include>
					<control type="fadelabel">
						<left>3</left>
						<top>45</top>
						<width>500</width>
						<height>20</height>
						<font>FontSize_18</font>
						<textcolor>blue</textcolor>
			      <shadowcolor>55000000</shadowcolor>
						<align>left</align>
						<aligny>center</aligny>
						<label>$INFO[Window(Home).Property(Movies.Count),$LOCALIZE[20342]: ]</label>
						<label>$INFO[Window(Home).Property(TVShows.Count),$LOCALIZE[31002]: ]</label>
						<label>$INFO[Window(Home).Property(Music.AlbumsCount),$LOCALIZE[132]: ]</label>
						<label>$INFO[Window(Home).Property(Music.SongsCount),$LOCALIZE[134]: ]</label>
            <scroll>false</scroll>
            <scrollout>false</scrollout>
            <scrollspeed>100</scrollspeed>
            <pauseatend>8000</pauseatend>
					</control>
		    </control>
		  </control>
	  </include>

</includes>