<?xml version="1.0" encoding="UTF-8"?>
<includes> 

	<!-- ============================= -->
  <!-- ========= TOP INFO ========== -->
	<!-- ============================= -->
	<include name="WeatherTopInfo">			
		<control type="group">
			<include>Window_OpenClose_Animation</include>
	    <include>DialogZoomInOutAnimation</include>

			<control type="group">
			  <include>Window_OpenClose_Animation</include>
			  <visible>Weather.IsFetched + !SubString(Window(Weather).Property(Current.ConditionIcon),na) + ![IsEmpty(Window(Weather).Property(Current.Condition)) | IsEmpty(Window(Weather).Property(Location))]</visible>
				<!-- Top Info Left -->
				<control type="group">
					<top>65</top>
					<control type="image">
						<description>current weather icon</description>
						<left>230</left>
						<top>10</top>
						<height>190</height>
						<width>190</width>
						<texture>$INFO[Window.Property(Current.ConditionIcon)]</texture>
					</control>
					<!-- *Disabled* -->
					<control type="multiimage.">
						<description>current weather icon</description>
						<left>230</left>
						<top>10</top>
						<height>190</height>
						<width>190</width>
						<imagepath>special://skin/extras/animations/weather/$INFO[Window.Property(Current.FanartCode)]</imagepath>					
						<timeperimage>100</timeperimage>
						<randomize>false</randomize>
						<fadetime>0</fadetime>
						<visible>Skin.HasSetting(weatherwindowanimated)</visible>
					</control>
					<control type="grouplist">
						<left>37</left>
						<top>35</top>
						<width>1000</width>
						<height>150</height>
						<itemgap>0</itemgap>
						<align>left</align>
				    <orientation>horizontal</orientation>
						<control type="label">
								<description>big current temp value</description>
								<height>130</height>
								<width min="10" max="500">auto</width>
								<font>FontSize_140</font>
								<align>left</align>
								<aligny>center</aligny>
								<label>$INFO[Window.Property(Current.Temperature)]</label>
								<textcolor>white</textcolor>
			          <shadowcolor>99000000</shadowcolor>
						</control>
						<control type="label">
								<description>temperature units value</description>
								<height>55</height>
								<width min="10" max="500">auto</width>
								<font>FontSize_40</font>
								<align>left</align>
								<aligny>center</aligny>
								<label>$INFO[System.TemperatureUnits]</label>
								<textcolor>white</textcolor>
			          <shadowcolor>99000000</shadowcolor>
						</control>
					</control>
					<control type="grouplist">
						<left>43</left>
						<top>165</top>
						<width>1000</width>
						<height>50</height>
						<itemgap>15</itemgap>
						<align>left</align>
				    <orientation>horizontal</orientation>
						<control type="label">
							  <description>current condition</description>
								<height>40</height>
								<width min="10" max="500">auto</width>
								<font>FontSize_40</font>
								<align>left</align>
								<aligny>center</aligny>
				        <label>$INFO[Window.Property(Current.Condition)]</label>
								<textcolor>white</textcolor>
			          <shadowcolor>99000000</shadowcolor>
						</control>
						<control type="label">
								<description>Feels Like</description>
								<height>55</height>
								<width min="10" max="500">auto</width>
								<font>FontSize_22</font>
								<align>left</align>
								<aligny>center</aligny>
								<label>$INFO[Window.Property(Current.FeelsLike),[COLOR=ddC6C6C8]$LOCALIZE[402]:[/COLOR] ]$INFO[System.TemperatureUnits], $INFO[Window.Property(Current.Humidity),[COLOR=ddC6C6C8]$LOCALIZE[406]:[/COLOR] ]</label>
								<textcolor>ffffffff</textcolor>
								<shadowcolor>ff0d0d0d</shadowcolor>
						</control>
				  </control>
				</control>
			  <!-- Day/Date/Year Right -->	
				<control type="group">
					<left>748</left>
					<top>10</top>
					<control type="label">
							<description>Date</description>
							<left>98</left>
							<top>110</top>
							<width>365</width>
							<height>50</height>
							<font>FontSize_85</font>
							<align>right</align>
							<aligny>center</aligny>
							<label>$INFO[System.Date(dd)]</label>
							<textcolor>white</textcolor>
							<shadowcolor>ff0d0d0d</shadowcolor>
					</control>
					<control type="label">
							<description>Year</description>
							<left>420</left>
							<top>140</top>
							<width>100</width>
							<height>30</height>
							<font>FontSize_28</font>
							<textcolor>white</textcolor>
							<align>right</align>
							<aligny>top</aligny>
							<label>$INFO[System.Date(yyyy)]</label>
						 <animation effect="rotate" start="0" end="90" center="auto" time="0">WindowOpen</animation>
						 <animation effect="rotate" start="0" end="90" center="auto" time="0">WindowClose</animation>
							<shadowcolor>ff0d0d0d</shadowcolor>
					</control>
					<control type="label">
							<description>Weekday</description>
							<left>18</left>
							<top>105</top>
							<width>350</width>
							<height>30</height>
							<font>FontSize_34</font>
							<textcolor>white</textcolor>
							<align>right</align>
							<aligny>center</aligny>
							<label>$INFO[System.Date(DDD)]</label>
							<shadowcolor>ff0d0d0d</shadowcolor>
					</control>
					<control type="label">
							<description>Month</description>
							<left>18</left>
							<top>139</top>
							<width>350</width>
							<height>30</height>
							<font>FontSize_34</font>
							<textcolor>white</textcolor>
							<align>right</align>
							<aligny>center</aligny>
							<label>$INFO[System.Date(MMM)]</label>
							<shadowcolor>ff0d0d0d</shadowcolor>
					</control>
				</control>
			  <!-- Sunrise/Sunset/Provider Right -->	
				<control type="group">
					<left>856</left>
					<top>195</top>
					<control type="label">
							<description>Sunrise-Sunset</description>
							<left>0</left>
							<top>0</top>
							<width>380</width>
							<height>30</height>
							<font>FontSize_20</font>
							<textcolor>white</textcolor>
							<align>right</align>
							<aligny>center</aligny>
							<scroll>false</scroll>
						  <label>$INFO[Window.Property(Today.Sunrise),[COLOR=ddC6C6C8]$LOCALIZE[33027]: [/COLOR]],  $INFO[Window.Property(Today.Sunset),[COLOR=ddC6C6C8]$LOCALIZE[33028]: [/COLOR]]</label>
			        <visible>!IsEmpty(Window.Property(Today.Sunrise)) + !IsEmpty(Window.Property(Today.Sunset))</visible>
							<shadowcolor>ff0d0d0d</shadowcolor>
					</control>
					<control type="label">
							<description>last update</description>
							<left>0</left>
							<top>23</top>
							<width>380</width>
							<height>30</height>
							<font>FontSize_20</font>
							<textcolor>white</textcolor>
							<align>right</align>
							<aligny>center</aligny>
							<scroll>false</scroll>
						  <label>$INFO[Window.Property(Updated),[COLOR=ddC6C6C8]$LOCALIZE[31229]: [/COLOR]]</label>
							<shadowcolor>ff0d0d0d</shadowcolor>
					</control>
					<!-- Current Weather Provider -->	
					<control type="label">
							<description>current provider</description>
							<left>0</left>
							<top>46</top>
							<width>380</width>
							<height>30</height>
							<font>FontSize_20</font>
							<textcolor>white</textcolor>
							<align>right</align>
							<aligny>center</aligny>
							<scroll>false</scroll>
				      <label>$INFO[Window.Property(WeatherProvider),[COLOR=ddC6C6C8]$LOCALIZE[31230]: [/COLOR]]</label>
							<shadowcolor>ff0d0d0d</shadowcolor>
					</control>
				</control>
		  </control>
		</control>
  </include>


  <!-- ================================================================ -->
  <!-- ================== DEFAULT WEATHER ADDON ======================= -->
  <!-- ================================================================ -->
	<include name="WeatherDefault">
		<control type="group">
			<include>Window_OpenClose_Animation</include>
	    <include>DialogZoomInOutAnimation</include>
			<control type="group" id="50">
				<visible>Weather.IsFetched + !SubString(Window(Weather).Property(Current.ConditionIcon),na) + ![IsEmpty(Window(Weather).Property(Current.Condition)) | IsEmpty(Window(Weather).Property(Location))]</visible>
				<include>Window_OpenClose_Animation</include>
				<control type="list" id="52">
					<left>12</left>
					<top>280</top>
					<width>1240</width>
					<height>360</height>
					<onleft>52</onleft>
					<onright>52</onright>
					<onup condition="!SubString(Window(Weather).Property(Current.ConditionIcon),na)">9111</onup>
					<ondown>noop</ondown>
					<itemgap>3</itemgap>
					<preloaditems>4</preloaditems>
					<orientation>horizontal</orientation>
					<viewtype label="535">list</viewtype>
				  <scrolltime tween="cubic" easing="out">350</scrolltime>
					<itemlayout width="310">
						<control type="image">
							<left>10</left>
							<top>-5</top>
							<width>305</width>
							<height>355</height>
							<aspectratio align="center" aligny="center">stretch</aspectratio>
							<texture border="25">windows/weather/day_panel.png</texture>
						</control>
						<control type="label">
						  <left>163</left>
							<top>25</top>
							<width>245</width>
							<height>30</height>
							<font>FontSize_26</font>
							<textcolor>ddC6C6C8</textcolor>
			        <shadowcolor>99000000</shadowcolor>
							<align>center</align>
							<aligny>center</aligny>
							<label>$INFO[ListItem.Label]</label>
						</control>
						<control type="label">
						  <left>163</left>
							<top>55</top>
							<width>245</width>
							<height>30</height>
							<font>FontSize_26</font>
							<textcolor>white</textcolor>
			        <shadowcolor>99000000</shadowcolor>
							<align>center</align>
							<aligny>center</aligny>
							<label>$INFO[ListItem.Label2]</label>
						</control>
						<control type="label">
					    <left>163</left>
							<top>255</top>
							<width>245</width>
							<height>30</height>
							<font>FontSize_26</font>
							<textcolor>white</textcolor>
			        <shadowcolor>99000000</shadowcolor>
							<align>center</align>
							<aligny>center</aligny>
							<label>$INFO[ListItem.Property(HighTemperature)]</label>
						</control>
						<control type="label">
					    <left>163</left>
							<top>285</top>
							<width>245</width>
							<height>30</height>
							<font>FontSize_26</font>
							<textcolor>white</textcolor>
			        <shadowcolor>99000000</shadowcolor>
							<align>center</align>
							<aligny>center</aligny>
							<label>$INFO[ListItem.Property(LowTemperature)]</label>
						</control>
						<control type="image">
							<left>70</left>
							<top>75</top>
							<width>180</width>
							<height>180</height>
							<aspectratio>keep</aspectratio>
							<texture>$INFO[ListItem.ActualIcon]</texture>
						</control>
					</itemlayout>
					<focusedlayout width="310">
						<control type="image">
							<left>10</left>
							<top>-5</top>
							<width>305</width>
							<height>355</height>
							<aspectratio align="center" aligny="center">stretch</aspectratio>
							<texture border="25">windows/weather/day_panel.png</texture>
						</control>
						<control type="image">
							<left>10</left>
							<top>-5</top>
							<width>305</width>
							<height>355</height>
							<aspectratio align="center" aligny="center">stretch</aspectratio>
							<texture border="25">windows/weather/day_panel_focus.png</texture>
							<animation effect="slide" start="70,0" end="0,0" time="350" reversible="false" tween="back" easing="out" condition="Container(52).OnPrevious">Focus</animation>
							<animation effect="slide" start="-70,0" end="0,0" time="350" reversible="false" tween="back" easing="out" condition="Container(52).OnNext">Focus</animation>
							<visible>Control.HasFocus(52)</visible>
						</control>
						<control type="label">
						  <left>163</left>
							<top>25</top>
							<width>245</width>
							<height>30</height>
							<font>FontSize_26</font>
							<textcolor>ddC6C6C8</textcolor>
			        <shadowcolor>99000000</shadowcolor>
							<align>center</align>
							<aligny>center</aligny>
							<label>$INFO[ListItem.Label]</label>
						</control>
						<control type="label">
						  <left>163</left>
							<top>55</top>
							<width>245</width>
							<height>30</height>
							<font>FontSize_26</font>
							<textcolor>white</textcolor>
			        <shadowcolor>99000000</shadowcolor>
							<align>center</align>
							<aligny>center</aligny>
							<label>$INFO[ListItem.Label2]</label>
						</control>
						<control type="label">
						  <left>163</left>
							<top>255</top>
							<width>245</width>
							<height>30</height>
							<font>FontSize_26</font>
							<textcolor>white</textcolor>
			        <shadowcolor>99000000</shadowcolor>
							<align>center</align>
							<aligny>center</aligny>
							<label>$INFO[ListItem.Property(HighTemperature)]</label>
						</control>
						<control type="label">
						  <left>163</left>
							<top>285</top>
							<width>245</width>
							<height>30</height>
							<font>FontSize_26</font>
							<textcolor>white</textcolor>
			        <shadowcolor>99000000</shadowcolor>
							<align>center</align>
							<aligny>center</aligny>
							<label>$INFO[ListItem.Property(LowTemperature)]</label>
						</control>
						<control type="image">
							<left>70</left>
							<top>75</top>
							<width>180</width>
							<height>180</height>
							<aspectratio>keep</aspectratio>
							<texture>$INFO[ListItem.ActualIcon]</texture>
						</control>
					</focusedlayout>
	
					<content>
						<item>
							<label>$INFO[Window.Property(Day0.Title)]</label>
							<label2>$INFO[Window.Property(Day0.Outlook)]</label2>
							<icon>$INFO[Window.Property(Day0.OutlookIcon)]</icon>
							<property name="HighTemperature">$INFO[Window.Property(Day0.HighTemp),[COLOR=ddC6C6C8]$LOCALIZE[419]: [/COLOR]]$INFO[System.TemperatureUnits]</property>
							<property name="LowTemperature">$INFO[Window.Property(Day0.LowTemp),[COLOR=ddC6C6C8]$LOCALIZE[418]: [/COLOR]]$INFO[System.TemperatureUnits]</property>
							<onclick>noop</onclick>
						  <visible>Weather.IsFetched + !IsEmpty(Window.Property(Day0.Title))</visible>
						</item>
						<item>
							<label>$INFO[Window.Property(Day1.Title)]</label>
							<label2>$INFO[Window.Property(Day1.Outlook)]</label2>
							<icon>$INFO[Window.Property(Day1.OutlookIcon)]</icon>
							<property name="HighTemperature">$INFO[Window.Property(Day1.HighTemp),[COLOR=ddC6C6C8]$LOCALIZE[419]: [/COLOR]]$INFO[System.TemperatureUnits]</property>
							<property name="LowTemperature">$INFO[Window.Property(Day1.LowTemp),[COLOR=ddC6C6C8]$LOCALIZE[418]: [/COLOR]]$INFO[System.TemperatureUnits]</property>
							<onclick>noop</onclick>
						  <visible>Weather.IsFetched + !IsEmpty(Window.Property(Day1.Title))</visible>
						</item>
						<item>
							<label>$INFO[Window.Property(Day2.Title)]</label>
							<label2>$INFO[Window.Property(Day2.Outlook)]</label2>
							<icon>$INFO[Window.Property(Day2.OutlookIcon)]</icon>
							<property name="HighTemperature">$INFO[Window.Property(Day2.HighTemp),[COLOR=ddC6C6C8]$LOCALIZE[419]: [/COLOR]]$INFO[System.TemperatureUnits]</property>
							<property name="LowTemperature">$INFO[Window.Property(Day2.LowTemp),[COLOR=ddC6C6C8]$LOCALIZE[418]: [/COLOR]]$INFO[System.TemperatureUnits]</property>
							<onclick>noop</onclick>
						  <visible>Weather.IsFetched + !IsEmpty(Window.Property(Day2.Title))</visible>
						</item>
						<item>
							<label>$INFO[Window.Property(Day3.Title)]</label>
							<label2>$INFO[Window.Property(Day3.Outlook)]</label2>
							<icon>$INFO[Window.Property(Day3.OutlookIcon)]</icon>
							<property name="HighTemperature">$INFO[Window.Property(Day3.HighTemp),[COLOR=ddC6C6C8]$LOCALIZE[419]: [/COLOR]]$INFO[System.TemperatureUnits]</property>
							<property name="LowTemperature">$INFO[Window.Property(Day3.LowTemp),[COLOR=ddC6C6C8]$LOCALIZE[418]: [/COLOR]]$INFO[System.TemperatureUnits]</property>
							<onclick>noop</onclick>
						  <visible>Weather.IsFetched + !IsEmpty(Window.Property(Day3.Title))</visible>
						</item>
						<item>
							<label>$INFO[Window.Property(Day4.Title)]</label>
							<label2>$INFO[Window.Property(Day4.Outlook)]</label2>
							<icon>$INFO[Window.Property(Day4.OutlookIcon)]</icon>
							<property name="HighTemperature">$INFO[Window.Property(Day4.HighTemp),[COLOR=ddC6C6C8]$LOCALIZE[419]: [/COLOR]]$INFO[System.TemperatureUnits]</property>
							<property name="LowTemperature">$INFO[Window.Property(Day4.LowTemp),[COLOR=ddC6C6C8]$LOCALIZE[418]: [/COLOR]]$INFO[System.TemperatureUnits]</property>
							<onclick>noop</onclick>
						  <visible>Weather.IsFetched + !IsEmpty(Window.Property(Day4.Title))</visible>
						</item>
						<item>
							<label>$INFO[Window.Property(Day5.Title)]</label>
							<label2>$INFO[Window.Property(Day5.Outlook)]</label2>
							<icon>$INFO[Window.Property(Day5.OutlookIcon)]</icon>
							<property name="HighTemperature">$INFO[Window.Property(Day5.HighTemp),[COLOR=ddC6C6C8]$LOCALIZE[419]: [/COLOR]]$INFO[System.TemperatureUnits]</property>
							<property name="LowTemperature">$INFO[Window.Property(Day5.LowTemp),[COLOR=ddC6C6C8]$LOCALIZE[418]: [/COLOR]]$INFO[System.TemperatureUnits]</property>
							<onclick>noop</onclick>
						  <visible>Weather.IsFetched + !IsEmpty(Window.Property(Day5.Title))</visible>
						</item>
						<item>
							<label>$INFO[Window.Property(Day6.Title)]</label>
							<label2>$INFO[Window.Property(Day6.Outlook)]</label2>
							<icon>$INFO[Window.Property(Day6.OutlookIcon)]</icon>
							<property name="HighTemperature">$INFO[Window.Property(Day6.HighTemp),[COLOR=ddC6C6C8]$LOCALIZE[419]: [/COLOR]]$INFO[System.TemperatureUnits]</property>
							<property name="LowTemperature">$INFO[Window.Property(Day6.LowTemp),[COLOR=ddC6C6C8]$LOCALIZE[418]: [/COLOR]]$INFO[System.TemperatureUnits]</property>
							<onclick>noop</onclick>
						  <visible>Weather.IsFetched + !IsEmpty(Window.Property(Day6.Title))</visible>
						</item>
						<item>
							<label>$INFO[Window.Property(Day7.Title)]</label>
							<label2>$INFO[Window.Property(Day7.Outlook)]</label2>
							<icon>$INFO[Window.Property(Day7.OutlookIcon)]</icon>
							<property name="HighTemperature">$INFO[Window.Property(Day7.HighTemp),[COLOR=ddC6C6C8]$LOCALIZE[419]: [/COLOR]]$INFO[System.TemperatureUnits]</property>
							<property name="LowTemperature">$INFO[Window.Property(Day7.LowTemp),[COLOR=ddC6C6C8]$LOCALIZE[418]: [/COLOR]]$INFO[System.TemperatureUnits]</property>
							<onclick>noop</onclick>
						  <visible>Weather.IsFetched + !IsEmpty(Window.Property(Day7.Title))</visible>
						</item>
						<item>
							<label>$INFO[Window.Property(Day8.Title)]</label>
							<label2>$INFO[Window.Property(Day8.Outlook)]</label2>
							<icon>$INFO[Window.Property(Day8.OutlookIcon)]</icon>
							<property name="HighTemperature">$INFO[Window.Property(Day8.HighTemp),[COLOR=ddC6C6C8]$LOCALIZE[419]: [/COLOR]]$INFO[System.TemperatureUnits]</property>
							<property name="LowTemperature">$INFO[Window.Property(Day8.LowTemp),[COLOR=ddC6C6C8]$LOCALIZE[418]: [/COLOR]]$INFO[System.TemperatureUnits]</property>
							<onclick>noop</onclick>
						  <visible>Weather.IsFetched + !IsEmpty(Window.Property(Day8.Title))</visible>
						</item>
						<item>
							<label>$INFO[Window.Property(Day9.Title)]</label>
							<label2>$INFO[Window.Property(Day9.Outlook)]</label2>
							<icon>$INFO[Window.Property(Day9.OutlookIcon)]</icon>
							<property name="HighTemperature">$INFO[Window.Property(Day9.HighTemp),[COLOR=ddC6C6C8]$LOCALIZE[419]: [/COLOR]]$INFO[System.TemperatureUnits]</property>
							<property name="LowTemperature">$INFO[Window.Property(Day9.LowTemp),[COLOR=ddC6C6C8]$LOCALIZE[418]: [/COLOR]]$INFO[System.TemperatureUnits]</property>
							<onclick>noop</onclick>
						  <visible>Weather.IsFetched + !IsEmpty(Window.Property(Day9.Title))</visible>
						</item>
					</content>
				</control>
	
		  </control>
		</control>		  
  </include>


  <!-- ================================================================ -->
  <!-- ================== WEATHER UNDERGROUND ADDON =================== -->
  <!-- ================================================================ -->
  <include name="WeatherUnderground">
		<control type="button" id="50">
			<description>Get Focus Fake Button</description>
			<include>TopButton</include>
			<onup>9111</onup>
			<ondown>noop</ondown>
			<onleft>noop</onleft>
			<onright>noop</onright>
			<visible>!Skin.String(WeatherUnderground,4) + !SubString(Window(Weather).Property(Current.ConditionIcon),na)</visible>
		</control>
		<control type="group">
			<include>Window_OpenClose_Animation</include>
	    <include>DialogZoomInOutAnimation</include>
	    <visible>!SubString(Window(Weather).Property(Current.ConditionIcon),na)</visible>
	
	    <!-- Current Weather Conditions -->
			<control type="group">
				<description>Current Weather</description>
        <visible>Skin.String(WeatherUnderground,1) + Weather.IsFetched + !IsEmpty(Window(Weather).Property(Daily.IsFetched)) + ![IsEmpty(Window(Weather).Property(Current.Condition)) | IsEmpty(Window(Weather).Property(Location))]</visible>
				<include>Window_OpenClose_Animation</include>
			 <control type="group">
				<left>0</left>
				<top>300</top>
	      <!-- Today -->
				<control type="group">
					<left>25</left>
					<top>0</top>
					<control type="image">
						<left>-5</left>
						<top>-25</top>
						<width>345</width>
						<height>355</height>
						<aspectratio align="center" aligny="center">stretch</aspectratio>
						<texture border="25">windows/weather/day_panel.png</texture>
					</control>
					<control type="label">
						<left>0</left>
						<top>10</top>
						<width>300</width>
						<height>30</height>
						<font>FontSize_30B</font>
						<textcolor>white</textcolor>
						<align>right</align>
						<aligny>center</aligny>
						<label>$LOCALIZE[33006]</label>
					</control>
					<control type="label">
						<left>0</left>
						<top>60</top>
						<width>300</width>
						<height>30</height>
						<font>FontSize_20</font>
						<textcolor>white</textcolor>
						<align>right</align>
						<aligny>center</aligny>
						<label>$INFO[Window.Property(Daily.1.HighTemperature),[COLOR=ddC6C6C8]$LOCALIZE[393]: [/COLOR]]</label>
					</control>
					<control type="label">
						<left>0</left>
						<top>85</top>
						<width>300</width>
						<height>30</height>
						<font>FontSize_20</font>
						<textcolor>white</textcolor>
						<align>right</align>
						<aligny>center</aligny>
						<label>$INFO[Window.Property(Daily.1.LowTemperature),[COLOR=ddC6C6C8]$LOCALIZE[391]: [/COLOR]]</label>
					</control>
					<control type="label">
						<left>30</left>
						<top>160</top>
						<width>270</width>
						<height>20</height>
						<font>FontSize_26</font>
						<textcolor>white</textcolor>
						<selectedcolor>selected</selectedcolor>
						<align>left</align>
						<aligny>center</aligny>
						<label>$INFO[Window.Property(Daily.1.Outlook)]</label>
					</control>
					<control type="label">
						<left>30</left>
						<top>200</top>
						<width>270</width>
						<height>20</height>
						<font>FontSize_18</font>
						<textcolor>white</textcolor>
						<selectedcolor>selected</selectedcolor>
						<align>left</align>
						<aligny>center</aligny>
						<label>[COLOR=ddC6C6C8]$LOCALIZE[383]:[/COLOR] $LOCALIZE[31227] $INFO[Window.Property(Daily.1.ShortWindDirection)] $LOCALIZE[31228] $INFO[Window.Property(Daily.1.WindSpeed)]</label>
					</control>
					<control type="textbox">
						<left>30</left>
						<top>220</top>
						<width>275</width>
						<height>80</height>
						<font>FontSize_18</font>
						<textcolor>white</textcolor>
						<selectedcolor>selected</selectedcolor>
						<align>justify</align>
						<aligny>bottom</aligny>
						<label>$INFO[Window.Property(Daily.1.LongOutlookDay),[COLOR=ddC6C6C8]$LOCALIZE[31236]: [/COLOR]]</label>
					</control>
					<control type="image">
						<left>30</left>
						<top>0</top>
						<width>150</width>
						<height>150</height>
						<aspectratio>keep</aspectratio>
						<texture>$INFO[Window.Property(Daily.1.OutlookIcon)]</texture>
					</control>
				</control>
	      <!-- Tomorrow -->
				<control type="group">
					<left>345</left>
					<top>0</top>
					<control type="image">
						<left>-5</left>
						<top>-25</top>
						<width>345</width>
						<height>355</height>
						<aspectratio align="center" aligny="center">stretch</aspectratio>
						<texture border="25">windows/weather/day_panel.png</texture>
					</control>
					<control type="label">
						<left>0</left>
						<top>10</top>
						<width>300</width>
						<height>30</height>
						<font>FontSize_30B</font>
						<textcolor>white</textcolor>
						<align>right</align>
						<aligny>center</aligny>
						<label>$LOCALIZE[33007]</label>
					</control>
					<control type="label">
						<left>0</left>
						<top>60</top>
						<width>300</width>
						<height>30</height>
						<font>FontSize_20</font>
						<textcolor>white</textcolor>
						<align>right</align>
						<aligny>center</aligny>
						<label>$INFO[Window.Property(Daily.2.HighTemperature),[COLOR=ddC6C6C8]$LOCALIZE[393]: [/COLOR]]</label>
					</control>
					<control type="label">
						<left>0</left>
						<top>85</top>
						<width>300</width>
						<height>30</height>
						<font>FontSize_20</font>
						<textcolor>white</textcolor>
						<align>right</align>
						<aligny>center</aligny>
						<label>$INFO[Window.Property(Daily.2.LowTemperature),[COLOR=ddC6C6C8]$LOCALIZE[391]: [/COLOR]]</label>
					</control>
					<control type="label">
						<left>30</left>
						<top>160</top>
						<width>270</width>
						<height>20</height>
						<font>FontSize_26</font>
						<textcolor>white</textcolor>
						<selectedcolor>selected</selectedcolor>
						<align>left</align>
						<aligny>center</aligny>
						<label>$INFO[Window.Property(Daily.2.Outlook)]</label>
					</control>
					<control type="label">
						<left>30</left>
						<top>200</top>
						<width>270</width>
						<height>20</height>
						<font>FontSize_18</font>
						<textcolor>white</textcolor>
						<selectedcolor>selected</selectedcolor>
						<align>left</align>
						<aligny>center</aligny>
						<label>[COLOR=ddC6C6C8]$LOCALIZE[383]:[/COLOR] $LOCALIZE[31227] $INFO[Window.Property(Daily.2.ShortWindDirection)] $LOCALIZE[31228] $INFO[Window.Property(Daily.2.WindSpeed)]</label>
					</control>
					<control type="textbox">
						<left>30</left>
						<top>220</top>
						<width>275</width>
						<height>80</height>
						<font>FontSize_18</font>
						<textcolor>white</textcolor>
						<selectedcolor>selected</selectedcolor>
						<align>justify</align>
						<aligny>bottom</aligny>
						<label>$INFO[Window.Property(Daily.2.LongOutlookDay),[COLOR=ddC6C6C8]$LOCALIZE[31236]: [/COLOR]]</label>
					</control>
					<control type="image">
						<left>30</left>
						<top>0</top>
						<width>150</width>
						<height>150</height>
						<aspectratio>keep</aspectratio>
						<texture>$INFO[Window.Property(Daily.2.OutlookIcon)]</texture>
					</control>
				</control>
	      <!-- Maps -->			
				<control type="group">
					<left>690</left>
					<top>0</top>
					<control type="image">
						<left>-5</left>
						<top>-25</top>
						<width>572</width>
						<height>355</height>
						<aspectratio align="center" aligny="center">stretch</aspectratio>
						<texture border="25">windows/weather/day_panel.png</texture>
					</control>
					<control type="multiimage">
						<description>maps multiimage</description>
						<left>36</left>
						<top>16</top>
						<width>490</width>
						<height>274</height>
						<imagepath>$INFO[Window.Property(MapPath)]</imagepath>
						<timeperimage>500</timeperimage>
						<pauseatend>1000</pauseatend>
						<fadetime>0</fadetime>
						<randomize>false</randomize>
						<loop>yes</loop>
						<aspectratio>stretch</aspectratio>
					</control>
					<control type="image">
						<left>30</left>
						<top>10</top>
						<width>502</width>
						<height>286</height>
						<aspectratio align="center" aligny="center">stretch</aspectratio>
						<texture border="6">empty_icon.png</texture>
						<bordertexture border="25">dialogs/other/iconborder.png</bordertexture>
						<bordersize>6</bordersize>
					</control>
			  </control>
	
			 </control> 
			</control>
	
	    <!-- 36-Hours Forecast-->
			<control type="group">
				<description>36Hours</description>
        <visible>Skin.String(WeatherUnderground,2) + Weather.IsFetched + !IsEmpty(Window(Weather).Property(36Hour.IsFetched)) + ![IsEmpty(Window(Weather).Property(Current.Condition)) | IsEmpty(Window(Weather).Property(Location))]</visible>
				<include>Window_OpenClose_Animation</include>
				<control type="group">
					<left>0</left>
					<top>300</top>
					<control type="group">
						<left>25</left>
						<top>0</top>
						<control type="image">
							<left>-5</left>
							<top>-25</top>
							<width>420</width>
							<height>355</height>
							<aspectratio align="center" aligny="center">stretch</aspectratio>
							<texture border="25">windows/weather/day_panel.png</texture>
						</control>
						<control type="label">
							<left>25</left>
							<top>15</top>
							<width>345</width>
							<height>30</height>
							<font>FontSize_30B</font>
							<textcolor>white</textcolor>
							<align>right</align>
							<aligny>center</aligny>
							<label>$INFO[Window.Property(36Hour.1.Heading)]</label>
						</control>
						<control type="label">
							<left>20</left>
							<top>70</top>
							<width>350</width>
							<height>30</height>
							<font>FontSize_20</font>
							<textcolor>white</textcolor>
							<align>right</align>
							<aligny>center</aligny>
							<label>[COLOR=ddC6C6C8]$INFO[Window.Property(36Hour.1.TemperatureHeading)][/COLOR]$INFO[Window.Property(36Hour.1.Temperature),  ]</label>
						</control>
						<control type="label">
							<left>30</left>
							<top>170</top>
							<width>348</width>
							<height>20</height>
							<font>FontSize_18</font>
							<textcolor>white</textcolor>
							<align>left</align>
							<aligny>center</aligny>
							<label>$INFO[Window.Property(36Hour.1.ChancePrecipitation),[COLOR=ddC6C6C8]$LOCALIZE[31233]: [/COLOR]]</label>
						</control>
						<control type="textbox">
							<left>30</left>
							<top>190</top>
							<width>350</width>
							<height>105</height>
							<font>FontSize_18</font>
							<textcolor>white</textcolor>
							<align>justify</align>
							<label>$INFO[Window.Property(36hour.1.Forecast),[COLOR=ddC6C6C8]$LOCALIZE[31236]: [/COLOR]]</label>
						</control>
						<control type="image">
							<left>50</left>
							<top>15</top>
							<width>150</width>
							<height>150</height>
							<aspectratio>keep</aspectratio>
							<texture>$INFO[Window.Property(36Hour.1.OutlookIcon)]</texture>
						</control>
					</control>
					<control type="group">
						<left>437</left>
						<top>0</top>
						<control type="image">
							<left>-5</left>
							<top>-25</top>
							<width>420</width>
							<height>355</height>
							<aspectratio align="center" aligny="center">stretch</aspectratio>
							<texture border="25">windows/weather/day_panel.png</texture>
						</control>
						<control type="label">
							<left>25</left>
							<top>15</top>
							<width>345</width>
							<height>30</height>
							<font>FontSize_30B</font>
							<textcolor>white</textcolor>
							<align>right</align>
							<aligny>center</aligny>
							<label>$INFO[Window.Property(36Hour.2.Heading)]</label>
						</control>
						<control type="label">
							<left>20</left>
							<top>70</top>
							<width>350</width>
							<height>30</height>
							<font>FontSize_20</font>
							<textcolor>white</textcolor>
							<align>right</align>
							<aligny>center</aligny>
							<label>[COLOR=ddC6C6C8]$INFO[Window.Property(36Hour.2.TemperatureHeading)][/COLOR]$INFO[Window.Property(36Hour.2.Temperature),  ]</label>
						</control>
						<control type="label">
							<left>30</left>
							<top>170</top>
							<width>348</width>
							<height>20</height>
							<font>FontSize_18</font>
							<textcolor>white</textcolor>
							<align>left</align>
							<aligny>center</aligny>
							<label>$INFO[Window.Property(36Hour.2.ChancePrecipitation),[COLOR=ddC6C6C8]$LOCALIZE[31233]: [/COLOR]]</label>
						</control>
						<control type="textbox">
							<left>30</left>
							<top>190</top>
							<width>350</width>
							<height>105</height>
							<font>FontSize_18</font>
							<textcolor>white</textcolor>
							<align>justify</align>
							<label>$INFO[Window.Property(36hour.2.Forecast),[COLOR=ddC6C6C8]$LOCALIZE[31236]: [/COLOR]]</label>
						</control>
						<control type="image">
							<left>50</left>
							<top>15</top>
							<width>150</width>
							<height>150</height>
							<aspectratio>keep</aspectratio>
							<texture>$INFO[Window.Property(36Hour.2.OutlookIcon)]</texture>
						</control>
					</control>
					<control type="group">
						<left>845</left>
						<top>0</top>
						<control type="image">
							<left>-5</left>
							<top>-25</top>
							<width>420</width>
							<height>355</height>
							<aspectratio align="center" aligny="center">stretch</aspectratio>
							<texture border="25">windows/weather/day_panel.png</texture>
						</control>
						<control type="label">
							<left>25</left>
							<top>15</top>
							<width>345</width>
							<height>30</height>
							<font>FontSize_30B</font>
							<textcolor>white</textcolor>
							<align>right</align>
							<aligny>center</aligny>
							<label>$INFO[Window.Property(36Hour.3.Heading)]</label>
						</control>
						<control type="label">
							<left>20</left>
							<top>70</top>
							<width>350</width>
							<height>30</height>
							<font>FontSize_20</font>
							<textcolor>white</textcolor>
							<align>right</align>
							<aligny>center</aligny>
							<label>[COLOR=ddC6C6C8]$INFO[Window.Property(36Hour.3.TemperatureHeading)][/COLOR]$INFO[Window.Property(36Hour.3.Temperature),  ]</label>
						</control>
						<control type="label">
							<left>30</left>
							<top>170</top>
							<width>348</width>
							<height>20</height>
							<font>FontSize_18</font>
							<textcolor>white</textcolor>
							<align>left</align>
							<aligny>center</aligny>
							<label>$INFO[Window.Property(36Hour.3.ChancePrecipitation),[COLOR=ddC6C6C8]$LOCALIZE[31233]: [/COLOR]]</label>
						</control>
						<control type="textbox">
							<left>30</left>
							<top>190</top>
							<width>350</width>
							<height>105</height>
							<font>FontSize_18</font>
							<textcolor>white</textcolor>
							<align>justify</align>
							<label>$INFO[Window.Property(36hour.3.Forecast),[COLOR=ddC6C6C8]$LOCALIZE[31236]: [/COLOR]]</label>
						</control>
						<control type="image">
							<left>50</left>
							<top>15</top>
							<width>150</width>
							<height>150</height>
							<aspectratio>keep</aspectratio>
							<texture>$INFO[Window.Property(36Hour.3.OutlookIcon)]</texture>
						</control>
					</control>
				</control>
			</control>
	
	    <!-- Hourly Forecast -->
			<control type="group">
				<description>Hourly</description>
        <visible>Skin.String(WeatherUnderground,3) + Weather.IsFetched + !IsEmpty(Window(Weather).Property(Hourly.IsFetched)) + ![IsEmpty(Window(Weather).Property(Current.Condition)) | IsEmpty(Window(Weather).Property(Location))]</visible>
				<include>Window_OpenClose_Animation</include>
				<control type="group">
					<left>0</left>
					<top>300</top>
					<!--- Top Row -->
					<control type="group">
					  <description>Next 1 Hour Data</description>
						<left>24</left>
						<top>0</top>
						<control type="image">
							<left>5</left>
							<top>-20</top>
							<width>215</width>
							<height>190</height>
							<aspectratio align="center" aligny="center">stretch</aspectratio>
							<texture border="25">windows/weather/day_panel_small.png</texture>
						</control>
						<control type="image">
							<left>125</left>
							<top>35</top>
							<width>70</width>
							<height>70</height>
							<aspectratio>keep</aspectratio>
							<texture>$INFO[Window.Property(Hourly.1.OutlookIcon)]</texture>
						</control>
						<control type="label">
							<left>30</left>
							<top>32</top>
							<width>170</width>
							<height>20</height>
							<font>FontSize_18</font>
							<textcolor>ddC6C6C8</textcolor>
							<align>left</align>
							<aligny>center</aligny>
							<scroll>false</scroll>
							<label>$INFO[Window.Property(Hourly.1.Outlook)]</label>
						</control>
						<control type="label">
							<left>30</left>
							<top>8</top>
							<width>170</width>
							<height>30</height>
							<font>FontSize_18</font>
							<textcolor>white</textcolor>
							<align>left</align>
							<aligny>center</aligny>
							<label>$INFO[Window.Property(Hourly.1.ShortDate)]</label>
						</control>
						<control type="label">
							<left>25</left>
							<top>0</top>
							<width>170</width>
							<height>30</height>
							<font>FontSize_24</font>
							<textcolor>white</textcolor>
							<align>right</align>
							<aligny>center</aligny>
							<label>$INFO[Window.Property(Hourly.1.Time)]</label>
						</control>
						<control type="label">
							<left>30</left>
							<top>70</top>
							<width>170</width>
							<height>20</height>
							<font>FontSize_16</font>
							<textcolor>white</textcolor>
							<align>left</align>
							<aligny>center</aligny>
							<label>$INFO[Window.Property(Hourly.1.Temperature),[COLOR=ddC6C6C8]$LOCALIZE[419]:[/COLOR] ,]</label>
						</control>
						<control type="label">
							<left>30</left>
							<top>89</top>
							<width>170</width>
							<height>20</height>
							<font>FontSize_16</font>
							<textcolor>white</textcolor>
							<align>left</align>
							<aligny>center</aligny>
							<label>$INFO[Window.Property(Hourly.1.FeelsLike),[COLOR=ddC6C6C8]$LOCALIZE[402]:[/COLOR] ,]</label>
						</control>
						<control type="label">
							<left>30</left>
							<top>108</top>
							<width>170</width>
							<height>20</height>
							<font>FontSize_16</font>
							<textcolor>white</textcolor>
							<align>left</align>
							<aligny>center</aligny>
							<label>$INFO[Window.Property(Hourly.1.Humidity),[COLOR=ddC6C6C8]$LOCALIZE[406]:[/COLOR] ,]</label>
						</control>
						<control type="label">
							<left>30</left>
							<top>127</top>
							<width>170</width>
							<height>20</height>
							<font>FontSize_16</font>
							<textcolor>white</textcolor>
							<align>left</align>
							<aligny>center</aligny>
							<label>[COLOR=ddC6C6C8]$LOCALIZE[383]:[/COLOR] $INFO[Window.Property(Hourly.1.ShortWindDirection)] $INFO[Window.Property(Hourly.1.WindSpeed)]</label>
						</control>
					</control>
	
					<control type="group">
					  <description>Next 2 Hour Data</description>
						<left>226</left>
						<top>0</top>
						<control type="image">
							<left>5</left>
							<top>-20</top>
							<width>215</width>
							<height>190</height>
							<aspectratio align="center" aligny="center">stretch</aspectratio>
							<texture border="25">windows/weather/day_panel_small.png</texture>
						</control>
						<control type="image">
							<left>125</left>
							<top>35</top>
							<width>70</width>
							<height>70</height>
							<aspectratio>keep</aspectratio>
							<texture>$INFO[Window.Property(Hourly.2.OutlookIcon)]</texture>
						</control>
						<control type="label">
							<left>30</left>
							<top>32</top>
							<width>170</width>
							<height>20</height>
							<font>FontSize_18</font>
							<textcolor>ddC6C6C8</textcolor>
							<align>left</align>
							<aligny>center</aligny>
							<scroll>false</scroll>
							<label>$INFO[Window.Property(Hourly.2.Outlook)]</label>
						</control>
						<control type="label">
							<left>30</left>
							<top>8</top>
							<width>170</width>
							<height>30</height>
							<font>FontSize_18</font>
							<textcolor>white</textcolor>
							<align>left</align>
							<aligny>center</aligny>
							<label>$INFO[Window.Property(Hourly.2.ShortDate)]</label>
						</control>
						<control type="label">
							<left>25</left>
							<top>0</top>
							<width>170</width>
							<height>30</height>
							<font>FontSize_24</font>
							<textcolor>white</textcolor>
							<align>right</align>
							<aligny>center</aligny>
							<label>$INFO[Window.Property(Hourly.2.Time)]</label>
						</control>
						<control type="label">
							<left>30</left>
							<top>70</top>
							<width>170</width>
							<height>20</height>
							<font>FontSize_16</font>
							<textcolor>white</textcolor>
							<align>left</align>
							<aligny>center</aligny>
							<label>$INFO[Window.Property(Hourly.2.Temperature),[COLOR=ddC6C6C8]$LOCALIZE[419]:[/COLOR] ,]</label>
						</control>
						<control type="label">
							<left>30</left>
							<top>89</top>
							<width>170</width>
							<height>20</height>
							<font>FontSize_16</font>
							<textcolor>white</textcolor>
							<align>left</align>
							<aligny>center</aligny>
							<label>$INFO[Window.Property(Hourly.2.FeelsLike),[COLOR=ddC6C6C8]$LOCALIZE[402]:[/COLOR] ,]</label>
						</control>
						<control type="label">
							<left>30</left>
							<top>108</top>
							<width>170</width>
							<height>20</height>
							<font>FontSize_16</font>
							<textcolor>white</textcolor>
							<align>left</align>
							<aligny>center</aligny>
							<label>$INFO[Window.Property(Hourly.2.Humidity),[COLOR=ddC6C6C8]$LOCALIZE[406]:[/COLOR] ,]</label>
						</control>
						<control type="label">
							<left>30</left>
							<top>127</top>
							<width>170</width>
							<height>20</height>
							<font>FontSize_16</font>
							<textcolor>white</textcolor>
							<align>left</align>
							<aligny>center</aligny>
							<label>[COLOR=ddC6C6C8]$LOCALIZE[383]:[/COLOR] $INFO[Window.Property(Hourly.2.ShortWindDirection)] $INFO[Window.Property(Hourly.2.WindSpeed)]</label>
						</control>
					</control>
	
					<control type="group">
					  <description>Next 3 Hour Data</description>
						<left>428</left>
						<top>0</top>
						<control type="image">
							<left>5</left>
							<top>-20</top>
							<width>215</width>
							<height>190</height>
							<aspectratio align="center" aligny="center">stretch</aspectratio>
							<texture border="25">windows/weather/day_panel_small.png</texture>
						</control>
						<control type="image">
							<left>125</left>
							<top>35</top>
							<width>70</width>
							<height>70</height>
							<aspectratio>keep</aspectratio>
							<texture>$INFO[Window.Property(Hourly.3.OutlookIcon)]</texture>
						</control>
						<control type="label">
							<left>30</left>
							<top>32</top>
							<width>170</width>
							<height>20</height>
							<font>FontSize_18</font>
							<textcolor>ddC6C6C8</textcolor>
							<align>left</align>
							<aligny>center</aligny>
							<scroll>false</scroll>
							<label>$INFO[Window.Property(Hourly.3.Outlook)]</label>
						</control>
						<control type="label">
							<left>30</left>
							<top>8</top>
							<width>170</width>
							<height>30</height>
							<font>FontSize_18</font>
							<textcolor>white</textcolor>
							<align>left</align>
							<aligny>center</aligny>
							<label>$INFO[Window.Property(Hourly.3.ShortDate)]</label>
						</control>
						<control type="label">
							<left>25</left>
							<top>0</top>
							<width>170</width>
							<height>30</height>
							<font>FontSize_24</font>
							<textcolor>white</textcolor>
							<align>right</align>
							<aligny>center</aligny>
							<label>$INFO[Window.Property(Hourly.3.Time)]</label>
						</control>
						<control type="label">
							<left>30</left>
							<top>70</top>
							<width>170</width>
							<height>20</height>
							<font>FontSize_16</font>
							<textcolor>white</textcolor>
							<align>left</align>
							<aligny>center</aligny>
							<label>$INFO[Window.Property(Hourly.3.Temperature),[COLOR=ddC6C6C8]$LOCALIZE[419]:[/COLOR] ,]</label>
						</control>
						<control type="label">
							<left>30</left>
							<top>89</top>
							<width>170</width>
							<height>20</height>
							<font>FontSize_16</font>
							<textcolor>white</textcolor>
							<align>left</align>
							<aligny>center</aligny>
							<label>$INFO[Window.Property(Hourly.3.FeelsLike),[COLOR=ddC6C6C8]$LOCALIZE[402]:[/COLOR] ,]</label>
						</control>
						<control type="label">
							<left>30</left>
							<top>108</top>
							<width>170</width>
							<height>20</height>
							<font>FontSize_16</font>
							<textcolor>white</textcolor>
							<align>left</align>
							<aligny>center</aligny>
							<label>$INFO[Window.Property(Hourly.3.Humidity),[COLOR=ddC6C6C8]$LOCALIZE[406]:[/COLOR] ,]</label>
						</control>
						<control type="label">
							<left>30</left>
							<top>127</top>
							<width>170</width>
							<height>20</height>
							<font>FontSize_16</font>
							<textcolor>white</textcolor>
							<align>left</align>
							<aligny>center</aligny>
							<label>[COLOR=ddC6C6C8]$LOCALIZE[383]:[/COLOR] $INFO[Window.Property(Hourly.3.ShortWindDirection)] $INFO[Window.Property(Hourly.3.WindSpeed)]</label>
						</control>
					</control>
	
					<control type="group">
					  <description>Next 4 Hour Data</description>
						<left>628</left>
						<top>0</top>
						<control type="image">
							<left>5</left>
							<top>-20</top>
							<width>215</width>
							<height>190</height>
							<aspectratio align="center" aligny="center">stretch</aspectratio>
							<texture border="25">windows/weather/day_panel_small.png</texture>
						</control>
						<control type="image">
							<left>125</left>
							<top>35</top>
							<width>70</width>
							<height>70</height>
							<aspectratio>keep</aspectratio>
							<texture>$INFO[Window.Property(Hourly.4.OutlookIcon)]</texture>
						</control>
						<control type="label">
							<left>30</left>
							<top>32</top>
							<width>170</width>
							<height>20</height>
							<font>FontSize_18</font>
							<textcolor>ddC6C6C8</textcolor>
							<align>left</align>
							<aligny>center</aligny>
							<scroll>false</scroll>
							<label>$INFO[Window.Property(Hourly.4.Outlook)]</label>
						</control>
						<control type="label">
							<left>30</left>
							<top>8</top>
							<width>170</width>
							<height>30</height>
							<font>FontSize_18</font>
							<textcolor>white</textcolor>
							<align>left</align>
							<aligny>center</aligny>
							<label>$INFO[Window.Property(Hourly.4.ShortDate)]</label>
						</control>
						<control type="label">
							<left>25</left>
							<top>0</top>
							<width>170</width>
							<height>30</height>
							<font>FontSize_24</font>
							<textcolor>white</textcolor>
							<align>right</align>
							<aligny>center</aligny>
							<label>$INFO[Window.Property(Hourly.4.Time)]</label>
						</control>
						<control type="label">
							<left>30</left>
							<top>70</top>
							<width>170</width>
							<height>20</height>
							<font>FontSize_16</font>
							<textcolor>white</textcolor>
							<align>left</align>
							<aligny>center</aligny>
							<label>$INFO[Window.Property(Hourly.4.Temperature),[COLOR=ddC6C6C8]$LOCALIZE[419]:[/COLOR] ,]</label>
						</control>
						<control type="label">
							<left>30</left>
							<top>89</top>
							<width>170</width>
							<height>20</height>
							<font>FontSize_16</font>
							<textcolor>white</textcolor>
							<align>left</align>
							<aligny>center</aligny>
							<label>$INFO[Window.Property(Hourly.4.FeelsLike),[COLOR=ddC6C6C8]$LOCALIZE[402]:[/COLOR] ,]</label>
						</control>
						<control type="label">
							<left>30</left>
							<top>108</top>
							<width>170</width>
							<height>20</height>
							<font>FontSize_16</font>
							<textcolor>white</textcolor>
							<align>left</align>
							<aligny>center</aligny>
							<label>$INFO[Window.Property(Hourly.4.Humidity),[COLOR=ddC6C6C8]$LOCALIZE[406]:[/COLOR] ,]</label>
						</control>
						<control type="label">
							<left>30</left>
							<top>127</top>
							<width>170</width>
							<height>20</height>
							<font>FontSize_16</font>
							<textcolor>white</textcolor>
							<align>left</align>
							<aligny>center</aligny>
							<label>[COLOR=ddC6C6C8]$LOCALIZE[383]:[/COLOR] $INFO[Window.Property(Hourly.4.ShortWindDirection)] $INFO[Window.Property(Hourly.4.WindSpeed)]</label>
						</control>
					</control>
	
					<control type="group">
					  <description>Next 5 Hour Data</description>
						<left>830</left>
						<top>0</top>
						<control type="image">
							<left>5</left>
							<top>-20</top>
							<width>215</width>
							<height>190</height>
							<aspectratio align="center" aligny="center">stretch</aspectratio>
							<texture border="25">windows/weather/day_panel_small.png</texture>
						</control>
						<control type="image">
							<left>125</left>
							<top>35</top>
							<width>70</width>
							<height>70</height>
							<aspectratio>keep</aspectratio>
							<texture>$INFO[Window.Property(Hourly.5.OutlookIcon)]</texture>
						</control>
						<control type="label">
							<left>30</left>
							<top>32</top>
							<width>170</width>
							<height>20</height>
							<font>FontSize_18</font>
							<textcolor>ddC6C6C8</textcolor>
							<align>left</align>
							<aligny>center</aligny>
							<scroll>false</scroll>
							<label>$INFO[Window.Property(Hourly.5.Outlook)]</label>
						</control>
						<control type="label">
							<left>30</left>
							<top>8</top>
							<width>170</width>
							<height>30</height>
							<font>FontSize_18</font>
							<textcolor>white</textcolor>
							<align>left</align>
							<aligny>center</aligny>
							<label>$INFO[Window.Property(Hourly.5.ShortDate)]</label>
						</control>
						<control type="label">
							<left>25</left>
							<top>0</top>
							<width>170</width>
							<height>30</height>
							<font>FontSize_24</font>
							<textcolor>white</textcolor>
							<align>right</align>
							<aligny>center</aligny>
							<label>$INFO[Window.Property(Hourly.5.Time)]</label>
						</control>
						<control type="label">
							<left>30</left>
							<top>70</top>
							<width>170</width>
							<height>20</height>
							<font>FontSize_16</font>
							<textcolor>white</textcolor>
							<align>left</align>
							<aligny>center</aligny>
							<label>$INFO[Window.Property(Hourly.5.Temperature),[COLOR=ddC6C6C8]$LOCALIZE[419]:[/COLOR] ,]</label>
						</control>
						<control type="label">
							<left>30</left>
							<top>89</top>
							<width>170</width>
							<height>20</height>
							<font>FontSize_16</font>
							<textcolor>white</textcolor>
							<align>left</align>
							<aligny>center</aligny>
							<label>$INFO[Window.Property(Hourly.5.FeelsLike),[COLOR=ddC6C6C8]$LOCALIZE[402]:[/COLOR] ,]</label>
						</control>
						<control type="label">
							<left>30</left>
							<top>108</top>
							<width>170</width>
							<height>20</height>
							<font>FontSize_16</font>
							<textcolor>white</textcolor>
							<align>left</align>
							<aligny>center</aligny>
							<label>$INFO[Window.Property(Hourly.5.Humidity),[COLOR=ddC6C6C8]$LOCALIZE[406]:[/COLOR] ,]</label>
						</control>
						<control type="label">
							<left>30</left>
							<top>127</top>
							<width>170</width>
							<height>20</height>
							<font>FontSize_16</font>
							<textcolor>white</textcolor>
							<align>left</align>
							<aligny>center</aligny>
							<label>[COLOR=ddC6C6C8]$LOCALIZE[383]:[/COLOR] $INFO[Window.Property(Hourly.5.ShortWindDirection)] $INFO[Window.Property(Hourly.5.WindSpeed)]</label>
						</control>
					</control>
					
					<control type="group">
					  <description>Next 6 Hour Data</description>
						<left>1031</left>
						<top>0</top>
						<control type="image">
							<left>5</left>
							<top>-20</top>
							<width>215</width>
							<height>190</height>
							<aspectratio align="center" aligny="center">stretch</aspectratio>
							<texture border="25">windows/weather/day_panel_small.png</texture>
						</control>
						<control type="image">
							<left>125</left>
							<top>35</top>
							<width>70</width>
							<height>70</height>
							<aspectratio>keep</aspectratio>
							<texture>$INFO[Window.Property(Hourly.6.OutlookIcon)]</texture>
						</control>
						<control type="label">
							<left>30</left>
							<top>32</top>
							<width>170</width>
							<height>20</height>
							<font>FontSize_18</font>
							<textcolor>ddC6C6C8</textcolor>
							<align>left</align>
							<aligny>center</aligny>
							<scroll>false</scroll>
							<label>$INFO[Window.Property(Hourly.6.Outlook)]</label>
						</control>
						<control type="label">
							<left>30</left>
							<top>8</top>
							<width>170</width>
							<height>30</height>
							<font>FontSize_18</font>
							<textcolor>white</textcolor>
							<align>left</align>
							<aligny>center</aligny>
							<label>$INFO[Window.Property(Hourly.6.ShortDate)]</label>
						</control>
						<control type="label">
							<left>25</left>
							<top>0</top>
							<width>170</width>
							<height>30</height>
							<font>FontSize_24</font>
							<textcolor>white</textcolor>
							<align>right</align>
							<aligny>center</aligny>
							<label>$INFO[Window.Property(Hourly.6.Time)]</label>
						</control>
						<control type="label">
							<left>30</left>
							<top>70</top>
							<width>170</width>
							<height>20</height>
							<font>FontSize_16</font>
							<textcolor>white</textcolor>
							<align>left</align>
							<aligny>center</aligny>
							<label>$INFO[Window.Property(Hourly.6.Temperature),[COLOR=ddC6C6C8]$LOCALIZE[419]:[/COLOR] ,]</label>
						</control>
						<control type="label">
							<left>30</left>
							<top>89</top>
							<width>170</width>
							<height>20</height>
							<font>FontSize_16</font>
							<textcolor>white</textcolor>
							<align>left</align>
							<aligny>center</aligny>
							<label>$INFO[Window.Property(Hourly.6.FeelsLike),[COLOR=ddC6C6C8]$LOCALIZE[402]:[/COLOR] ,]</label>
						</control>
						<control type="label">
							<left>30</left>
							<top>108</top>
							<width>170</width>
							<height>20</height>
							<font>FontSize_16</font>
							<textcolor>white</textcolor>
							<align>left</align>
							<aligny>center</aligny>
							<label>$INFO[Window.Property(Hourly.6.Humidity),[COLOR=ddC6C6C8]$LOCALIZE[406]:[/COLOR] ,]</label>
						</control>
						<control type="label">
							<left>30</left>
							<top>127</top>
							<width>170</width>
							<height>20</height>
							<font>FontSize_16</font>
							<textcolor>white</textcolor>
							<align>left</align>
							<aligny>center</aligny>
							<label>[COLOR=ddC6C6C8]$LOCALIZE[383]:[/COLOR] $INFO[Window.Property(Hourly.6.ShortWindDirection)] $INFO[Window.Property(Hourly.6.WindSpeed)]</label>
						</control>
					</control>
					
					<!--- Bottom Row -->
					<control type="group">
					  <description>Next 7 Hour Data</description>
						<left>24</left>
						<top>176</top>
						<control type="image">
							<left>5</left>
							<top>-20</top>
							<width>215</width>
							<height>190</height>
							<aspectratio align="center" aligny="center">stretch</aspectratio>
							<texture border="25">windows/weather/day_panel_small.png</texture>
						</control>
						<control type="image">
							<left>125</left>
							<top>35</top>
							<width>70</width>
							<height>70</height>
							<aspectratio>keep</aspectratio>
							<texture>$INFO[Window.Property(Hourly.7.OutlookIcon)]</texture>
						</control>
						<control type="label">
							<left>30</left>
							<top>32</top>
							<width>170</width>
							<height>20</height>
							<font>FontSize_18</font>
							<textcolor>ddC6C6C8</textcolor>
							<align>left</align>
							<aligny>center</aligny>
							<scroll>false</scroll>
							<label>$INFO[Window.Property(Hourly.7.Outlook)]</label>
						</control>
						<control type="label">
							<left>30</left>
							<top>8</top>
							<width>170</width>
							<height>30</height>
							<font>FontSize_18</font>
							<textcolor>white</textcolor>
							<align>left</align>
							<aligny>center</aligny>
							<label>$INFO[Window.Property(Hourly.7.ShortDate)]</label>
						</control>
						<control type="label">
							<left>25</left>
							<top>0</top>
							<width>170</width>
							<height>30</height>
							<font>FontSize_24</font>
							<textcolor>white</textcolor>
							<align>right</align>
							<aligny>center</aligny>
							<label>$INFO[Window.Property(Hourly.7.Time)]</label>
						</control>
						<control type="label">
							<left>30</left>
							<top>70</top>
							<width>170</width>
							<height>20</height>
							<font>FontSize_16</font>
							<textcolor>white</textcolor>
							<align>left</align>
							<aligny>center</aligny>
							<label>$INFO[Window.Property(Hourly.7.Temperature),[COLOR=ddC6C6C8]$LOCALIZE[419]:[/COLOR] ,]</label>
						</control>
						<control type="label">
							<left>30</left>
							<top>89</top>
							<width>170</width>
							<height>20</height>
							<font>FontSize_16</font>
							<textcolor>white</textcolor>
							<align>left</align>
							<aligny>center</aligny>
							<label>$INFO[Window.Property(Hourly.7.FeelsLike),[COLOR=ddC6C6C8]$LOCALIZE[402]:[/COLOR] ,]</label>
						</control>
						<control type="label">
							<left>30</left>
							<top>108</top>
							<width>170</width>
							<height>20</height>
							<font>FontSize_16</font>
							<textcolor>white</textcolor>
							<align>left</align>
							<aligny>center</aligny>
							<label>$INFO[Window.Property(Hourly.7.Humidity),[COLOR=ddC6C6C8]$LOCALIZE[406]:[/COLOR] ,]</label>
						</control>
						<control type="label">
							<left>30</left>
							<top>127</top>
							<width>170</width>
							<height>20</height>
							<font>FontSize_16</font>
							<textcolor>white</textcolor>
							<align>left</align>
							<aligny>center</aligny>
							<label>[COLOR=ddC6C6C8]$LOCALIZE[383]:[/COLOR] $INFO[Window.Property(Hourly.7.ShortWindDirection)] $INFO[Window.Property(Hourly.7.WindSpeed)]</label>
						</control>
					</control>
	
					<control type="group">
					  <description>Next 8 Hour Data</description>
						<left>226</left>
						<top>176</top>
						<control type="image">
							<left>5</left>
							<top>-20</top>
							<width>215</width>
							<height>190</height>
							<aspectratio align="center" aligny="center">stretch</aspectratio>
							<texture border="25">windows/weather/day_panel_small.png</texture>
						</control>
						<control type="image">
							<left>125</left>
							<top>35</top>
							<width>70</width>
							<height>70</height>
							<aspectratio>keep</aspectratio>
							<texture>$INFO[Window.Property(Hourly.8.OutlookIcon)]</texture>
						</control>
						<control type="label">
							<left>30</left>
							<top>32</top>
							<width>170</width>
							<height>20</height>
							<font>FontSize_18</font>
							<textcolor>ddC6C6C8</textcolor>
							<align>left</align>
							<aligny>center</aligny>
							<scroll>false</scroll>
							<label>$INFO[Window.Property(Hourly.8.Outlook)]</label>
						</control>
						<control type="label">
							<left>30</left>
							<top>8</top>
							<width>170</width>
							<height>30</height>
							<font>FontSize_18</font>
							<textcolor>white</textcolor>
							<align>left</align>
							<aligny>center</aligny>
							<label>$INFO[Window.Property(Hourly.8.ShortDate)]</label>
						</control>
						<control type="label">
							<left>25</left>
							<top>0</top>
							<width>170</width>
							<height>30</height>
							<font>FontSize_24</font>
							<textcolor>white</textcolor>
							<align>right</align>
							<aligny>center</aligny>
							<label>$INFO[Window.Property(Hourly.8.Time)]</label>
						</control>
						<control type="label">
							<left>30</left>
							<top>70</top>
							<width>170</width>
							<height>20</height>
							<font>FontSize_16</font>
							<textcolor>white</textcolor>
							<align>left</align>
							<aligny>center</aligny>
							<label>$INFO[Window.Property(Hourly.8.Temperature),[COLOR=ddC6C6C8]$LOCALIZE[419]:[/COLOR] ,]</label>
						</control>
						<control type="label">
							<left>30</left>
							<top>89</top>
							<width>170</width>
							<height>20</height>
							<font>FontSize_16</font>
							<textcolor>white</textcolor>
							<align>left</align>
							<aligny>center</aligny>
							<label>$INFO[Window.Property(Hourly.8.FeelsLike),[COLOR=ddC6C6C8]$LOCALIZE[402]:[/COLOR] ,]</label>
						</control>
						<control type="label">
							<left>30</left>
							<top>108</top>
							<width>170</width>
							<height>20</height>
							<font>FontSize_16</font>
							<textcolor>white</textcolor>
							<align>left</align>
							<aligny>center</aligny>
							<label>$INFO[Window.Property(Hourly.8.Humidity),[COLOR=ddC6C6C8]$LOCALIZE[406]:[/COLOR] ,]</label>
						</control>
						<control type="label">
							<left>30</left>
							<top>127</top>
							<width>170</width>
							<height>20</height>
							<font>FontSize_16</font>
							<textcolor>white</textcolor>
							<align>left</align>
							<aligny>center</aligny>
							<label>[COLOR=ddC6C6C8]$LOCALIZE[383]:[/COLOR] $INFO[Window.Property(Hourly.8.ShortWindDirection)] $INFO[Window.Property(Hourly.8.WindSpeed)]</label>
						</control>
					</control>
	
					<control type="group">
					  <description>Next 9 Hour Data</description>
						<left>428</left>
						<top>176</top>
						<control type="image">
							<left>5</left>
							<top>-20</top>
							<width>215</width>
							<height>190</height>
							<aspectratio align="center" aligny="center">stretch</aspectratio>
							<texture border="25">windows/weather/day_panel_small.png</texture>
						</control>
						<control type="image">
							<left>125</left>
							<top>35</top>
							<width>70</width>
							<height>70</height>
							<aspectratio>keep</aspectratio>
							<texture>$INFO[Window.Property(Hourly.9.OutlookIcon)]</texture>
						</control>
						<control type="label">
							<left>30</left>
							<top>32</top>
							<width>170</width>
							<height>20</height>
							<font>FontSize_18</font>
							<textcolor>ddC6C6C8</textcolor>
							<align>left</align>
							<aligny>center</aligny>
							<scroll>false</scroll>
							<label>$INFO[Window.Property(Hourly.9.Outlook)]</label>
						</control>
						<control type="label">
							<left>30</left>
							<top>8</top>
							<width>170</width>
							<height>30</height>
							<font>FontSize_18</font>
							<textcolor>white</textcolor>
							<align>left</align>
							<aligny>center</aligny>
							<label>$INFO[Window.Property(Hourly.9.ShortDate)]</label>
						</control>
						<control type="label">
							<left>25</left>
							<top>0</top>
							<width>170</width>
							<height>30</height>
							<font>FontSize_24</font>
							<textcolor>white</textcolor>
							<align>right</align>
							<aligny>center</aligny>
							<label>$INFO[Window.Property(Hourly.9.Time)]</label>
						</control>
						<control type="label">
							<left>30</left>
							<top>70</top>
							<width>170</width>
							<height>20</height>
							<font>FontSize_16</font>
							<textcolor>white</textcolor>
							<align>left</align>
							<aligny>center</aligny>
							<label>$INFO[Window.Property(Hourly.9.Temperature),[COLOR=ddC6C6C8]$LOCALIZE[419]:[/COLOR] ,]</label>
						</control>
						<control type="label">
							<left>30</left>
							<top>89</top>
							<width>170</width>
							<height>20</height>
							<font>FontSize_16</font>
							<textcolor>white</textcolor>
							<align>left</align>
							<aligny>center</aligny>
							<label>$INFO[Window.Property(Hourly.9.FeelsLike),[COLOR=ddC6C6C8]$LOCALIZE[402]:[/COLOR] ,]</label>
						</control>
						<control type="label">
							<left>30</left>
							<top>108</top>
							<width>170</width>
							<height>20</height>
							<font>FontSize_16</font>
							<textcolor>white</textcolor>
							<align>left</align>
							<aligny>center</aligny>
							<label>$INFO[Window.Property(Hourly.9.Humidity),[COLOR=ddC6C6C8]$LOCALIZE[406]:[/COLOR] ,]</label>
						</control>
						<control type="label">
							<left>30</left>
							<top>127</top>
							<width>170</width>
							<height>20</height>
							<font>FontSize_16</font>
							<textcolor>white</textcolor>
							<align>left</align>
							<aligny>center</aligny>
							<label>[COLOR=ddC6C6C8]$LOCALIZE[383]:[/COLOR] $INFO[Window.Property(Hourly.9.ShortWindDirection)] $INFO[Window.Property(Hourly.9.WindSpeed)]</label>
						</control>
					</control>
	
					<control type="group">
					  <description>Next 10 Hour Data</description>
						<left>628</left>
						<top>176</top>
						<control type="image">
							<left>5</left>
							<top>-20</top>
							<width>215</width>
							<height>190</height>
							<aspectratio align="center" aligny="center">stretch</aspectratio>
							<texture border="25">windows/weather/day_panel_small.png</texture>
						</control>
						<control type="image">
							<left>125</left>
							<top>35</top>
							<width>70</width>
							<height>70</height>
							<aspectratio>keep</aspectratio>
							<texture>$INFO[Window.Property(Hourly.10.OutlookIcon)]</texture>
						</control>
						<control type="label">
							<left>30</left>
							<top>32</top>
							<width>170</width>
							<height>20</height>
							<font>FontSize_18</font>
							<textcolor>ddC6C6C8</textcolor>
							<align>left</align>
							<aligny>center</aligny>
							<scroll>false</scroll>
							<label>$INFO[Window.Property(Hourly.10.Outlook)]</label>
						</control>
						<control type="label">
							<left>30</left>
							<top>8</top>
							<width>170</width>
							<height>30</height>
							<font>FontSize_18</font>
							<textcolor>white</textcolor>
							<align>left</align>
							<aligny>center</aligny>
							<label>$INFO[Window.Property(Hourly.10.ShortDate)]</label>
						</control>
						<control type="label">
							<left>25</left>
							<top>0</top>
							<width>170</width>
							<height>30</height>
							<font>FontSize_24</font>
							<textcolor>white</textcolor>
							<align>right</align>
							<aligny>center</aligny>
							<label>$INFO[Window.Property(Hourly.10.Time)]</label>
						</control>
						<control type="label">
							<left>30</left>
							<top>70</top>
							<width>170</width>
							<height>20</height>
							<font>FontSize_16</font>
							<textcolor>white</textcolor>
							<align>left</align>
							<aligny>center</aligny>
							<label>$INFO[Window.Property(Hourly.10.Temperature),[COLOR=ddC6C6C8]$LOCALIZE[419]:[/COLOR] ,]</label>
						</control>
						<control type="label">
							<left>30</left>
							<top>89</top>
							<width>170</width>
							<height>20</height>
							<font>FontSize_16</font>
							<textcolor>white</textcolor>
							<align>left</align>
							<aligny>center</aligny>
							<label>$INFO[Window.Property(Hourly.10.FeelsLike),[COLOR=ddC6C6C8]$LOCALIZE[402]:[/COLOR] ,]</label>
						</control>
						<control type="label">
							<left>30</left>
							<top>108</top>
							<width>170</width>
							<height>20</height>
							<font>FontSize_16</font>
							<textcolor>white</textcolor>
							<align>left</align>
							<aligny>center</aligny>
							<label>$INFO[Window.Property(Hourly.10.Humidity),[COLOR=ddC6C6C8]$LOCALIZE[406]:[/COLOR] ,]</label>
						</control>
						<control type="label">
							<left>30</left>
							<top>127</top>
							<width>170</width>
							<height>20</height>
							<font>FontSize_16</font>
							<textcolor>white</textcolor>
							<align>left</align>
							<aligny>center</aligny>
							<label>[COLOR=ddC6C6C8]$LOCALIZE[383]:[/COLOR] $INFO[Window.Property(Hourly.10.ShortWindDirection)] $INFO[Window.Property(Hourly.10.WindSpeed)]</label>
						</control>
					</control>
	
					<control type="group">
					  <description>Next 11 Hour Data</description>
						<left>830</left>
						<top>176</top>
						<control type="image">
							<left>5</left>
							<top>-20</top>
							<width>215</width>
							<height>190</height>
							<aspectratio align="center" aligny="center">stretch</aspectratio>
							<texture border="25">windows/weather/day_panel_small.png</texture>
						</control>
						<control type="image">
							<left>125</left>
							<top>35</top>
							<width>70</width>
							<height>70</height>
							<aspectratio>keep</aspectratio>
							<texture>$INFO[Window.Property(Hourly.11.OutlookIcon)]</texture>
						</control>
						<control type="label">
							<left>30</left>
							<top>32</top>
							<width>170</width>
							<height>20</height>
							<font>FontSize_18</font>
							<textcolor>ddC6C6C8</textcolor>
							<align>left</align>
							<aligny>center</aligny>
							<scroll>false</scroll>
							<label>$INFO[Window.Property(Hourly.11.Outlook)]</label>
						</control>
						<control type="label">
							<left>30</left>
							<top>8</top>
							<width>170</width>
							<height>30</height>
							<font>FontSize_18</font>
							<textcolor>white</textcolor>
							<align>left</align>
							<aligny>center</aligny>
							<label>$INFO[Window.Property(Hourly.11.ShortDate)]</label>
						</control>
						<control type="label">
							<left>25</left>
							<top>0</top>
							<width>170</width>
							<height>30</height>
							<font>FontSize_24</font>
							<textcolor>white</textcolor>
							<align>right</align>
							<aligny>center</aligny>
							<label>$INFO[Window.Property(Hourly.11.Time)]</label>
						</control>
						<control type="label">
							<left>30</left>
							<top>70</top>
							<width>170</width>
							<height>20</height>
							<font>FontSize_16</font>
							<textcolor>white</textcolor>
							<align>left</align>
							<aligny>center</aligny>
							<label>$INFO[Window.Property(Hourly.11.Temperature),[COLOR=ddC6C6C8]$LOCALIZE[419]:[/COLOR] ,]</label>
						</control>
						<control type="label">
							<left>30</left>
							<top>89</top>
							<width>170</width>
							<height>20</height>
							<font>FontSize_16</font>
							<textcolor>white</textcolor>
							<align>left</align>
							<aligny>center</aligny>
							<label>$INFO[Window.Property(Hourly.11.FeelsLike),[COLOR=ddC6C6C8]$LOCALIZE[402]:[/COLOR] ,]</label>
						</control>
						<control type="label">
							<left>30</left>
							<top>108</top>
							<width>170</width>
							<height>20</height>
							<font>FontSize_16</font>
							<textcolor>white</textcolor>
							<align>left</align>
							<aligny>center</aligny>
							<label>$INFO[Window.Property(Hourly.11.Humidity),[COLOR=ddC6C6C8]$LOCALIZE[406]:[/COLOR] ,]</label>
						</control>
						<control type="label">
							<left>30</left>
							<top>127</top>
							<width>170</width>
							<height>20</height>
							<font>FontSize_16</font>
							<textcolor>white</textcolor>
							<align>left</align>
							<aligny>center</aligny>
							<label>[COLOR=ddC6C6C8]$LOCALIZE[383]:[/COLOR] $INFO[Window.Property(Hourly.11.ShortWindDirection)] $INFO[Window.Property(Hourly.11.WindSpeed)]</label>
						</control>
					</control>
	
					<control type="group">
					  <description>Next 12 Hour Data</description>
						<left>1031</left>
						<top>176</top>
						<control type="image">
							<left>5</left>
							<top>-20</top>
							<width>215</width>
							<height>190</height>
							<aspectratio align="center" aligny="center">stretch</aspectratio>
							<texture border="25">windows/weather/day_panel_small.png</texture>
						</control>
						<control type="image">
							<left>125</left>
							<top>35</top>
							<width>70</width>
							<height>70</height>
							<aspectratio>keep</aspectratio>
							<texture>$INFO[Window.Property(Hourly.12.OutlookIcon)]</texture>
						</control>
						<control type="label">
							<left>30</left>
							<top>32</top>
							<width>170</width>
							<height>20</height>
							<font>FontSize_18</font>
							<textcolor>ddC6C6C8</textcolor>
							<align>left</align>
							<aligny>center</aligny>
							<scroll>false</scroll>
							<label>$INFO[Window.Property(Hourly.12.Outlook)]</label>
						</control>
						<control type="label">
							<left>30</left>
							<top>8</top>
							<width>170</width>
							<height>30</height>
							<font>FontSize_18</font>
							<textcolor>white</textcolor>
							<align>left</align>
							<aligny>center</aligny>
							<label>$INFO[Window.Property(Hourly.12.ShortDate)]</label>
						</control>
						<control type="label">
							<left>25</left>
							<top>0</top>
							<width>170</width>
							<height>30</height>
							<font>FontSize_24</font>
							<textcolor>white</textcolor>
							<align>right</align>
							<aligny>center</aligny>
							<label>$INFO[Window.Property(Hourly.12.Time)]</label>
						</control>
						<control type="label">
							<left>30</left>
							<top>70</top>
							<width>170</width>
							<height>20</height>
							<font>FontSize_16</font>
							<textcolor>white</textcolor>
							<align>left</align>
							<aligny>center</aligny>
							<label>$INFO[Window.Property(Hourly.12.Temperature),[COLOR=ddC6C6C8]$LOCALIZE[419]:[/COLOR] ,]</label>
						</control>
						<control type="label">
							<left>30</left>
							<top>89</top>
							<width>170</width>
							<height>20</height>
							<font>FontSize_16</font>
							<textcolor>white</textcolor>
							<align>left</align>
							<aligny>center</aligny>
							<label>$INFO[Window.Property(Hourly.12.FeelsLike),[COLOR=ddC6C6C8]$LOCALIZE[402]:[/COLOR] ,]</label>
						</control>
						<control type="label">
							<left>30</left>
							<top>108</top>
							<width>170</width>
							<height>20</height>
							<font>FontSize_16</font>
							<textcolor>white</textcolor>
							<align>left</align>
							<aligny>center</aligny>
							<label>$INFO[Window.Property(Hourly.12.Humidity),[COLOR=ddC6C6C8]$LOCALIZE[406]:[/COLOR] ,]</label>
						</control>
						<control type="label">
							<left>30</left>
							<top>127</top>
							<width>170</width>
							<height>20</height>
							<font>FontSize_16</font>
							<textcolor>white</textcolor>
							<align>left</align>
							<aligny>center</aligny>
							<label>[COLOR=ddC6C6C8]$LOCALIZE[383]:[/COLOR] $INFO[Window.Property(Hourly.12.ShortWindDirection)] $INFO[Window.Property(Hourly.12.WindSpeed)]</label>
						</control>
					</control>
			  </control>			
			</control>
	
	    <!-- 10-Days Forecast -->
			<control type="group" id="50">
				<description>10Days</description>
        <visible>Skin.String(WeatherUnderground,4) + Weather.IsFetched + !IsEmpty(Window(Weather).Property(Daily.IsFetched)) + ![IsEmpty(Window(Weather).Property(Current.Condition)) | IsEmpty(Window(Weather).Property(Location))]</visible>
				<include>Window_OpenClose_Animation</include>
				<control type="list" id="51">
					<left>12</left>
					<top>280</top>
					<width>1240</width>
					<height>360</height>
					<onleft>51</onleft>
					<onright>51</onright>
					<onup condition="!SubString(Window(Weather).Property(Current.ConditionIcon),na)">9111</onup>
					<ondown>noop</ondown>
					<itemgap>3</itemgap>
					<preloaditems>4</preloaditems>
					<orientation>horizontal</orientation>
					<viewtype label="535">list</viewtype>
				  <scrolltime tween="cubic" easing="out">350</scrolltime>
					<itemlayout width="310">
					<control type="image">
						<left>10</left>
						<top>-5</top>
						<width>305</width>
						<height>355</height>
						<aspectratio align="center" aligny="center">stretch</aspectratio>
						<texture border="25">windows/weather/day_panel.png</texture>
					</control>
					<control type="label">
					  <left>280</left>
						<top>10</top>
						<width>200</width>
						<height>60</height>
						<font>FontSize_24</font>
						<textcolor>white</textcolor>
		        <shadowcolor>99000000</shadowcolor>
						<align>right</align>
						<aligny>center</aligny>
						<label>$INFO[ListItem.Label2]</label>
					</control>
					<control type="label">
					  <left>280</left>
						<top>35</top>
						<width>200</width>
						<height>60</height>
						<font>FontSize_22</font>
						<textcolor>ddC6C6C8</textcolor>
		        <shadowcolor>99000000</shadowcolor>
						<align>right</align>
						<aligny>center</aligny>
						<label>$INFO[ListItem.Label]</label>
					</control>
					<control type="label">
					  <left>165</left>
						<top>160</top>
						<width>245</width>
						<height>60</height>
						<font>FontSize_24</font>
						<textcolor>white</textcolor>
		        <shadowcolor>99000000</shadowcolor>
						<align>center</align>
						<aligny>center</aligny>
						<scroll>false</scroll>
						<label>$INFO[ListItem.Property(Outlook)]</label>
					</control>
					<control type="group">
						<left>45</left>
						<control type="label">
							<top>215</top>
							<width>260</width>
							<height>30</height>
							<font>FontSize_18</font>
							<textcolor>white</textcolor>
			        <shadowcolor>99000000</shadowcolor>
							<align>left</align>
							<aligny>center</aligny>
							<label>$INFO[ListItem.Property(HighTemperature)]</label>
						</control>
						<control type="label">
							<top>240</top>
							<width>235</width>
							<height>30</height>
							<font>FontSize_18</font>
							<textcolor>white</textcolor>
			        <shadowcolor>99000000</shadowcolor>
							<align>left</align>
							<aligny>center</aligny>
							<label>$INFO[ListItem.Property(LowTemperature)]</label>
						</control>
						<control type="label">
							<top>265</top>
							<width>590</width>
							<height>30</height>
							<font>FontSize_18</font>
							<textcolor>white</textcolor>
			        <shadowcolor>99000000</shadowcolor>
							<align>left</align>
							<label>$INFO[ListItem.ActualIcon]</label>
						</control>
						<control type="label">
							<top>290</top>
							<width>260</width>
							<height>30</height>
							<font>FontSize_18</font>
							<textcolor>white</textcolor>
			        <shadowcolor>99000000</shadowcolor>
							<align>left</align>
							<aligny>center</aligny>
							<label>$INFO[ListItem.Property(ChancePrecipitation)]</label>
						</control>
					</control>
					<control type="image">
						<left>45</left>
						<top>30</top>
						<width>130</width>
						<height>130</height>
						<aspectratio>keep</aspectratio>
						<texture>$INFO[ListItem.Thumb]</texture>
					</control>
					</itemlayout>
					<focusedlayout width="310">
						<control type="image">
							<left>10</left>
							<top>-5</top>
							<width>305</width>
							<height>355</height>
							<aspectratio align="center" aligny="center">stretch</aspectratio>
							<texture border="25">windows/weather/day_panel.png</texture>
						</control>
						<control type="image">
							<left>10</left>
							<top>-5</top>
							<width>305</width>
							<height>355</height>
							<aspectratio align="center" aligny="center">stretch</aspectratio>
							<texture border="25">windows/weather/day_panel_focus.png</texture>
							<animation effect="slide" start="70,0" end="0,0" time="350" reversible="false" tween="back" easing="out" condition="Container(51).OnPrevious">Focus</animation>
							<animation effect="slide" start="-70,0" end="0,0" time="350" reversible="false" tween="back" easing="out" condition="Container(51).OnNext">Focus</animation>
              <animation effect="fade" start="100" end="0" time="100" condition="ControlGroup(9111).HasFocus">Conditional</animation>
						</control>
						<control type="label">
						  <left>280</left>
							<top>10</top>
							<width>200</width>
							<height>60</height>
							<font>FontSize_24</font>
							<textcolor>white</textcolor>
			        <shadowcolor>99000000</shadowcolor>
							<align>right</align>
							<aligny>center</aligny>
							<label>$INFO[ListItem.Label2]</label>
						</control>
						<control type="label">
						  <left>280</left>
							<top>35</top>
							<width>200</width>
							<height>60</height>
							<font>FontSize_22</font>
							<textcolor>ddC6C6C8</textcolor>
			        <shadowcolor>99000000</shadowcolor>
							<align>right</align>
							<aligny>center</aligny>
							<label>$INFO[ListItem.Label]</label>
						</control>
						<control type="label">
						  <left>165</left>
							<top>160</top>
							<width>245</width>
							<height>60</height>
							<font>FontSize_24</font>
							<textcolor>white</textcolor>
			        <shadowcolor>99000000</shadowcolor>
							<align>center</align>
							<aligny>center</aligny>
							<scroll>false</scroll>
							<label>$INFO[ListItem.Property(Outlook)]</label>
						</control>
						<control type="group">
							<left>45</left>
							<control type="label">
								<top>215</top>
								<width>260</width>
								<height>30</height>
								<font>FontSize_18</font>
								<textcolor>white</textcolor>
				        <shadowcolor>99000000</shadowcolor>
								<align>left</align>
								<aligny>center</aligny>
								<label>$INFO[ListItem.Property(HighTemperature)]</label>
							</control>
							<control type="label">
								<top>240</top>
								<width>235</width>
								<height>30</height>
								<font>FontSize_18</font>
								<textcolor>white</textcolor>
				        <shadowcolor>99000000</shadowcolor>
								<align>left</align>
								<aligny>center</aligny>
								<label>$INFO[ListItem.Property(LowTemperature)]</label>
							</control>
							<control type="label">
								<top>265</top>
								<width>590</width>
								<height>30</height>
								<font>FontSize_18</font>
								<textcolor>white</textcolor>
				        <shadowcolor>99000000</shadowcolor>
								<align>left</align>
								<label>$INFO[ListItem.ActualIcon]</label>
							</control>
							<control type="label">
								<top>290</top>
								<width>260</width>
								<height>30</height>
								<font>FontSize_18</font>
								<textcolor>white</textcolor>
				        <shadowcolor>99000000</shadowcolor>
								<align>left</align>
								<aligny>center</aligny>
								<label>$INFO[ListItem.Property(ChancePrecipitation)]</label>
							</control>
						</control>
						<control type="image">
							<left>45</left>
							<top>30</top>
							<width>130</width>
							<height>130</height>
							<aspectratio>keep</aspectratio>
							<texture>$INFO[ListItem.Thumb]</texture>
						</control>
					</focusedlayout>
	
					<content>
						<item>
						  <thumb>$INFO[Window.Property(Daily.1.OutlookIcon)]</thumb>
							<label>$INFO[Window.Property(Daily.1.LongDay)]</label>
							<label2>$INFO[Window.Property(Daily.1.LongDate)]</label2>
							<icon>[COLOR=ddC6C6C8]$LOCALIZE[383]: [/COLOR]$INFO[Window.Property(Daily.1.WindSpeed)] $INFO[Window.Property(Daily.1.ShortWindDirection)]</icon>
							<property name="Outlook">$INFO[Window.Property(Daily.1.Outlook),]</property>
							<property name="HighTemperature">$INFO[Window.Property(Daily.1.HighTemperature),[COLOR=ddC6C6C8]$LOCALIZE[419]: [/COLOR],]</property>
							<property name="LowTemperature">$INFO[Window.Property(Daily.1.LowTemperature),[COLOR=ddC6C6C8]$LOCALIZE[418]: [/COLOR],]</property>
							<property name="ChancePrecipitation">$INFO[Window.Property(Daily.1.ChancePrecipitation),[COLOR=ddC6C6C8]$LOCALIZE[31233]: [/COLOR],]</property>
							<property name="PDAWeatherIcons">$INFO[Window(Weather).Property(Daily.1.FanartCode),special://home/addons/weather.fanart.pda.style/media/]</property>
							<onclick>noop</onclick>
							<visible>!IsEmpty(Window.Property(Daily.IsFetched))</visible>
						</item>
						<item>
						  <thumb>$INFO[Window.Property(Daily.2.OutlookIcon)]</thumb>
							<label>$INFO[Window.Property(Daily.2.LongDay)]</label>
							<label2>$INFO[Window.Property(Daily.2.LongDate)]</label2>
							<icon>[COLOR=ddC6C6C8]$LOCALIZE[383]: [/COLOR]$INFO[Window.Property(Daily.2.WindSpeed)] $INFO[Window.Property(Daily.2.ShortWindDirection)]</icon>
							<property name="Outlook">$INFO[Window.Property(Daily.2.Outlook),]</property>
							<property name="HighTemperature">$INFO[Window.Property(Daily.2.HighTemperature),[COLOR=ddC6C6C8]$LOCALIZE[419]: [/COLOR],]</property>
							<property name="LowTemperature">$INFO[Window.Property(Daily.2.LowTemperature),[COLOR=ddC6C6C8]$LOCALIZE[418]: [/COLOR],]</property>
							<property name="ChancePrecipitation">$INFO[Window.Property(Daily.2.ChancePrecipitation),[COLOR=ddC6C6C8]$LOCALIZE[31233]: [/COLOR],]</property>
							<property name="PDAWeatherIcons">$INFO[Window(Weather).Property(Daily.2.FanartCode),special://home/addons/weather.fanart.pda.style/media/]</property>
							<onclick>noop</onclick>
							<visible>!IsEmpty(Window.Property(Daily.IsFetched))</visible>
						</item>
						<item>
						  <thumb>$INFO[Window.Property(Daily.3.OutlookIcon)]</thumb>
							<label>$INFO[Window.Property(Daily.3.LongDay)]</label>
							<label2>$INFO[Window.Property(Daily.3.LongDate)]</label2>
							<icon>[COLOR=ddC6C6C8]$LOCALIZE[383]: [/COLOR]$INFO[Window.Property(Daily.3.WindSpeed)] $INFO[Window.Property(Daily.3.ShortWindDirection)]</icon>
							<property name="Outlook">$INFO[Window.Property(Daily.3.Outlook),]</property>
							<property name="HighTemperature">$INFO[Window.Property(Daily.3.HighTemperature),[COLOR=ddC6C6C8]$LOCALIZE[419]: [/COLOR],]</property>
							<property name="LowTemperature">$INFO[Window.Property(Daily.3.LowTemperature),[COLOR=ddC6C6C8]$LOCALIZE[418]: [/COLOR],]</property>
							<property name="ChancePrecipitation">$INFO[Window.Property(Daily.3.ChancePrecipitation),[COLOR=ddC6C6C8]$LOCALIZE[31233]: [/COLOR],]</property>
							<property name="PDAWeatherIcons">$INFO[Window(Weather).Property(Daily.3.FanartCode),special://home/addons/weather.fanart.pda.style/media/]</property>
							<onclick>noop</onclick>
							<visible>!IsEmpty(Window.Property(Daily.IsFetched))</visible>
						</item>
						<item>
						  <thumb>$INFO[Window.Property(Daily.4.OutlookIcon)]</thumb>
							<label>$INFO[Window.Property(Daily.4.LongDay)]</label>
							<label2>$INFO[Window.Property(Daily.4.LongDate)]</label2>
							<icon>[COLOR=ddC6C6C8]$LOCALIZE[383]: [/COLOR]$INFO[Window.Property(Daily.4.WindSpeed)] $INFO[Window.Property(Daily.4.ShortWindDirection)]</icon>
							<property name="Outlook">$INFO[Window.Property(Daily.4.Outlook),]</property>
							<property name="HighTemperature">$INFO[Window.Property(Daily.4.HighTemperature),[COLOR=ddC6C6C8]$LOCALIZE[419]:[/COLOR] ,]</property>
							<property name="LowTemperature">$INFO[Window.Property(Daily.4.LowTemperature),[COLOR=ddC6C6C8]$LOCALIZE[418]:[/COLOR] ,]</property>
							<property name="ChancePrecipitation">$INFO[Window.Property(Daily.4.ChancePrecipitation),[COLOR=ddC6C6C8]$LOCALIZE[31233]:[/COLOR] ,]</property>
							<property name="PDAWeatherIcons">$INFO[Window(Weather).Property(Daily.4.FanartCode),special://home/addons/weather.fanart.pda.style/media/]</property>
							<onclick>noop</onclick>
							<visible>!IsEmpty(Window.Property(Daily.IsFetched))</visible>
						</item>
						<item>
						  <thumb>$INFO[Window.Property(Daily.5.OutlookIcon)]</thumb>
							<label>$INFO[Window.Property(Daily.5.LongDay)]</label>
							<label2>$INFO[Window.Property(Daily.5.LongDate)]</label2>
							<icon>[COLOR=ddC6C6C8]$LOCALIZE[383]: [/COLOR]$INFO[Window.Property(Daily.5.WindSpeed)] $INFO[Window.Property(Daily.5.ShortWindDirection)]</icon>
							<property name="Outlook">$INFO[Window.Property(Daily.5.Outlook),]</property>
							<property name="HighTemperature">$INFO[Window.Property(Daily.5.HighTemperature),[COLOR=ddC6C6C8]$LOCALIZE[419]:[/COLOR] ,]</property>
							<property name="LowTemperature">$INFO[Window.Property(Daily.5.LowTemperature),[COLOR=ddC6C6C8]$LOCALIZE[418]:[/COLOR] ,]</property>
							<property name="ChancePrecipitation">$INFO[Window.Property(Daily.5.ChancePrecipitation),[COLOR=ddC6C6C8]$LOCALIZE[31233]:[/COLOR] ,]</property>
							<property name="PDAWeatherIcons">$INFO[Window(Weather).Property(Daily.5.FanartCode),special://home/addons/weather.fanart.pda.style/media/]</property>
							<onclick>noop</onclick>
							<visible>!IsEmpty(Window.Property(Daily.IsFetched))</visible>
						</item>
						<item>
						  <thumb>$INFO[Window.Property(Daily.6.OutlookIcon)]</thumb>
							<label>$INFO[Window.Property(Daily.6.LongDay)]</label>
							<label2>$INFO[Window.Property(Daily.6.LongDate)]</label2>
							<icon>[COLOR=ddC6C6C8]$LOCALIZE[383]: [/COLOR]$INFO[Window.Property(Daily.6.WindSpeed)] $INFO[Window.Property(Daily.6.ShortWindDirection)]</icon>
							<property name="Outlook">$INFO[Window.Property(Daily.6.Outlook),]</property>
							<property name="HighTemperature">$INFO[Window.Property(Daily.6.HighTemperature),[COLOR=ddC6C6C8]$LOCALIZE[419]:[/COLOR] ,]</property>
							<property name="LowTemperature">$INFO[Window.Property(Daily.6.LowTemperature),[COLOR=ddC6C6C8]$LOCALIZE[418]:[/COLOR] ,]</property>
							<property name="ChancePrecipitation">$INFO[Window.Property(Daily.6.ChancePrecipitation),[COLOR=ddC6C6C8]$LOCALIZE[31233]:[/COLOR] ,]</property>
							<property name="PDAWeatherIcons">$INFO[Window(Weather).Property(Daily.6.FanartCode),special://home/addons/weather.fanart.pda.style/media/]</property>
							<onclick>noop</onclick>
							<visible>!IsEmpty(Window.Property(Daily.IsFetched))</visible>
						</item>
						<item>
						  <thumb>$INFO[Window.Property(Daily.7.OutlookIcon)]</thumb>
							<label>$INFO[Window.Property(Daily.7.LongDay)]</label>
							<label2>$INFO[Window.Property(Daily.7.LongDate)]</label2>
							<icon>[COLOR=ddC6C6C8]$LOCALIZE[383]: [/COLOR]$INFO[Window.Property(Daily.7.WindSpeed)] $INFO[Window.Property(Daily.7.ShortWindDirection)]</icon>
							<property name="Outlook">$INFO[Window.Property(Daily.7.Outlook),]</property>
							<property name="HighTemperature">$INFO[Window.Property(Daily.7.HighTemperature),[COLOR=ddC6C6C8]$LOCALIZE[419]:[/COLOR] ,]</property>
							<property name="LowTemperature">$INFO[Window.Property(Daily.7.LowTemperature),[COLOR=ddC6C6C8]$LOCALIZE[418]:[/COLOR] ,]</property>
							<property name="ChancePrecipitation">$INFO[Window.Property(Daily.7.ChancePrecipitation),[COLOR=ddC6C6C8]$LOCALIZE[31233]:[/COLOR] ,]</property>
							<property name="PDAWeatherIcons">$INFO[Window(Weather).Property(Daily.7.FanartCode),special://home/addons/weather.fanart.pda.style/media/]</property>
							<onclick>noop</onclick>
							<visible>!IsEmpty(Window.Property(Daily.IsFetched))</visible>
						</item>
						<item>
						  <thumb>$INFO[Window.Property(Daily.8.OutlookIcon)]</thumb>
							<label>$INFO[Window.Property(Daily.8.LongDay)]</label>
							<label2>$INFO[Window.Property(Daily.8.LongDate)]</label2>
							<icon>[COLOR=ddC6C6C8]$LOCALIZE[383]: [/COLOR]$INFO[Window.Property(Daily.8.WindSpeed)] $INFO[Window.Property(Daily.8.ShortWindDirection)]</icon>
							<property name="Outlook">$INFO[Window.Property(Daily.8.Outlook),]</property>
							<property name="HighTemperature">$INFO[Window.Property(Daily.8.HighTemperature),[COLOR=ddC6C6C8]$LOCALIZE[419]:[/COLOR] ,]</property>
							<property name="LowTemperature">$INFO[Window.Property(Daily.8.LowTemperature),[COLOR=ddC6C6C8]$LOCALIZE[418]:[/COLOR] ,]</property>
							<property name="ChancePrecipitation">$INFO[Window.Property(Daily.8.ChancePrecipitation),[COLOR=ddC6C6C8]$LOCALIZE[31233]:[/COLOR] ,]</property>
							<property name="PDAWeatherIcons">$INFO[Window(Weather).Property(Daily.8.FanartCode),special://home/addons/weather.fanart.pda.style/media/]</property>
							<onclick>noop</onclick>
							<visible>!IsEmpty(Window.Property(Daily.IsFetched))</visible>
						</item>
						<item>
						  <thumb>$INFO[Window.Property(Daily.9.OutlookIcon)]</thumb>
							<label>$INFO[Window.Property(Daily.9.LongDay)]</label>
							<label2>$INFO[Window.Property(Daily.9.LongDate)]</label2>
							<icon>[COLOR=ddC6C6C8]$LOCALIZE[383]: [/COLOR]$INFO[Window.Property(Daily.9.WindSpeed)] $INFO[Window.Property(Daily.9.ShortWindDirection)]</icon>
							<property name="Outlook">$INFO[Window.Property(Daily.9.Outlook),]</property>
							<property name="HighTemperature">$INFO[Window.Property(Daily.9.HighTemperature),[COLOR=ddC6C6C8]$LOCALIZE[419]:[/COLOR] ,]</property>
							<property name="LowTemperature">$INFO[Window.Property(Daily.9.LowTemperature),[COLOR=ddC6C6C8]$LOCALIZE[418]:[/COLOR] ,]</property>
							<property name="ChancePrecipitation">$INFO[Window.Property(Daily.9.ChancePrecipitation),[COLOR=ddC6C6C8]$LOCALIZE[31233]:[/COLOR] ,]</property>
							<property name="PDAWeatherIcons">$INFO[Window(Weather).Property(Daily.9.FanartCode),special://home/addons/weather.fanart.pda.style/media/]</property>
							<onclick>noop</onclick>
							<visible>!IsEmpty(Window.Property(Daily.IsFetched))</visible>
						</item>
						<item>
						  <thumb>$INFO[Window.Property(Daily.10.OutlookIcon)]</thumb>
							<label>$INFO[Window.Property(Daily.10.LongDay)]</label>
							<label2>$INFO[Window.Property(Daily.10.LongDate)]</label2>
							<icon>[COLOR=ddC6C6C8]$LOCALIZE[383]: [/COLOR]$INFO[Window.Property(Daily.10.WindSpeed)] $INFO[Window.Property(Daily.10.ShortWindDirection)]</icon>
							<property name="Outlook">$INFO[Window.Property(Daily.10.Outlook),]</property>
							<property name="HighTemperature">$INFO[Window.Property(Daily.10.HighTemperature),[COLOR=ddC6C6C8]$LOCALIZE[419]:[/COLOR] ,]</property>
							<property name="LowTemperature">$INFO[Window.Property(Daily.10.LowTemperature),[COLOR=ddC6C6C8]$LOCALIZE[418]:[/COLOR] ,]</property>
							<property name="ChancePrecipitation">$INFO[Window.Property(Daily.10.ChancePrecipitation),[COLOR=ddC6C6C8]$LOCALIZE[31233]:[/COLOR] ,]</property>
							<property name="PDAWeatherIcons">$INFO[Window(Weather).Property(Daily.10.FanartCode),special://home/addons/weather.fanart.pda.style/media/]</property>
							<onclick>noop</onclick>
							<visible>!IsEmpty(Window.Property(Daily.IsFetched))</visible>
						</item>
					</content>
				</control>
	
		  </control>
		</control>
  </include>

</includes>