<?xml version="1.0" encoding="UTF-8"?>
<window  id="131">
	<defaultcontrol>5</defaultcontrol>
	<controls>
	
	 <control type="group">
		<include>DialogAnimation</include>
		<visible>!Window.IsActive(virtualkeyboard) + !Window.IsActive(numericinput) + !Window.IsActive(DialogGamepad.xml) + !Window.IsVisible(busydialog) + !Window.IsActive(okdialog)</visible>
		<control type="image">
			<description>background image</description>
			<include>FullscreenDimensions</include>
			<texture background="true">dialogs/profiles/bg_locksettings.png</texture>
		</control>
		<control type="image">
      <include>FullscreenDimensions</include>
			<texture background="true">dialogs/profiles/locksettings_lines.png</texture>
      <visible>!Window.IsActive(ContextMenu)</visible>
			<animation effect="fade" start="0" end="100" time="250" reversible="true">Visible</animation>
			<animation effect="fade" start="100" end="0" time="200" reversible="true">Hidden</animation>
		</control>
		<control type="label">
			<description>Head Label</description>
			<left>340</left>
			<top>185</top>
			<width>600</width>
			<font>FontSize_36</font>
			<textcolor>white</textcolor>
			<align>center</align>
			<scroll>true</scroll>
			<scrollspeed>20</scrollspeed>
			<label>20043</label>
		</control>
		<control type="grouplist" id="5">
			<description>Control Area</description>
			<left>364</left>
			<top>229</top>
			<width>552</width>
			<height>302</height>
			<itemgap>4</itemgap>
			<onleft>10000</onleft>
			<onright>10000</onright>
			<onup>5</onup>
			<ondown>5</ondown>
			<scrolltime tween="Cubic" easing="Out">300</scrolltime>
			<animation effect="fade" start="100" end="0" time="250" condition="Window.IsActive(ContextMenu) + ControlGroup(5).HasFocus" reversible="true">Conditional</animation>
		</control>
		<control type="button" id="7">
			<description>Default Button</description>
	    <include>DialogsButton</include>
		</control>
		<control type="radiobutton" id="8">
			<description>Default RadioButton</description>
	    <include>DialogsRadioButton</include>
		</control>
		<control type="spincontrolex" id="9">
			<description>Default SpinControlex</description>
	    <include>DialogsSpincontrolex</include>
		</control>
		<control type="image." id="11">
			<description>separator image</description>
			<height>0</height>
			<texture>-</texture>
		</control>

	  <control type="group"  id="10000">
			<left>365</left>
			<top>525</top>
      <!-- Buttons -->
			<control type="grouplist" id="10001">
				<left>0</left>
				<top>0</top>
				<width>0</width>
				<height>0</height>
				<itemgap>0</itemgap>
				<align>left</align>
				<orientation>horizontal</orientation>
				<onleft>10001</onleft>
				<onright>10001</onright>
				<onup>5</onup>
				<ondown>5</ondown>
				<control type="button" id="28">
					<description>Save Button</description>
				  <label>190</label>
				  <include>TopButton</include>
				</control>
				<control type="button" id="29">
					<description>Cancel Button</description>
				  <label>222</label>
				  <include>TopButton</include>
				</control>
			</control>
      <!-- Buttons Labels -->
			<control type="grouplist">
				<left>0</left>
				<top>0</top>
				<height>70</height>
				<width>552</width>
				<itemgap>15</itemgap>
				<align>left</align>
				<orientation>horizontal</orientation>
				<control type="label">
					<description>Save Button</description>
					<height>62</height>
					<width min="10" max="552">auto</width>
					<font>FontSize_20</font>
					<textcolor>white</textcolor>
					<shadowcolor>99000000</shadowcolor>
			    <align>left</align>
			    <aligny>center</aligny>
					<scroll>false</scroll>
          <label>$INFO[Control.GetLabel(28),․  ]</label>
					<animation effect="fade" start="100" end="30" time="200" tween="sine" easing="inout" condition="!Control.HasFocus(28)" reversible="true">Conditional</animation>
          <animation effect="zoom" start="100" end="95" time="200" tween="sine" easing="inout" center="15,0" condition="!Control.HasFocus(28)" reversible="true">Conditional</animation>
				</control>
				<control type="label">
					<description>Cancel Button</description>
					<height>62</height>
					<width min="10" max="552">auto</width>
					<font>FontSize_20</font>
					<textcolor>white</textcolor>
					<shadowcolor>99000000</shadowcolor>
			    <align>left</align>
			    <aligny>center</aligny>
					<scroll>false</scroll>
          <label>$INFO[Control.GetLabel(29),․  ]</label>
					<animation effect="fade" start="100" end="30" time="200" tween="sine" easing="inout" condition="!Control.HasFocus(29)" reversible="true">Conditional</animation>
          <animation effect="zoom" start="100" end="95" time="200" tween="sine" easing="inout" center="15,0" condition="!Control.HasFocus(29)" reversible="true">Conditional</animation>
				</control>
			</control>
	  </control>
   </control>

	</controls>
</window>