<?xml version="1.0" encoding="UTF-8"?>
<window  id="29">
	<defaultcontrol always="true">52</defaultcontrol>
	<allowoverlay>no</allowoverlay>
	<backgroundcolor>0</backgroundcolor>
	<controls>

	 <control type="image">
		<description>background image</description>
		<include>FullscreenDimensions</include>
		<texture background="true">special://skin/extras/backgrounds/SKINDEFAULT.jpg</texture>
	 </control>

	 <include>BackgroundVignette</include>

	 <control type="group">
	  <include>HomeSlideAnimations</include>
	  <include>DialogZoomInOutAnimation</include>
		<left>455</left>
		<top>0</top>
		<control type="wraplist" id="52">
			<description>Profiles Area</description>
			<left>0</left>
			<top>0</top>
			<width>405</width>
			<height>450</height>
			<focusposition>1</focusposition>
			<orientation>horizontal</orientation>
			<onleft>noop</onleft>
			<onright>noop</onright>
			<onup>52</onup>
			<ondown>52</ondown>
			<itemlayout width="135">
				<control type="image">
					<left>8</left>
					<top>298</top>
					<width>91</width>
					<height>91</height>
					<texture fallback="dialogs/profiles/unknown_user.png" diffuse="windows/logon/profile_icon_diffuse.png">$INFO[ListItem.Icon]</texture>
					<aspectratio>keep</aspectratio>
				</control>
				<control type="image">
					<left>0</left>
					<top>290</top>
					<width>107</width>
					<height>107</height>
					<texture>windows/logon/profile_icon_overlay.png</texture>
					<aspectratio>keep</aspectratio>
				</control>
			</itemlayout>
			<focusedlayout width="135">
				<control type="image">
					<left>8</left>
					<top>298</top>
					<width>91</width>
					<height>91</height>
					<texture fallback="dialogs/profiles/unknown_user.png" diffuse="windows/logon/profile_icon_diffuse.png">$INFO[ListItem.Icon]</texture>
					<aspectratio>keep</aspectratio>
					<animation reversible="false" effect="zoom" start="100" end="150" center="auto" time="200">focus</animation>
					<animation reversible="false" effect="zoom" start="150" end="100" center="auto" time="200">unfocus</animation>
				</control>
				<control type="image">
					<left>0</left>
					<top>290</top>
					<width>107</width>
					<height>107</height>
					<texture>windows/logon/profile_icon_overlay.png</texture>
					<aspectratio>keep</aspectratio>
					<animation reversible="false" effect="zoom" start="100" end="150" center="auto" time="200">focus</animation>
					<animation reversible="false" effect="zoom" start="150" end="100" center="auto" time="200">unfocus</animation>
				</control>
			  <control type="label.">
					<left>55</left>
					<top>220</top>
					<width>405</width>
					<height>40</height>
					<font>FontSize_38</font>
					<align>center</align>
					<aligny>center</aligny>
			    <textcolor>white</textcolor>
					<shadowcolor>99000000</shadowcolor>
					<selectedcolor>white</selectedcolor>
					<scroll>true</scroll>
					<label>$INFO[ListItem.Label]</label>
					<animation reversible="false" effect="fade" start="0" end="100" time="300">focus</animation>
					<animation reversible="false" effect="fade" start="100" end="0" time="300">unfocus</animation>
			  </control>
			</focusedlayout>
		</control>
   </control>

   <!-- ================ -->
   <!-- Top Content Info -->
   <!-- ================ -->
   <control type="group">
		<left>45</left>
		<top>25</top>
	  <visible>!Window.IsActive(ShutdownMenu) + !Window.IsActive(ContextMenu) | [Window.IsVisible(LockSettings) | Window.IsVisible(ProfileSettings)]</visible>
	  <include>HomeSlideAnimations</include>
		<control type="grouplist">
			<left>0</left>
			<top>0</top>
			<height>70</height>
			<width>1000</width>
			<align>left</align>
			<itemgap>20</itemgap>
			<orientation>horizontal</orientation>
			<control type="label">
			  <include>TopBigLabel</include>
				<label>$LOCALIZE[31032]:</label>
			</control>
			<control type="label">
			  <include>TopBigLabel</include>
				<label>$INFO[Container(52).ListItem.Label]</label>
			</control>
			<control type="label.">
			  <include>TopZoomedSmallLabel</include>
				<label>$INFO[Container(52).ListItem.Label2]</label>
			</control>
		</control>
		<control type="group">
			<left>3</left>
			<top>46</top>		
			<control type="label">
				<description>User last login</description>
				<width>500</width>
				<height>20</height>
				<font>FontSize_18</font>
				<textcolor>blue</textcolor>
				<scroll>false</scroll>
				<align>left</align>
				<aligny>center</aligny>
				<label>$INFO[Container(52).ListItem.Label2]</label>
			</control>
		</control>
	 </control>

	 <control type="group.">
		<left>25</left>
		<top>40</top>
		<include>HomeSlideAnimations</include>
	  <include>WeatherAndClock</include>
	 </control>
	 
   <!-- =============== -->
   <!-- == Date Info == -->
   <!-- =============== -->
	 <control type="group">
		<left>748</left>
		<top>510</top>
    <include>NowPlaying</include>
	  <visible>!Window.IsActive(ShutdownMenu)</visible>
		<control type="label">
			<description>Date</description>
			<left>98</left>
			<top>110</top>
			<width>365</width>
			<height>50</height>
			<font>FontSize_85</font>
			<align>right</align>
			<aligny>center</aligny>
			<label>$INFO[System.Date(dd)]</label>
			<textcolor>white</textcolor>
			<shadowcolor>ff0d0d0d</shadowcolor>
		</control>
		<control type="label">
			<description>Year</description>
			<left>420</left>
			<top>140</top>
			<width>100</width>
			<height>30</height>
			<font>FontSize_28</font>
			<textcolor>white</textcolor>
			<align>right</align>
			<aligny>top</aligny>
			<label>$INFO[System.Date(yyyy)]</label>
		 <animation effect="rotate" start="0" end="90" center="auto" time="0">WindowOpen</animation>
		 <animation effect="rotate" start="0" end="90" center="auto" time="0">WindowClose</animation>
			<shadowcolor>ff0d0d0d</shadowcolor>
		</control>
		<control type="label">
			<description>Weekday</description>
			<left>18</left>
			<top>105</top>
			<width>350</width>
			<height>30</height>
			<font>FontSize_34</font>
			<textcolor>white</textcolor>
			<align>right</align>
			<aligny>center</aligny>
			<label>$INFO[System.Date(DDD)]</label>
			<shadowcolor>ff0d0d0d</shadowcolor>
		</control>
		<control type="label">
			<description>Month</description>
			<left>18</left>
			<top>139</top>
			<width>350</width>
			<height>30</height>
			<font>FontSize_34</font>
			<textcolor>white</textcolor>
			<align>right</align>
			<aligny>center</aligny>
			<label>$INFO[System.Date(MMM)]</label>
			<shadowcolor>ff0d0d0d</shadowcolor>
		</control>
	 </control>

	</controls>
</window>
