<?xml version="1.0" encoding="UTF-8"?>
<window  id="501">
	<defaultcontrol always="true">50</defaultcontrol>
	<allowoverlay>yes</allowoverlay>
  <backgroundcolor>0</backgroundcolor>
	<views>50,56</views>
	<controls>
		<include>BackgroundItems</include>
		<include>MusicFilesViews</include>
		<include>CommonItems</include>

    <!-- ==================== -->
    <!-- Top Options Controls -->
    <!-- ==================== -->
	  <control type="group"  id="9000">
			<left>45</left>
			<top>-10</top>
      <include>TopOptionsSlideAnimations</include>
			<visible>!Skin.HasSetting(EnableKioskMode)</visible>
		  <visible allowhiddenfocus="true">ControlGroup(9111).HasFocus + !Window.IsActive(ContextMenu) + !Window.IsActive(ShutdownMenu) + !Window.IsActive(favourites)</visible>
			<!-- Head Labels -->
			<control type="grouplist">
				<left>0</left>
				<top>0</top>
				<height>70</height>
				<width>1000</width>
				<align>left</align>
				<aligny>center</aligny>
				<itemgap>20</itemgap>
				<orientation>horizontal</orientation>
        <include>TopOptionsSlideAnimations</include>
				<control type="label">
				  <include>TopBigLabel</include>
					<label>$LOCALIZE[33063] $LOCALIZE[33061]</label>
				</control>
				<control type="label">
				  <include>TopZoomedSmallLabel</include>
			    <label>$LOCALIZE[2]</label>
				</control>
			</control>
      <!-- Main Options -->
			<control type="grouplist" id="9111">
  			<left>0</left>
  			<top>50</top>
  			<width>460</width>
  			<height max="520">auto</height>
  			<itemgap>0</itemgap>
  			<onleft>50</onleft>
  			<onright>50</onright>
  			<onup>9111</onup>
  			<ondown>9111</ondown>
  			<onback>50</onback>
        <include>TopOptionsSlideAnimations</include>
				<control type="button" id="2">
					<description>View as</description>
				  <label>-</label>
				  <include>TopLeftMenusButton</include>
				</control>
				<control type="button" id="3">
					<description>Sort by</description>
				  <label>-</label>
				  <include>TopLeftMenusButton</include>
				</control>
				<control type="togglebutton" id="4">
					<description>Sort Ascending/Descending</description>
          <label>$LOCALIZE[21429]: $LOCALIZE[21430]</label>
          <altlabel>$LOCALIZE[21429]: $LOCALIZE[21431]</altlabel>
				  <include>TopLeftMenusButton</include>
				</control>
				<control type="radiobutton" id="99">
					<description>Library</description>
					<label>15100</label>
				  <include>TopLeftMenusButton</include>
					<onclick>ReplaceWindow(MusicLibrary)</onclick>
					<selected>Window.IsVisible(MusicLibrary)</selected>
					<enable>Library.HasContent(Music)</enable>
				</control>
				<control type="button" id="96">
					<description>Filter</description>
					<label>$LOCALIZE[587]</label>
				  <include>TopLeftMenusButton</include>
					<visible>Container.CanFilter + !Container.CanFilterAdvanced</visible>
					<onclick>SendClick(19)</onclick>
					<onclick>Action(right)</onclick>
				</control>
				<control type="button" id="98">
					<visible>Container.CanFilterAdvanced</visible>
					<description>Filter</description>
					<include>TopLeftMenusButton</include>
					<label>$LOCALIZE[587]</label>
					<selected>Container.Filtered</selected>
					<onclick>Action(right)</onclick>
					<onclick>Filter</onclick>
				</control>
  			<control type="button" id="97">
  				<description>Current Playlist</description>
  				<label>13350</label>
  			  <include>TopLeftMenusButton</include>
    			<onclick>$VAR[CurrentPlayList]</onclick>
    			<visible>!StringCompare(Playlist.Length(music),0)</visible>
  			</control>
			</control>
			<control type="button" id="19">
				<description>Filter</description>
				<visible>false</visible>
			</control>
	  </control>

    <!-- ================ -->
    <!-- Top Content Info -->
    <!-- ================ -->
	  <control type="group">
			<left>45</left>
			<top>25</top>
		  <include>CommonSlideAnimations</include>
			<include>ShutdownMenuAnimation</include>
		  <visible>!ControlGroup(9000).HasFocus + !Window.IsActive(MusicInformation) + !Window.IsActive(SongInformation) + !Window.IsActive(AddonInformation)</visible>
			<control type="grouplist">
				<left>0</left>
				<top>0</top>
			  <height>70</height>
				<width>1000</width>
				<align>left</align>
				<itemgap>12</itemgap>
				<orientation>horizontal</orientation>
		    <include>CommonSlideAnimations</include>					
				<control type="label">
				  <include>TopBigLabel</include>
					<label>$LOCALIZE[31022]</label>
				</control>
				<control type="label">
				  <include>TopZoomedSmallLabel</include>
			    <label>$LOCALIZE[24001]</label>
		      <visible>substring(Container.FolderPath,plugin://plugin.audio,left) | substring(Container.FolderPath,plugin://plugin.video,left)</visible>
				</control>
				<control type="label">
				  <include>TopZoomedSmallLabel</include>
			    <label>$INFO[Container.FolderName]</label>
				</control>
			</control>
	  </control>

		<include>CommonWeatherAndClock</include>
	</controls>
</window>
