<?xml version="1.0" encoding="UTF-8"?>
<window  id="600">
	<defaultcontrol>32</defaultcontrol>
	<allowoverlay>no</allowoverlay>
  <onload condition="Control.IsVisible(10)">SetFocus(10)</onload>	
	<controls>
		<include>BackgroundItems</include>
		<include>PVRViews</include>
		<include>CommonScrollingLetters</include>
		<include>CommonNowPlaying</include>
		<include>CommonDialogsFadeOutBG</include>
		<include>CommonWeatherAndClock</include>

    <!-- ==================== -->
    <!-- PVR Options Controls -->
    <!-- ==================== -->
	  <control type="group"  id="9000">
			<left>45</left>
			<top>25</top>
      <include>CommonSlideAnimations</include>
      <!-- PVR Options -->
			<control type="grouplist" id="9111">
				<left>0</left>
				<top>0</top>
				<width>0</width>
				<height>0</height>
				<itemgap>0</itemgap>
				<align>left</align>
				<orientation>horizontal</orientation>
				<onleft>9111</onleft>
				<onright>9111</onright>
				<onup>noop</onup>
				<ondown>50</ondown>
				<control type="button" id="32">
					<description>TV Channels</description>
          <label>$LOCALIZE[19023]</label>
				  <include>TopButton</include>
				</control>
				<control type="button" id="33">
					<description>Radio Channels</description>
          <label>$LOCALIZE[19024]</label>
				  <include>TopButton</include>
				</control>
				<control type="button" id="31">
					<description>EPG</description>
					<label>$LOCALIZE[19222]: $LOCALIZE[19030]</label>
				  <include>TopButton</include>
				</control>
				<control type="button" id="34">
					<description>Recordings</description>
          <label>$LOCALIZE[19163]</label>
				  <include>TopButton</include>
				</control>
				<control type="button" id="35">
					<description>Timers</description>
          <label>$LOCALIZE[19040]</label>
				  <include>TopButton</include>
				</control>
				<control type="button" id="36">
					<description>Search</description>
					<label>137</label>
				  <include>TopButton</include>
				</control>
			</control>
      <!-- PVR Labels -->
			<control type="grouplist">
		    <visible allowhiddenfocus="true">!Window.IsActive(ContextMenu) + !Window.IsActive(ShutdownMenu) + !Window.IsActive(favourites)</visible>
	      <animation type="Visible"  reversible="false">
	          <effect type="fade" start="0" end="100" time="300" tween="sine" easing="in"  />
	          <effect type="slide" start="0,35" end="0,0" time="350" tween="cubic" easing="out" />
	      </animation>
	      <animation type="Hidden" reversible="false">
	          <effect type="fade" start="100" end="0" time="300" tween="sine" easing="out" />
	          <effect type="slide" start="0,0" end="0,35" time="350" tween="sine" easing="out" />
	      </animation>
				<left>0</left>
				<top>0</top>
				<height>70</height>
				<width>1190</width>
				<itemgap>15</itemgap>
				<align>left</align>
				<orientation>horizontal</orientation>
				<control type="label">
				  <include>TopBigLabel</include>
				  <label>$LOCALIZE[31000]:</label>
				</control>
				<control type="label">
					<description>TV Channels</description>
				  <include>TopSmallLabel</include>
          <label>$INFO[Control.GetLabel(32)]</label>
					<animation effect="fade" start="100" end="70" time="200" tween="cubic" easing="inout" condition="!Control.HasFocus(32)" reversible="true">Conditional</animation>
          <animation effect="zoom" start="100" end="90" time="200" tween="cubic" easing="inout" center="auto" condition="!Control.HasFocus(32)" reversible="true">Conditional</animation>
				</control>
				<control type="label">
					<description>Radio Channels</description>
				  <include>TopSmallLabel</include>
          <label>$INFO[Control.GetLabel(33)]</label>
					<animation effect="fade" start="100" end="70" time="200" tween="cubic" easing="inout" condition="!Control.HasFocus(33)" reversible="true">Conditional</animation>
          <animation effect="zoom"  start="100" end="90" time="200" tween="cubic" easing="inout" center="auto" condition="!Control.HasFocus(33)" reversible="true">Conditional</animation>
				</control>
				<control type="label">
					<description>EPG</description>
				  <include>TopSmallLabel</include>
          <label>$INFO[Control.GetLabel(31)]</label>
					<animation effect="fade" start="100" end="70" time="200" tween="cubic" easing="inout" condition="!Control.HasFocus(31)" reversible="true">Conditional</animation>
          <animation effect="zoom"  start="100" end="90" time="200" tween="cubic" easing="inout" center="auto" condition="!Control.HasFocus(31)" reversible="true">Conditional</animation>
				</control>
				<control type="label">
					<description>Recordings</description>
				  <include>TopSmallLabel</include>
					<label>$INFO[Control.GetLabel(34)]</label>
					<animation effect="fade" start="100" end="70" time="200" tween="cubic" easing="inout" condition="!Control.HasFocus(34)" reversible="true">Conditional</animation>
          <animation effect="zoom"  start="100" end="90" time="200" tween="cubic" easing="inout" center="auto" condition="!Control.HasFocus(34)" reversible="true">Conditional</animation>
				</control>
				<control type="label">
					<description>Timers</description>
				  <include>TopSmallLabel</include>
					<label>$INFO[Control.GetLabel(35)]</label>
					<animation effect="fade" start="100" end="70" time="200" tween="cubic" easing="inout" condition="!Control.HasFocus(35)" reversible="true">Conditional</animation>
          <animation effect="zoom"  start="100" end="90" time="200" tween="cubic" easing="inout" center="auto" condition="!Control.HasFocus(35)" reversible="true">Conditional</animation>
				</control>
				<control type="label">
					<description>Search</description>
				  <include>TopSmallLabel</include>
					<label>$INFO[Control.GetLabel(36)]</label>
					<animation effect="fade" start="100" end="70" time="200" tween="cubic" easing="inout" condition="!Control.HasFocus(36)" reversible="true">Conditional</animation>
          <animation effect="zoom"  start="100" end="90" time="200" tween="cubic" easing="inout" center="auto" condition="!Control.HasFocus(36)" reversible="true">Conditional</animation>
				</control>
			</control>
			<control type="label">
		    <visible allowhiddenfocus="true">!Window.IsActive(ContextMenu) + !Window.IsActive(ShutdownMenu) + !Window.IsActive(favourites)</visible>
	      <animation type="Visible"  reversible="false">
          <effect type="fade" start="0" end="100" time="300" tween="sine" easing="in"  />
          <effect type="slide" start="0,35" end="0,0" time="350" tween="cubic" easing="out" />
	      </animation>
	      <animation type="Hidden" reversible="false">
          <effect type="fade" start="100" end="0" time="300" tween="sine" easing="out" />
          <effect type="slide" start="0,0" end="0,35" time="350" tween="sine" easing="out" />
	      </animation>
				<description>Page Count Label</description>
				<left>0</left>
				<top>45</top>
				<width>300</width>
				<height>20</height>
				<font>FontSize_18</font>
				<textcolor>blue</textcolor>
				<scroll>false</scroll>
				<align>left</align>
				<aligny>center</aligny>
				<label>$INFO[Container.NumItems,, $LOCALIZE[31025]]</label>
			</control>
	  </control>


	</controls>
</window>
