<?xml version="1.0" encoding="UTF-8"?>
<window  id="130">
	<defaultcontrol>5</defaultcontrol>
  <backgroundcolor>BackgroundColor</backgroundcolor>
	<controls>
	
	 <control type="group">
		<include>DialogAnimation</include>
		<visible>!Window.IsActive(virtualkeyboard) + !Window.IsActive(numericinput) + !Window.IsActive(LockSettings) + !Window.IsActive(yesnodialog) + !Window.IsActive(filebrowser)</visible>
		<control type="image">
			<left>316</left>
			<top>122</top>
			<width>647</width>
			<height>465</height>
			<texture background="true" border="39">dialogs/other/default_bg.png</texture>
		</control>
		<control type="image">
			<description>background image</description>
			<include>FullscreenDimensions</include>
			<texture>dialogs/profiles/bg_profilesettings.png</texture>
		</control>
		<control type="label">
			<description>Head Label</description>
			<left>340</left>
			<top>170</top>
			<width>600</width>
			<font>FontSize_36</font>
			<textcolor>white</textcolor>
			<align>center</align>
			<scroll>true</scroll>
			<scrollspeed>20</scrollspeed>
			<label>20067</label>
		</control>
		<control type="grouplist" id="5">
			<description>Control Area</description>
			<left>363</left>
			<top>366</top>
			<width>553</width>
			<height>149</height>
			<itemgap>4</itemgap>
			<onleft>10000</onleft>
			<onright>10000</onright>
			<onup>5</onup>
			<ondown>5</ondown>
		</control>
		<control type="button" id="7">
			<description>Default Button</description>
	    <include>DialogsButton</include>
		</control>
		<control type="radiobutton" id="8">
			<width>553</width>
			<description>Default RadioButton</description>
	    <include>DialogsRadioButton</include>
		</control>
		<control type="spincontrolex" id="9">
			<width>553</width>
			<description>Default SpinControlex</description>
	    <include>DialogsSpincontrolex</include>
		</control>

		<control type="image" id="2">
			<description>profile image</description>
			<left>365</left>
			<top>216</top>
			<width>145</width>
			<height>145</height>
			<aspectratio align="center" aligny="center">keep</aspectratio>
			<texture fallback="dialogs/profiles/unknown_user.png">$INFO[System.ProfileThumb]</texture>
		</control>
		<control type="label.">
			<description>profile name label</description>
			<left>525</left>
			<top>233</top>
			<width>330</width>
			<align>left</align>
			<font>FontSize_18</font>
			<textcolor>blue</textcolor>
			<label>$LOCALIZE[20093]</label>
		</control>
		<control type="label" id="1000">
			<description>profile name Value</description>
			<left>525</left>
			<top>294</top>
			<width>330</width>
			<align>left</align>
			<font>FontSize_38</font>
			<textcolor>white</textcolor>
		</control>
		<control type="label" id="1001">
			<description>profile directory Value</description>
			<left>525</left>
			<top>329</top>
			<width>330</width>
			<align>left</align>
			<font>FontSize_18</font>
			<textcolor>blue</textcolor>
		</control>

	  <control type="group"  id="10000">
			<left>365</left>
			<top>510</top>
      <!-- Buttons -->
			<control type="grouplist" id="10001">
				<left>0</left>
				<top>0</top>
				<width>0</width>
				<height>0</height>
				<itemgap>0</itemgap>
				<align>left</align>
				<orientation>horizontal</orientation>
				<onleft>10001</onleft>
				<onright>10001</onright>
				<onup>5</onup>
				<ondown>5</ondown>
				<control type="button" id="28">
					<description>Button</description>
				  <label>190</label>
				  <include>TopButton</include>
				</control>
				<control type="button" id="29">
					<description>Button</description>
				  <label>222</label>
				  <include>TopButton</include>
				</control>
			</control>
      <!-- Buttons Labels -->
			<control type="grouplist">
				<left>0</left>
				<top>0</top>
				<height>70</height>
				<width>552</width>
				<itemgap>15</itemgap>
				<align>left</align>
				<orientation>horizontal</orientation>
				<control type="label">
					<description>Button Label</description>
					<height>62</height>
					<width min="10" max="552">auto</width>
					<font>FontSize_20</font>
					<textcolor>white</textcolor>
					<shadowcolor>99000000</shadowcolor>
			    <align>left</align>
			    <aligny>center</aligny>
					<scroll>false</scroll>
          <label>$INFO[Control.GetLabel(28),․  ]</label>
					<animation effect="fade" start="100" end="50" time="150" tween="sine" easing="inout" condition="!Control.HasFocus(28)" reversible="true">Conditional</animation>
          <animation effect="zoom" start="100" end="95" time="200" tween="sine" easing="inout" center="15,0" condition="!Control.HasFocus(28)" reversible="true">Conditional</animation>
				</control>
				<control type="label">
					<description>Button Label</description>
					<height>62</height>
					<width min="10" max="552">auto</width>
					<font>FontSize_20</font>
					<textcolor>white</textcolor>
					<shadowcolor>99000000</shadowcolor>
			    <align>left</align>
			    <aligny>center</aligny>
					<scroll>false</scroll>
          <label>$INFO[Control.GetLabel(29),․  ]</label>
					<animation effect="fade" start="100" end="50" time="150" tween="sine" easing="inout" condition="!Control.HasFocus(29)" reversible="true">Conditional</animation>
          <animation effect="zoom" start="100" end="95" time="200" tween="sine" easing="inout" center="15,0" condition="!Control.HasFocus(29)" reversible="true">Conditional</animation>
				</control>
			</control>
	  </control>

	 </control>		

	</controls>
</window>		