<?xml version="1.0" encoding="UTF-8"?>
<window  id="34">
	<defaultcontrol always="true">9001</defaultcontrol>
	<allowoverlay>no</allowoverlay>
  <backgroundcolor>0</backgroundcolor>
	<controls>
	 <include>BackgroundItems</include>

	 <control type="group">
	    <include>Window_OpenClose_Animation</include>
	    <include>DialogZoomInOutAnimation</include>
		  <visible>!Window.IsActive(ContextMenu) + !Window.IsActive(ShutdownMenu)</visible>
		
	  <control type="group">
	    <include>Window_OpenClose_Animation</include>			
			<control type="image">
			  <include>Window_OpenClose_Animation</include>
			  <include>FullscreenDimensions</include>
			  <texture background="true">windows/settings/bg_settings.png</texture>
			</control>
			<control type="group">
				<left>100</left>
				<top>166</top>
			  <include>Window_OpenClose_Animation</include>	
				<control type="list" id="9001">
					<left>0</left>
					<top>0</top>
					<width>295</width>
					<height>414</height>
					<itemgap>2</itemgap>
					<onleft>9000</onleft>
					<onright>7010</onright>
					<onup>9001</onup>
					<ondown>9001</ondown>
					<pagecontrol>-</pagecontrol>
					<scrolltime>300</scrolltime>
					<itemlayout height="52" width="295">
						<control type="image">
							<left>0</left>
							<top>0</top>
							<width>295</width>
							<height>50</height>
							<texture>buttons/catbullet_nf.png</texture>
						</control>
						<control type="label">
							<left>40</left>
							<top>0</top>
							<width>295</width>
							<height>50</height>
					    <font>FontSize_20</font>
							<textcolor>77white</textcolor>
							<align>left</align>
							<aligny>center</aligny>
							<label>$INFO[ListItem.Label]</label>
						</control>
					</itemlayout>
					<focusedlayout height="52" width="295">
						<control type="image">
							<left>0</left>
							<top>0</top>
							<width>295</width>
							<height>50</height>
							<texture>buttons/catbullet_fo.png</texture>
              <animation effect="fade" start="100" end="50" time="100" condition="!Control.HasFocus(9001)">Conditional</animation>
						</control>
						<control type="label">
							<left>40</left>
							<top>0</top>
							<width>295</width>
							<height>50</height>
					    <font>FontSize_20</font>
							<textcolor>white</textcolor>
							<align>left</align>
							<aligny>center</aligny>
							<label>$INFO[ListItem.Label]</label>
						</control>
					</focusedlayout>
					<content>
						<item id="1">
							<label>20096</label>
							<onclick>noop</onclick>
						</item>
						<item id="2">
							<label>13200</label>
							<onclick>noop</onclick>
						</item>
					</content>
				</control>
	
				<control type="group" id="7010">
					<control type="grouplist" id="3">
						<include>CloseAnimation</include>
					  <visible>Container(9001).Hasfocus(1)</visible>
						<left>297</left>
						<top>0</top>
						<width>782</width>
						<height>414</height>
						<itemgap>2</itemgap>
						<pagecontrol>60</pagecontrol>
						<onleft>9001</onleft>
						<onright>9001</onright>
						<onup>3</onup>
						<ondown>3</ondown>
						<control type="radiobutton" id="4">
		          <include>SettingsRadioButton</include>
							<label>31153</label>
						</control>
						<control type="button" id="5">
		          <include>SettingsButton</include>
							<label>$LOCALIZE[33084]</label>
						  <label2>$INFO[System.ProfileAutoLogin]</label2>
						  <enable>!System.HasLoginScreen</enable>
						</control>
					</control>
		
					<control type="panel" id="2">
					  <include>CloseAnimation</include>
						<visible>Container(9001).Hasfocus(2)</visible>
						<left>297</left>
						<top>0</top>
						<width>782</width>
						<height>414</height>
						<itemgap>2</itemgap>
						<onleft>9001</onleft>
						<onright>9001</onright>
						<onup>2</onup>
						<ondown>2</ondown>
						<pagecontrol>-</pagecontrol>
						<scrolltime>300</scrolltime>
						<itemlayout height="52" width="782">
							<control type="label">
								<left>20</left>
								<top>0</top>
								<width>782</width>
								<height>50</height>
						    <font>FontSize_20</font>
								<textcolor>77white</textcolor>
								<align>left</align>
								<aligny>center</aligny>
								<label>$INFO[ListItem.Label]</label>
							</control>
						</itemlayout>
						<focusedlayout height="52" width="782">
							<control type="image">
								<left>0</left>
								<top>0</top>
								<width>782</width>
								<height>50</height>
								<texture>buttons/settings_fo.png</texture>
							</control>
							<control type="label">
								<left>20</left>
								<top>0</top>
								<width>782</width>
								<height>50</height>
						    <font>FontSize_20</font>
								<textcolor>white</textcolor>
								<align>left</align>
								<aligny>center</aligny>
								<label>$INFO[ListItem.Label]</label>
							</control>
						</focusedlayout>
					</control>
			  </control>
			</control>
	
	    <!-- Description Category Labels -->
			<control type="group">
					<left>120</left>
					<top>163</top>
					<visible>Window.IsVisible(Profiles)</visible>
				  <include>Window_OpenClose_Animation</include>
				<control type="label">
					<description>Header Category Label</description>
					<left>0</left>
					<top>-50</top>
					<width>1075</width>
					<height>50</height>
					<font>FontSize_36</font>
					<label>$LOCALIZE[31419]</label>
					<align>center</align>
					<aligny>center</aligny>
					<textcolor>white</textcolor>
					<shadowcolor>99000000</shadowcolor>
				</control>
			  <control type="textbox">
					<description>Category Description</description>
					<left>0</left>
					<top>425</top>
					<width>1045</width>
					<height>30</height>
					<textcolor>33white</textcolor>
					<shadowcolor>44333333</shadowcolor>
					<font>FontSize_20</font>
					<align>left</align>
				  <autoscroll>false</autoscroll>
					<label>$LOCALIZE[31410]</label>
			 </control>
			</control>
	  </control>
	 </control>
	  	 
		<include>CommonNowPlaying</include>
		<include>CommonDialogsFadeOutBG</include>
		<include>SettingsMenu</include>
		<include>SettingsWeatherAndClock</include>
	</controls>
</window>