<?xml version="1.0" encoding="UTF-8"?>
<window  id="12">
	<defaultcontrol>3</defaultcontrol>
	<allowoverlay>no</allowoverlay>
  <backgroundcolor>0</backgroundcolor>
	<onunload>SetFocus(9000)</onunload>
	<controls>
	 <include>BackgroundItems</include>

	 <control type="group">
    <include>Window_OpenClose_Animation</include>
    <include>DialogZoomInOutAnimation</include>
		<visible>!Window.IsActive(pvrchannelmanager) + !Window.IsActive(pvrgroupmanager)</visible>
		
	  <control type="group">
	    <include>Window_OpenClose_Animation</include>
			<control type="image">
			<include>FullscreenDimensions</include>
			  <texture background="true">windows/settings/bg_settings.png</texture>
			</control>
			<control type="button" id="10">
				<description>Default Category Button</description>
				<width>295</width>
				<height>50</height>
				<font>FontSize_20</font>
				<textcolor>77white</textcolor>
				<focusedcolor>white</focusedcolor>
			  <disabledcolor>33white</disabledcolor>
				<texturefocus>buttons/catbullet_fo.png</texturefocus>
				<texturenofocus>buttons/catbullet_nf.png</texturenofocus>
				<align>left</align>
				<aligny>center</aligny>
			  <textwidth>250</textwidth>
				<textoffsetx>40</textoffsetx>
				<pulseonselect>false</pulseonselect>
			</control>
			<control type="button" id="7">
				<description>Default Button</description>
		    <invalidcolor>invalid</invalidcolor>
		    <include>SettingsButton</include>
			</control>
			<control type="radiobutton" id="8">
				<description>Default RadioButton</description>
		    <include>SettingsRadioButton</include>
			</control>
			<control type="spincontrolex" id="9">
				<description>Default SpinControlex</description>
		    <include>SettingsSpincontrolex</include>
			</control>
	  </control>

		<control type="group" id="9001">
      <include>Window_OpenClose_Animation</include>
			<left>100</left>
			<top>166</top>
			<height>40</height>
			<control type="grouplist" id="3">
				<description>Category Area</description>
				<left>0</left>
				<top>0</top>
				<width>295</width>
				<height>414</height>
				<itemgap>2</itemgap>
				<onleft>9000</onleft>
				<onright>5</onright>
				<onup>3</onup>
				<ondown>3</ondown>
			</control>
			<!--
			<control type="button." id="30">
			  <description>Settings Level Button</description>
				<top>363</top>
				<width>295</width>
				<height>51</height>
				<font>FontSize_20</font>
				<textcolor>77white</textcolor>
				<focusedcolor>white</focusedcolor>
			  <disabledcolor>33white</disabledcolor>
				<texturefocus>buttons/catbullet_fo.png</texturefocus>
				<texturenofocus>buttons/catbullet_nf.png</texturenofocus>
				<align>left</align>
				<aligny>center</aligny>
			  <textwidth>250</textwidth>
				<textoffsetx>40</textoffsetx>
				<pulseonselect>false</pulseonselect>
				<onleft>9000</onleft>
				<onright>5</onright>
				<onup>3</onup>
				<ondown>3</ondown>
				<label>$INFO[Control.GetLabel(20),$LOCALIZE[31167]  ]</label>
				<onclick>SettingsLevelChange</onclick>
			</control>
			-->
			<control type="grouplist" id="5">
				<description>Controls Area</description>
				<left>298</left>
				<top>0</top>
				<width>782</width>
				<height>414</height>
				<itemgap>2</itemgap>
				<onleft>3</onleft>
				<onright>9000</onright>
				<onup>5</onup>
				<ondown>5</ondown>
        <!-- <animation effect="fade" start="100" end="50" time="100" condition="Control.HasFocus(30)">Conditional</animation> -->
			</control>
		</control>

		<control type="button" id="20">
			<description>Settings Level Button</description>
			<visible>false</visible>
		</control>

		<control type="label" id="2">
			<description>Hidden label to get the values</description>
			<visible>false</visible>
		</control>

    <!-- Description Category Labels -->
		<control type="group">
      <include>Window_OpenClose_Animation</include>
			<left>120</left>
			<top>163</top>
			<height>40</height>
			<control type="label">
				<description>Header Category Label</description>
				<left>0</left>
				<top>-50</top>
				<width>1075</width>
				<height>50</height>
				<font>FontSize_36</font>
				<label>$VAR[SettingsCategoryHeadLabels]</label>
				<align>center</align>
				<aligny>center</aligny>
				<textcolor>white</textcolor>
				<shadowcolor>99000000</shadowcolor>
			</control>
		 <control type="textbox" id="6">
				<description>Description Area</description>
				<left>0</left>
				<top>425</top>
				<width>1045</width>
				<height>30</height>
				<textcolor>33white</textcolor>
				<shadowcolor>44333333</shadowcolor>
				<font>FontSize_20</font>
				<align>left</align>
				<autoscroll>false</autoscroll>
				<label>-</label>
		 </control>
		</control>
	 </control>
		
	 <include>CommonNowPlaying</include>
	 <include>CommonDialogsFadeOutBG</include>
	 <include>SettingsMenu</include>
	 <include>SettingsWeatherAndClock</include>
	</controls>
</window>
