<?xml version="1.0" encoding="UTF-8"?>
<window>
	<defaultcontrol always="true">8000</defaultcontrol>
  <allowoverlay>no</allowoverlay>
  <backgroundcolor>0</backgroundcolor>
  <onload condition="IsEmpty(Skin.String(AddonsName))">Skin.SetString(AddonsName,addonbrowser)</onload>
  <onload condition="IsEmpty(Skin.String(MusicName))">Skin.SetString(MusicName,library)</onload>
  <onload condition="IsEmpty(Skin.String(MusicPath))">Skin.SetString(MusicPath,root)</onload>
	<onload condition="IsEmpty(Skin.String(QuickNavWidgetMoviesType))">Skin.SetString(QuickNavWidgetMoviesType,1)</onload>
	<onload condition="IsEmpty(Skin.String(QuickNavWidgetMoviesName))">Skin.SetString(QuickNavWidgetMoviesName,$LOCALIZE[31241])</onload>
	<onload condition="IsEmpty(Skin.String(QuickNavWidgetTVShowsType))">Skin.SetString(QuickNavWidgetTVShowsType,1)</onload>
	<onload condition="IsEmpty(Skin.String(QuickNavWidgetTVShowsName))">Skin.SetString(QuickNavWidgetTVShowsName,$LOCALIZE[31242])</onload>
	<onload condition="IsEmpty(Skin.String(QuickNavWidgetMusicType))">Skin.SetString(QuickNavWidgetMusicType,1)</onload>
	<onload condition="IsEmpty(Skin.String(QuickNavWidgetMusicName))">Skin.SetString(QuickNavWidgetMusicName,$LOCALIZE[31243])</onload>
  <onload condition="[System.HasAddon(script.extendedinfo) + IsEmpty(Skin.String(RSSVideoFeedName))]">Skin.SetString(RSSVideoFeedName,Euronews)</onload>
  <onload condition="[System.HasAddon(script.extendedinfo) + IsEmpty(Skin.String(RSSVideoFeedURL))]">Skin.SetString(RSSVideoFeedURL,Euronews)</onload>
	<onunload condition="[stringcompare(Skin.String(RSSVideoFeedName),Custom) + IsEmpty(Skin.String(SearchStringName))]">Skin.SetString(RSSVideoFeedName,Euronews)</onunload>
	<onunload condition="[stringcompare(Skin.String(RSSVideoFeedName),Custom) + IsEmpty(Skin.String(SearchStringURL))]">Skin.SetString(RSSVideoFeedURL,Euronews)</onunload>
	<controls>
	 <include>BackgroundItems</include>
	 
	 <control type="group">
    <include>Window_OpenClose_Animation</include>
		<visible>![Window.IsActive(PlayerControls) + ![Skin.HasSetting(DisableQuickNav) + !Player.HasMedia]] + !Window.IsActive(virtualkeyboard) + !Window.IsActive(ShutdownMenu) + !Window.IsActive(favourites) + !Window.IsActive(addonsettings) + !Window.IsActive(filebrowser) + !Window.IsActive(yesnodialog) + !Window.IsActive(selectdialog) + !Window.IsActive(DialogSelect.xml)</visible>

	  <control type="group">
	    <include>Window_OpenClose_Animation</include>
			<control type="image">
			  <include>FullscreenDimensions</include>
			  <texture background="true">windows/settings/bg_settings.png</texture>
			</control>
		</control>			

		<!-- ======================== -->
		<!-- == Categories Buttons == -->
		<!-- ======================== -->
		<control type="group" id="8000">
			<left>100</left>
			<top>166</top>
      <include>Window_OpenClose_Animation</include>
			<control type="list" id="8800">
				<left>0</left>
				<top>0</top>
				<width>295</width>
				<height>414</height>
				<itemgap>2</itemgap>
				<onleft>9000</onleft>
				<onright>8900</onright>
				<onup>8800</onup>
				<ondown>8800</ondown>
				<pagecontrol>-</pagecontrol>
				<scrolltime>300</scrolltime>
				<itemlayout height="52" width="295">
					<control type="image">
						<left>0</left>
						<top>0</top>
						<width>295</width>
						<height>50</height>
						<texture>buttons/catbullet_nf.png</texture>
					</control>
					<control type="label">
						<left>40</left>
						<top>0</top>
						<width>295</width>
						<height>50</height>
				    <font>FontSize_20</font>
						<textcolor>77white</textcolor>
						<align>left</align>
						<aligny>center</aligny>
						<label>$INFO[ListItem.Label]</label>
					</control>
				</itemlayout>
				<focusedlayout height="52" width="295">
					<control type="image">
						<left>0</left>
						<top>0</top>
						<width>295</width>
						<height>50</height>
						<texture>buttons/catbullet_fo.png</texture>
            <animation effect="fade" start="100" end="50" time="100" condition="!Control.HasFocus(8800)">Conditional</animation>
					</control>
					<control type="label">
						<left>40</left>
						<top>0</top>
						<width>295</width>
						<height>50</height>
				    <font>FontSize_20</font>
						<textcolor>white</textcolor>
						<align>left</align>
						<aligny>center</aligny>
						<label>$INFO[ListItem.Label]</label>
					</control>
				</focusedlayout>
				<content>
				  <!-- General -->
					<item id="1">
						<label>128</label>
						<onclick>noop</onclick>
					</item>
				  <!-- Home Window -->
					<item id="2">
						<label>513</label>
						<onclick>noop</onclick>
					</item>
				  <!-- Home Menu -->
					<item id="3">
						<label>31098</label>
						<onclick>noop</onclick>
					</item>
				  <!-- Backgrounds -->
					<item id="4">
						<label>33069</label>
						<onclick>noop</onclick>
					</item>
				  <!-- Views -->
					<item id="5">
						<label>31158</label>
						<onclick>noop</onclick>
					</item>
				  <!-- Addons -->
					<item id="6">
						<label>24001</label>
						<onclick>noop</onclick>
					</item>
				  <!-- Quick Nav -->
					<item id="7">
						<label>31374</label>
						<onclick>noop</onclick>
					</item>
				</content>
			</control>

			<control type="group" id="8900">
			
				<!-- ============= -->
				<!-- == General == -->
				<!-- ============= -->
				<control type="grouplist" id="8100">
					<include>CloseAnimation</include>
					<visible>Container(8800).Hasfocus(1)</visible>
					<left>297</left>
					<top>0</top>
					<width>782</width>
					<height>414</height>
					<itemgap>2</itemgap>
					<pagecontrol>60</pagecontrol>
					<onleft>8800</onleft>
					<onright>9000</onright>
					<onup>8100</onup>
					<ondown>8100</ondown>
					<control type="radiobutton" id="8101">
	          <include>SettingsRadioButton</include>
						<label>20189</label>
						<onclick>Skin.ToggleSetting(AutoScroll)</onclick>
						<selected>Skin.HasSetting(AutoScroll)</selected>
					</control>
					<control type="radiobutton" id="8102">
	          <include>SettingsRadioButton</include>
						<label>21398</label>
						<onclick>Skin.Reset(Startup_Playlist_Path)</onclick>
						<onclick>Skin.ToggleSetting(Use_Startup_Playlist)</onclick>
						<selected>Skin.HasSetting(Use_Startup_Playlist)</selected>
					</control>
					<control type="button" id="8103">
	          <include>SettingsButton</include>
						<label> • $LOCALIZE[15311]</label>
						<label2>$INFO[Skin.String(Startup_Playlist_Path)]</label2>
            <onclick>Skin.SetFile(Startup_Playlist_Path,.m3u|.xsp,special://profile/playlists/)</onclick>
						<visible>Skin.HasSetting(Use_Startup_Playlist)</visible>
					</control>
					<control type="radiobutton" id="8104">
	          <include>SettingsRadioButton</include>
						<label>31139</label>
						<onclick>Skin.ToggleSetting(EnableAddonsNotifications)</onclick>
						<selected>Skin.HasSetting(EnableAddonsNotifications)</selected>
					</control>
					<control type="radiobutton" id="8105">
	          <include>SettingsRadioButton</include>
						<label>31140</label>
						<onclick>Skin.ToggleSetting(EnableWeatherAlertsNotifications)</onclick>
						<selected>Skin.HasSetting(EnableWeatherAlertsNotifications)</selected>
					</control>
					<control type="radiobutton" id="8108">
	          <include>SettingsRadioButton</include>
						<label>31162</label>
						<onclick>Skin.ToggleSetting(EnableKioskMode)</onclick>
						<selected>Skin.HasSetting(EnableKioskMode)</selected>
					</control>
					<control type="radiobutton" id="8106">
	          <include>SettingsRadioButton</include>
						<label>31151</label>
						<onclick>Skin.ToggleSetting(EnableGlobalRSS)</onclick>
						<selected>Skin.HasSetting(EnableGlobalRSS)</selected>
						<enable>System.Getbool(lookandfeel.enablerssfeeds)</enable>
					</control>
					<control type="radiobutton" id="8107">
	          <include>SettingsRadioButton</include>
						<label>31159</label>
						<onclick>Skin.ToggleSetting(ShowVideoInfo)</onclick>
						<selected>Skin.HasSetting(ShowVideoInfo)</selected>
					</control>
				</control>
				
				<!-- ================= -->
				<!-- == Home Window == -->
				<!-- ================= -->
				<control type="grouplist" id="8200">
					<include>CloseAnimation</include>
					<visible>Container(8800).Hasfocus(2)</visible>
					<left>297</left>
					<top>0</top>
					<width>782</width>
					<height>414</height>
					<itemgap>2</itemgap>
					<pagecontrol>60</pagecontrol>
					<onleft>8800</onleft>
					<onright>9000</onright>
					<onup>8200</onup>
					<ondown>8200</ondown>
					<control type="radiobutton" id="8210">
						<description>Enable HomeMenu Animation</description>
	          <include>SettingsRadioButton</include>
						<label>31013</label>
						<onclick>Skin.ToggleSetting(HomeMenuAnimation)</onclick>
						<selected>Skin.HasSetting(HomeMenuAnimation)</selected>
					</control>
					<control type="radiobutton" id="8211">
						<description>Hide Library Totals</description>
	          <include>SettingsRadioButton</include>
						<label>31161</label>
						<onclick>Skin.ToggleSetting(ShowLibraryTotals)</onclick>
						<selected>Skin.HasSetting(ShowLibraryTotals)</selected>
					</control>
				  <!-- Hide Now Playing -->
					<control type="radiobutton" id="8203">
						<description>Hide Home NP VideoInfo</description>
	          <include>SettingsRadioButton</include>
						<label>31102</label>
						<onclick>Skin.ToggleSetting(HideHomeNPVideoInfo)</onclick>
						<selected>Skin.HasSetting(HideHomeNPVideoInfo)</selected>
					</control>
					<control type="radiobutton" id="8204">
						<description>Hide Home NP MusicInfo</description>
	          <include>SettingsRadioButton</include>
						<label>31103</label>
						<onclick>Skin.ToggleSetting(HideHomeNPMusicInfo)</onclick>
						<selected>Skin.HasSetting(HideHomeNPMusicInfo)</selected>
					</control>
				</control>

				<!-- =============== -->
				<!-- == Home Menu == -->
				<!-- =============== -->
				<control type="grouplist" id="8300">
					<include>CloseAnimation</include>
					<visible>Container(8800).Hasfocus(3)</visible>
					<left>297</left>
					<top>0</top>
					<width>782</width>
					<height>414</height>
					<itemgap>2</itemgap>
					<pagecontrol>60</pagecontrol>
					<onleft>8800</onleft>
					<onright>9000</onright>
					<onup>8300</onup>
					<ondown>8300</ondown>
				  <!-- Customize Music Button -->
					<control type="group" id="8340">
						<description>Fake spin control</description>
						<width>782</width>
						<height>50</height>
						<control type="image">
							<left>0</left>
							<top>0</top>
							<width>782</width>
							<height>50</height>
							<texture>buttons/settings_fo.png</texture>
							<aspectratio>stretch</aspectratio>
							<visible>ControlGroup(8340).HasFocus</visible>
						</control>
					  <control type="button" id="83401">
								<onleft>8800</onleft>
								<onright>9000</onright>
								<onup>8390</onup>
								<ondown>8350</ondown>
						    <enable>!Skin.HasSetting(HideHomeMenuMusicButton)</enable>
								<texturefocus>-</texturefocus>
								<texturenofocus>-</texturenofocus>
								<onclick condition="stringcompare(Skin.String(MusicName),plugins)">Skin.SetString(MusicName,library)</onclick>
								<onclick condition="stringcompare(Skin.String(MusicName),plugins)">Skin.SetString(MusicPath,root)</onclick>
								<onclick condition="stringcompare(Skin.String(MusicName),playlists)">Skin.SetString(MusicName,plugins)</onclick>
								<onclick condition="stringcompare(Skin.String(MusicName),playlists)">Skin.SetString(MusicPath,plugins)</onclick>
								<onclick condition="stringcompare(Skin.String(MusicName),compilations)">Skin.SetString(MusicName,playlists)</onclick>
								<onclick condition="stringcompare(Skin.String(MusicName),compilations)">Skin.SetString(MusicPath,playlists)</onclick>
								<onclick condition="stringcompare(Skin.String(MusicName),recentlyplayedalbums)">Skin.SetString(MusicName,compilations)</onclick>
								<onclick condition="stringcompare(Skin.String(MusicName),recentlyplayedalbums)">Skin.SetString(MusicPath,compilations)</onclick>
								<onclick condition="stringcompare(Skin.String(MusicName),recentlyaddedalbums)">Skin.SetString(MusicName,recentlyplayedalbums)</onclick>
								<onclick condition="stringcompare(Skin.String(MusicName),recentlyaddedalbums)">Skin.SetString(MusicPath,recentlyplayedalbums)</onclick>
								<onclick condition="stringcompare(Skin.String(MusicName),top100albums)">Skin.SetString(MusicName,recentlyaddedalbums)</onclick>
								<onclick condition="stringcompare(Skin.String(MusicName),top100albums)">Skin.SetString(MusicPath,recentlyaddedalbums)</onclick>
								<onclick condition="stringcompare(Skin.String(MusicName),top100songs)">Skin.SetString(MusicName,top100albums)</onclick>
								<onclick condition="stringcompare(Skin.String(MusicName),top100songs)">Skin.SetString(MusicPath,top100albums)</onclick>
								<onclick condition="stringcompare(Skin.String(MusicName),years)">Skin.SetString(MusicName,top100songs)</onclick>
								<onclick condition="stringcompare(Skin.String(MusicName),years)">Skin.SetString(MusicPath,top100songs)</onclick>
								<onclick condition="stringcompare(Skin.String(MusicName),genres)">Skin.SetString(MusicName,years)</onclick>
								<onclick condition="stringcompare(Skin.String(MusicName),genres)">Skin.SetString(MusicPath,years)</onclick>
								<onclick condition="stringcompare(Skin.String(MusicName),songs)">Skin.SetString(MusicName,genres)</onclick>
								<onclick condition="stringcompare(Skin.String(MusicName),songs)">Skin.SetString(MusicPath,genres)</onclick>
								<onclick condition="stringcompare(Skin.String(MusicName),artists)">Skin.SetString(MusicName,songs)</onclick>
								<onclick condition="stringcompare(Skin.String(MusicName),artists)">Skin.SetString(MusicPath,songs)</onclick>
								<onclick condition="stringcompare(Skin.String(MusicName),albums)">Skin.SetString(MusicName,artists)</onclick>
								<onclick condition="stringcompare(Skin.String(MusicName),albums)">Skin.SetString(MusicPath,artists)</onclick>
								<onclick condition="stringcompare(Skin.String(MusicName),files)">Skin.SetString(MusicName,albums)</onclick>
								<onclick condition="stringcompare(Skin.String(MusicName),files)">Skin.SetString(MusicPath,albums)</onclick>
								<onclick condition="stringcompare(Skin.String(MusicName),library)">Skin.SetString(MusicName,files)</onclick>
								<onclick condition="stringcompare(Skin.String(MusicName),library)">Skin.Reset(MusicPath)</onclick>
								<onclick condition="stringcompare(Skin.String(MusicName),plugins)">Skin.SetString(MusicName,library)</onclick>
								<onclick condition="stringcompare(Skin.String(MusicName),plugins)">Skin.SetString(MusicPath,root)</onclick>
						</control>
						<control type="button">
								<width>780</width>
								<height>50</height>
								<font>FontSize_20</font>
								<textcolor>77white</textcolor>
								<align>left</align>
								<aligny>top</aligny>
								<textoffsetx>15</textoffsetx>
								<textoffsety>10</textoffsety>
								<label>$LOCALIZE[31117]</label>
								<label2>[COLOR=selected]$VAR[HomeMusicButtonMusicName][/COLOR]</label2>
						    <visible>!ControlGroup(8340).HasFocus</visible>
						    <enable>!Skin.HasSetting(HideHomeMenuMusicButton)</enable>
						</control>
						<control type="button">
								<width>780</width>
								<height>50</height>
								<font>FontSize_20</font>
								<textcolor>white</textcolor>
								<align>left</align>
								<aligny>top</aligny>
								<textoffsetx>15</textoffsetx>
								<textoffsety>10</textoffsety>
								<label>$LOCALIZE[31117]</label>
								<label2>[COLOR=selected]$VAR[HomeMusicButtonMusicName][/COLOR]</label2>
						    <visible>ControlGroup(8340).HasFocus</visible>
						    <enable>!Skin.HasSetting(HideHomeMenuMusicButton)</enable>
						</control>
				  </control>
				  <!-- Customize Addons Button -->
					<control type="group" id="8350">
						<description>Fake spin control</description>
						<width>782</width>
						<height>50</height>
						<control type="image">
							<left>0</left>
							<top>0</top>
							<width>782</width>
							<height>50</height>
							<texture>buttons/settings_fo.png</texture>
							<aspectratio>stretch</aspectratio>
							<visible>ControlGroup(8350).HasFocus</visible>
						</control>
					  <control type="button" id="83502">
								<onleft>8800</onleft>
								<onright>9000</onright>
								<onup>8340</onup>
								<ondown>8330</ondown>
						    <enable>!Skin.HasSetting(HideHomeMenuAddonsButton)</enable>
								<texturefocus>-</texturefocus>
								<texturenofocus>-</texturenofocus>
								<onclick condition="stringcompare(Skin.String(AddonsName),picturesaddons)">Skin.SetString(AddonsName,addonbrowser)</onclick>
								<onclick condition="stringcompare(Skin.String(AddonsName),picturesaddons)">Skin.SetString(AddonsPath,addonbrowser)</onclick>
								<onclick condition="stringcompare(Skin.String(AddonsName),musicaddons)">Skin.SetString(AddonsName,picturesaddons)</onclick>
								<onclick condition="stringcompare(Skin.String(AddonsName),musicaddons)">Skin.SetString(AddonsPath,pictures)</onclick>
								<onclick condition="stringcompare(Skin.String(AddonsName),videosaddons)">Skin.SetString(AddonsName,musicaddons)</onclick>
								<onclick condition="stringcompare(Skin.String(AddonsName),videosaddons)">Skin.SetString(AddonsPath,music)</onclick>
								<onclick condition="stringcompare(Skin.String(AddonsName),addonbrowser)">Skin.SetString(AddonsName,videosaddons)</onclick>
								<onclick condition="stringcompare(Skin.String(AddonsName),addonbrowser)">Skin.SetString(AddonsPath,videos)</onclick>
								<onclick condition="stringcompare(Skin.String(AddonsName),picturesaddons)">Skin.SetString(AddonsName,addonbrowser)</onclick>
								<onclick condition="stringcompare(Skin.String(AddonsName),picturesaddons)">Skin.Reset(AddonsPath)</onclick>
						</control>
						<control type="button">
								<width>780</width>
								<height>50</height>
								<font>FontSize_20</font>
								<textcolor>77white</textcolor>
								<align>left</align>
								<aligny>top</aligny>
								<textoffsetx>15</textoffsetx>
								<textoffsety>10</textoffsety>
								<label>$LOCALIZE[31155]</label>
								<label2>[COLOR=selected]$VAR[HomeAddonsButtonAddonsName][/COLOR]</label2>
						    <visible>!ControlGroup(8350).HasFocus</visible>
						    <enable>!Skin.HasSetting(HideHomeMenuAddonsButton)</enable>
						</control>
						<control type="button">
								<width>780</width>
								<height>50</height>
								<font>FontSize_20</font>
								<textcolor>white</textcolor>
								<align>left</align>
								<aligny>top</aligny>
								<textoffsetx>15</textoffsetx>
								<textoffsety>10</textoffsety>
								<label>$LOCALIZE[31155]</label>
								<label2>[COLOR=selected]$VAR[HomeAddonsButtonAddonsName][/COLOR]</label2>
						    <visible>ControlGroup(8350).HasFocus</visible>
						    <enable>!Skin.HasSetting(HideHomeMenuAddonsButton)</enable>
						</control>
				  </control>					
				  <!-- Hide Submenus -->
					<control type="button" id="8330">
						<description>Home Categories Buttonn</description>
						<texturefocus border="100,2,100,2">buttons/settings_bt_fo.png</texturefocus>
						<texturenofocus border="100,2,100,2">buttons/settings_bt_nf.png</texturenofocus>
	          <include>SettingsButton</include>
						<label>31174</label>
						<onclick>Skin.ToggleSetting(HideSubmenus)</onclick>
					</control>
					<control type="radiobutton" id="8331">
						<description>Hide Movies SubMenu</description>
	          <include>SettingsRadioButton</include>
						<label> • $LOCALIZE[31120]</label>
						<onclick>Skin.ToggleSetting(HideMoviesSubMenu)</onclick>
						<selected>Skin.HasSetting(HideMoviesSubMenu)</selected>
						<visible>Skin.HasSetting(HideSubmenus)</visible>
					</control>
					<control type="radiobutton" id="8332">
						<description>Hide TV Shows SubMenu</description>
	          <include>SettingsRadioButton</include>
						<label> • $LOCALIZE[31121]</label>
						<onclick>Skin.ToggleSetting(HideTVShowsSubMenu)</onclick>
						<selected>Skin.HasSetting(HideTVShowsSubMenu)</selected>
						<visible>Skin.HasSetting(HideSubmenus)</visible>
					</control>
					<control type="radiobutton" id="8333">
						<description>Hide Music SubMenu</description>
	          <include>SettingsRadioButton</include>
						<label> • $LOCALIZE[31122]</label>
						<onclick>Skin.ToggleSetting(HideMusicSubMenu)</onclick>
						<selected>Skin.HasSetting(HideMusicSubMenu)</selected>
						<visible>Skin.HasSetting(HideSubmenus)</visible>
					</control>
					<control type="radiobutton" id="8334">
						<description>Hide Settings SubMenu</description>
	          <include>SettingsRadioButton</include>
						<label> • $LOCALIZE[31123]</label>
						<onclick>Skin.ToggleSetting(HideSettingsSubMenu)</onclick>
						<selected>Skin.HasSetting(HideSettingsSubMenu)</selected>
						<visible>Skin.HasSetting(HideSubmenus)</visible>
					</control>
					<control type="radiobutton" id="8335">
						<description>Hide Addons SubMenu</description>
	          <include>SettingsRadioButton</include>
						<label> • $LOCALIZE[31173]</label>
						<onclick>Skin.ToggleSetting(HideAddonsSubMenu)</onclick>
						<selected>Skin.HasSetting(HideAddonsSubMenu)</selected>
						<visible>Skin.HasSetting(HideSubmenus)</visible>
					</control>
					<control type="radiobutton" id="8336">
						<description>Hide LiveTV SubMenu</description>
	          <include>SettingsRadioButton</include>
						<label> • $LOCALIZE[31152]</label>
						<onclick>Skin.ToggleSetting(HideLiveTVSubMenu)</onclick>
						<selected>Skin.HasSetting(HideLiveTVSubMenu)</selected>
						<visible>Skin.HasSetting(HideSubmenus)</visible>
					</control>

				  <!-- Hide Home Menu Buttons -->
					<control type="button" id="8301">
						<description>Home Categories Buttonn</description>
						<texturefocus border="100,2,100,2">buttons/settings_bt_fo.png</texturefocus>
						<texturenofocus border="100,2,100,2">buttons/settings_bt_nf.png</texturenofocus>
	          <include>SettingsButton</include>
						<label>31100</label>
						<onclick>Skin.ToggleSetting(HideHomeCategories)</onclick>
					</control>
					<control type="radiobutton" id="8302">
						<description>Hide Movies Button</description>
	          <include>SettingsRadioButton</include>
						<label> • $LOCALIZE[31106]</label>
						<onclick>Skin.ToggleSetting(HideHomeMenuMoviesButton)</onclick>
						<selected>Skin.HasSetting(HideHomeMenuMoviesButton)</selected>
						<visible>Skin.HasSetting(HideHomeCategories)</visible>
					</control>
					<control type="radiobutton" id="8303">
						<description>Hide TV Shows Button</description>
	          <include>SettingsRadioButton</include>
						<label> • $LOCALIZE[31107]</label>
						<onclick>Skin.ToggleSetting(HideHomeMenuTVShowsButton)</onclick>
						<selected>Skin.HasSetting(HideHomeMenuTVShowsButton)</selected>
						<visible>Skin.HasSetting(HideHomeCategories)</visible>
					</control>
					<control type="radiobutton" id="8304">
						<description>Hide Music Button</description>
	          <include>SettingsRadioButton</include>
						<label> • $LOCALIZE[31108]</label>
						<onclick>Skin.ToggleSetting(HideHomeMenuMusicButton)</onclick>
						<selected>Skin.HasSetting(HideHomeMenuMusicButton)</selected>
						<visible>Skin.HasSetting(HideHomeCategories)</visible>
					</control>
					<control type="radiobutton" id="8305">
						<description>Hide Pictures Button</description>
	          <include>SettingsRadioButton</include>
						<label> • $LOCALIZE[31109]</label>
						<onclick>Skin.ToggleSetting(HideHomeMenuPicturesButton)</onclick>
						<selected>Skin.HasSetting(HideHomeMenuPicturesButton)</selected>
						<visible>Skin.HasSetting(HideHomeCategories)</visible>
					</control>
					<control type="radiobutton" id="8306">
						<description>Hide Programs Button</description>
	          <include>SettingsRadioButton</include>
						<label> • $LOCALIZE[31110]</label>
						<onclick>Skin.ToggleSetting(HideHomeMenuProgramsButton)</onclick>
						<selected>Skin.HasSetting(HideHomeMenuProgramsButton)</selected>
						<visible>Skin.HasSetting(HideHomeCategories)</visible>
					</control>
					<control type="radiobutton" id="8307">
						<description>Hide Addons Button</description>
	          <include>SettingsRadioButton</include>
						<label> • $LOCALIZE[31111]</label>
						<onclick>Skin.ToggleSetting(HideHomeMenuAddonsButton)</onclick>
						<selected>Skin.HasSetting(HideHomeMenuAddonsButton)</selected>
						<visible>Skin.HasSetting(HideHomeCategories)</visible>
					</control>
					<control type="radiobutton" id="8308">
						<description>Hide Weather Button</description>
	          <include>SettingsRadioButton</include>
						<label> • $LOCALIZE[31112]</label>
						<onclick>Skin.ToggleSetting(HideHomeMenuWeatherButton)</onclick>
						<selected>Skin.HasSetting(HideHomeMenuWeatherButton)</selected>
						<visible>Skin.HasSetting(HideHomeCategories)</visible>
					</control>
					<control type="radiobutton" id="8309">
						<description>Hide Trailers Button</description>
	          <include>SettingsRadioButton</include>
						<label> • $LOCALIZE[31105]</label>
						<onclick>Skin.ToggleSetting(HideHomeMenuTrailersButton)</onclick>
						<selected>Skin.HasSetting(HideHomeMenuTrailersButton)</selected>
						<visible>Skin.HasSetting(HideHomeCategories)</visible>
					</control>
					<control type="radiobutton" id="8311">
						<description>Hide Settings Button</description>
	          <include>SettingsRadioButton</include>
						<label> • $LOCALIZE[31113]</label>
						<onclick>Skin.ToggleSetting(HideHomeMenuSettingsButton)</onclick>
						<selected>Skin.HasSetting(HideHomeMenuSettingsButton)</selected>
						<visible>Skin.HasSetting(HideHomeCategories)</visible>
					</control>

				  <!-- Show Home Menu Buttons -->
					<control type="button" id="8320">
						<description>Home Categories Buttonn</description>
						<texturefocus border="100,2,100,2">buttons/settings_bt_fo.png</texturefocus>
						<texturenofocus border="100,2,100,2">buttons/settings_bt_nf.png</texturenofocus>
	          <include>SettingsButton</include>
						<label>31099</label>
						<onclick>Skin.ToggleSetting(ShowHomeCategories)</onclick>
					</control>
					<control type="radiobutton" id="8321">
						<description>Show Videos Button</description>
	          <include>SettingsRadioButton</include>
						<label> • $LOCALIZE[31114]</label>
						<onclick>Skin.ToggleSetting(ShowHomeMenuVideosButton)</onclick>
						<selected>Skin.HasSetting(ShowHomeMenuVideosButton)</selected>
						<visible>Skin.HasSetting(ShowHomeCategories)</visible>
					</control>
					<control type="radiobutton" id="8322">
						<description>Show MusicVideos Button</description>
	          <include>SettingsRadioButton</include>
						<label> • $LOCALIZE[31116]</label>
						<onclick>Skin.ToggleSetting(ShowHomeMenuMusicVideosButton)</onclick>
						<selected>Skin.HasSetting(ShowHomeMenuMusicVideosButton)</selected>
						<visible>Skin.HasSetting(ShowHomeCategories)</visible>
					</control>
					<control type="radiobutton" id="8310">
						<description>Show Search Button</description>
	          <include>SettingsRadioButton</include>
						<label> • $LOCALIZE[31104]</label>
						<onclick>Skin.ToggleSetting(ShowHomeMenuSearchButton)</onclick>
						<selected>Skin.HasSetting(ShowHomeMenuSearchButton)</selected>
						<visible>Skin.HasSetting(ShowHomeCategories)</visible>
					</control>
					<control type="radiobutton" id="8323">
						<description>Show Exit Button</description>
	          <include>SettingsRadioButton</include>
						<label> • $LOCALIZE[31115]</label>
						<onclick>Skin.ToggleSetting(ShowHomeMenuExitButton)</onclick>
						<selected>Skin.HasSetting(ShowHomeMenuExitButton)</selected>
						<visible>Skin.HasSetting(ShowHomeCategories)</visible>
					</control>

				  <!-- Custom Home Menu Buttons -->
					<control type="button" id="8380">
						<description>Custom Home Buttons</description>
						<texturefocus border="100,2,100,2">buttons/settings_bt_fo.png</texturefocus>
						<texturenofocus border="100,2,100,2">buttons/settings_bt_nf.png</texturenofocus>
	          <include>SettingsButton</include>
						<label>31119</label>
						<onclick>Skin.ToggleSetting(CustomHomeCategories)</onclick>
					</control>
					<control type="button" id="8381">
            <include>SettingsButton</include>
						<label> • $LOCALIZE[31118] 1</label>
						<label2>[COLOR=selected]$INFO[Skin.String(CustomFavourite1.Label)][/COLOR]</label2>
						<onclick>RunScript(script.favourites,property=CustomFavourite1)</onclick>
						<visible>Skin.HasSetting(CustomHomeCategories)</visible>
					</control>
					<control type="button" id="8382">
            <include>SettingsButton</include>
						<label> • $LOCALIZE[31118] 2</label>
						<label2>[COLOR=selected]$INFO[Skin.String(CustomFavourite2.Label)][/COLOR]</label2>
						<onclick>RunScript(script.favourites,property=CustomFavourite2)</onclick>
						<visible>Skin.HasSetting(CustomHomeCategories)</visible>
					</control>
					<control type="button" id="8383">
            <include>SettingsButton</include>
						<label> • $LOCALIZE[31118] 3</label>
						<label2>[COLOR=selected]$INFO[Skin.String(CustomFavourite3.Label)][/COLOR]</label2>
						<onclick>RunScript(script.favourites,property=CustomFavourite3)</onclick>
						<visible>Skin.HasSetting(CustomHomeCategories)</visible>
					</control>
					<control type="button" id="8384">
            <include>SettingsButton</include>
						<label> • $LOCALIZE[31118] 4</label>
						<label2>[COLOR=selected]$INFO[Skin.String(CustomFavourite4.Label)][/COLOR]</label2>
						<onclick>RunScript(script.favourites,property=CustomFavourite4)</onclick>
						<visible>Skin.HasSetting(CustomHomeCategories)</visible>
					</control>
					<control type="button" id="8385">
            <include>SettingsButton</include>
						<label> • $LOCALIZE[31118] 5</label>
						<label2>[COLOR=selected]$INFO[Skin.String(CustomFavourite5.Label)][/COLOR]</label2>
						<onclick>RunScript(script.favourites,property=CustomFavourite5)</onclick>
						<visible>Skin.HasSetting(CustomHomeCategories)</visible>
					</control>
					<control type="button" id="8386">
            <include>SettingsButton</include>
						<label> • $LOCALIZE[31118] 6</label>
						<label2>[COLOR=selected]$INFO[Skin.String(CustomFavourite6.Label)][/COLOR]</label2>
						<onclick>RunScript(script.favourites,property=CustomFavourite6)</onclick>
						<visible>Skin.HasSetting(CustomHomeCategories)</visible>
					</control>
					<control type="button" id="8387">
            <include>SettingsButton</include>
						<label> • $LOCALIZE[31118] 7</label>
						<label2>[COLOR=selected]$INFO[Skin.String(CustomFavourite7.Label)][/COLOR]</label2>
						<onclick>RunScript(script.favourites,property=CustomFavourite7)</onclick>
						<visible>Skin.HasSetting(CustomHomeCategories)</visible>
					</control>
					<control type="button" id="8388">
            <include>SettingsButton</include>
						<label> • $LOCALIZE[31118] 8</label>
						<label2>[COLOR=selected]$INFO[Skin.String(CustomFavourite8.Label)][/COLOR]</label2>
						<onclick>RunScript(script.favourites,property=CustomFavourite8)</onclick>
						<visible>Skin.HasSetting(CustomHomeCategories)</visible>
					</control>
					<control type="button" id="8389">
            <include>SettingsButton</include>
						<label> • $LOCALIZE[31118] 9</label>
						<label2>[COLOR=selected]$INFO[Skin.String(CustomFavourite9.Label)][/COLOR]</label2>
						<onclick>RunScript(script.favourites,property=CustomFavourite9)</onclick>
						<visible>Skin.HasSetting(CustomHomeCategories)</visible>
					</control>
					<control type="button" id="8390">
            <include>SettingsButton</include>
						<label> • $LOCALIZE[31118] 10</label>
						<label2>[COLOR=selected]$INFO[Skin.String(CustomFavourite10.Label)][/COLOR]</label2>
						<onclick>RunScript(script.favourites,property=CustomFavourite10)</onclick>
						<visible>Skin.HasSetting(CustomHomeCategories)</visible>
					</control>
				</control>

				<!-- ================= -->
				<!-- == Backgrounds == -->
				<!-- ================= -->
				<control type="grouplist" id="8400">
					<include>CloseAnimation</include>
					<visible>Container(8800).Hasfocus(4)</visible>
					<left>297</left>
					<top>0</top>
					<width>782</width>
					<height>414</height>
					<itemgap>2</itemgap>
					<pagecontrol>60</pagecontrol>
					<onleft>8800</onleft>
					<onright>9000</onright>
					<onup>8400</onup>
					<ondown>8400</ondown>
					<control type="radiobutton" id="8401">
	          <include>SettingsRadioButton</include>
						<label>31130</label>
						<onclick>Skin.ToggleSetting(HideBGFanart)</onclick>
						<selected>Skin.HasSetting(HideBGFanart)</selected>
					</control>
					<control type="radiobutton" id="8402">
	          <include>SettingsRadioButton</include>
						<label>31132</label>
						<onclick>Skin.ToggleSetting(HideBGVideo)</onclick>
						<selected>Skin.HasSetting(HideBGVideo)</selected>
					</control>
					<control type="radiobutton" id="8407">
	          <include>SettingsRadioButton</include>
						<label>$LOCALIZE[31172]</label>
						<onclick>Skin.ToggleSetting(HomeCategoriesFanart)</onclick>
						<selected>Skin.HasSetting(HomeCategoriesFanart)</selected>
					</control>
					<control type="radiobutton" id="8403">
	          <include>SettingsRadioButton</include>
						<label>31133</label>
						<onclick>Skin.ToggleSetting(CustomBackground)</onclick>
						<selected>Skin.HasSetting(CustomBackground)</selected>
					</control>
					<control type="button" id="8404">
	          <include>SettingsButton</include>
						<label> • $LOCALIZE[31135]</label>
						<label2>[COLOR=selected]$INFO[Skin.String(CustomImageBackgroundPath)][/COLOR]</label2>
						<onclick>Skin.Reset(CustomFolderBackgroundPath)</onclick>
						<onclick>Skin.SetImage(CustomImageBackgroundPath)</onclick>
						<visible>Skin.HasSetting(CustomBackground)</visible>
					</control>
					<control type="button" id="8405">
	          <include>SettingsButton</include>
						<label> • $LOCALIZE[31136]</label>
						<label2>[COLOR=selected]$INFO[Skin.String(CustomFolderBackgroundPath)][/COLOR]</label2>
						<onclick>Skin.Reset(CustomImageBackgroundPath)</onclick>
						<onclick>Skin.SetPath(CustomFolderBackgroundPath)</onclick>
						<visible>Skin.HasSetting(CustomBackground)</visible>
					</control>
					<control type="radiobutton" id="8406">
	          <include>SettingsRadioButton</include>
						<label> • $LOCALIZE[31131]</label>
						<onclick>Skin.ToggleSetting(ShowCustomBackgroundOnHomeOnly)</onclick>
						<selected>Skin.HasSetting(ShowCustomBackgroundOnHomeOnly)</selected>
						<visible>Skin.HasSetting(CustomBackground)</visible>
						<enable>!IsEmpty(Skin.String(CustomFolderBackgroundPath))</enable>
					</control>
				</control>

				<!-- =========== -->
				<!-- == Views == -->
				<!-- =========== -->
				<control type="grouplist" id="8500">
				<include>CloseAnimation</include>
					<visible>Container(8800).Hasfocus(5)</visible>
					<left>297</left>
					<top>0</top>
					<width>782</width>
					<height>414</height>
					<itemgap>2</itemgap>
					<pagecontrol>60</pagecontrol>
					<onleft>8800</onleft>
					<onright>9000</onright>
					<onup>8500</onup>
					<ondown>8500</ondown>
				  <!-- == Video Views == -->
					<control type="button" id="8510">
						<description>Hide Video Views</description>
						<texturefocus border="100,2,100,2">buttons/settings_bt_fo.png</texturefocus>
						<texturenofocus border="100,2,100,2">buttons/settings_bt_nf.png</texturenofocus>
	          <include>SettingsButton</include>
						<label>31156</label>
						<onclick>Skin.ToggleSetting(VideoViews)</onclick>
					</control>
					<control type="radiobutton" id="8511">
	          <include>SettingsRadioButton</include>
						<label> • $LOCALIZE[31080]</label>
						<onclick>Skin.ToggleSetting(HideSlideViewVideos)</onclick>
						<selected>Skin.HasSetting(HideSlideViewVideos)</selected>
						<visible>Skin.HasSetting(VideoViews)</visible>
					</control>
					<control type="radiobutton" id="8512">
	          <include>SettingsRadioButton</include>
						<label> • $LOCALIZE[31081]</label>
						<onclick>Skin.ToggleSetting(HideGalleryViewVideos)</onclick>
						<selected>Skin.HasSetting(HideGalleryViewVideos)</selected>
						<visible>Skin.HasSetting(VideoViews)</visible>
					</control>
					<control type="radiobutton" id="8513">
	          <include>SettingsRadioButton</include>
						<label> • $LOCALIZE[31085]</label>
						<onclick>Skin.ToggleSetting(HideThumbnailsVideos)</onclick>
						<selected>Skin.HasSetting(HideThumbnailsVideos)</selected>
						<visible>Skin.HasSetting(VideoViews)</visible>
					</control>
					<control type="radiobutton" id="8514">
	          <include>SettingsRadioButton</include>
						<label> • $LOCALIZE[31086]</label>
						<onclick>Skin.ToggleSetting(HideBannersViewVideos)</onclick>
						<selected>Skin.HasSetting(HideBannersViewVideos)</selected>
						<visible>Skin.HasSetting(VideoViews)</visible>
					</control>
					<control type="radiobutton" id="8515">
	          <include>SettingsRadioButton</include>
						<label> • $LOCALIZE[31084]</label>
						<onclick>Skin.ToggleSetting(HidePostersViewVideos)</onclick>
						<selected>Skin.HasSetting(HidePostersViewVideos)</selected>
						<visible>Skin.HasSetting(VideoViews)</visible>
					</control>
					<control type="radiobutton" id="8516">
	          <include>SettingsRadioButton</include>
						<label> • $LOCALIZE[31082]</label>
						<onclick>Skin.ToggleSetting(Hide3DWallViewVideos)</onclick>
						<selected>Skin.HasSetting(Hide3DWallViewVideos)</selected>
						<visible>Skin.HasSetting(VideoViews)</visible>
					</control>
					<control type="radiobutton" id="8517">
	          <include>SettingsRadioButton</include>
						<label> • $LOCALIZE[31083]</label>
						<onclick>Skin.ToggleSetting(HideWallViewVideos)</onclick>
						<selected>Skin.HasSetting(HideWallViewVideos)</selected>
						<visible>Skin.HasSetting(VideoViews)</visible>
					</control>
					<control type="radiobutton" id="8518">
	          <include>SettingsRadioButton</include>
						<label> • $LOCALIZE[31088]</label>
						<onclick>Skin.ToggleSetting(HideListWallViewVideos)</onclick>
						<selected>Skin.HasSetting(HideListWallViewVideos)</selected>
						<visible>Skin.HasSetting(VideoViews)</visible>
					</control>
					<control type="radiobutton" id="8519">
	          <include>SettingsRadioButton</include>
						<label> • $LOCALIZE[31087]</label>
						<onclick>Skin.ToggleSetting(HideVideoWallFanartViewVideos)</onclick>
						<selected>Skin.HasSetting(HideVideoWallFanartViewVideos)</selected>
						<visible>Skin.HasSetting(VideoViews)</visible>
					</control>

				  <!-- == Music Views == -->
					<control type="button" id="8520">
						<description>Hide Music Views</description>
						<texturefocus border="100,2,100,2">buttons/settings_bt_fo.png</texturefocus>
						<texturenofocus border="100,2,100,2">buttons/settings_bt_nf.png</texturenofocus>
	          <include>SettingsButton</include>
						<label>31157</label>
						<onclick>Skin.ToggleSetting(MusicViews)</onclick>
					</control>					
					<control type="radiobutton" id="8521">
	          <include>SettingsRadioButton</include>
						<label> • $LOCALIZE[31080]</label>
						<onclick>Skin.ToggleSetting(HideSlideViewMusic)</onclick>
						<selected>Skin.HasSetting(HideSlideViewMusic)</selected>
						<visible>Skin.HasSetting(MusicViews)</visible>
					</control>
					<control type="radiobutton" id="8522">
	          <include>SettingsRadioButton</include>
						<label> • $LOCALIZE[31081]</label>
						<onclick>Skin.ToggleSetting(HideGalleryViewMusic)</onclick>
						<selected>Skin.HasSetting(HideGalleryViewMusic)</selected>
						<visible>Skin.HasSetting(MusicViews)</visible>
					</control>
					<control type="radiobutton" id="8523">
	          <include>SettingsRadioButton</include>
						<label> • $LOCALIZE[31085]</label>
						<onclick>Skin.ToggleSetting(HideThumbnailsMusic)</onclick>
						<selected>Skin.HasSetting(HideThumbnailsMusic)</selected>
						<visible>Skin.HasSetting(MusicViews)</visible>
					</control>
					<control type="radiobutton" id="8524">
	          <include>SettingsRadioButton</include>
						<label> • $LOCALIZE[31086]</label>
						<onclick>Skin.ToggleSetting(HideBannersViewMusic)</onclick>
						<selected>Skin.HasSetting(HideBannersViewMusic)</selected>
						<visible>Skin.HasSetting(MusicViews)</visible>
					</control>
					<control type="radiobutton" id="8525">
	          <include>SettingsRadioButton</include>
						<label> • $LOCALIZE[31082]</label>
						<onclick>Skin.ToggleSetting(Hide3DWallViewMusic)</onclick>
						<selected>Skin.HasSetting(Hide3DWallViewMusic)</selected>
						<visible>Skin.HasSetting(MusicViews)</visible>
					</control>
				</control>

				<!-- ============ -->
				<!-- == Addons == -->
				<!-- ============ -->
				<control type="grouplist" id="8600">
				<include>CloseAnimation</include>
					<visible>Container(8800).Hasfocus(6)</visible>
					<left>297</left>
					<top>0</top>
					<width>782</width>
					<height>414</height>
					<itemgap>2</itemgap>
					<pagecontrol>60</pagecontrol>
					<onleft>8800</onleft>
					<onright>9000</onright>
					<onup>8600</onup>
					<ondown>8600</ondown>
					<control type="button" id="8601">
            <include>SettingsButton</include>
						<label>$LOCALIZE[31141]</label>
						<label2>[COLOR=selected]$INFO[system.addontitle(Skin.String(LyricScript_Path))][/COLOR]</label2>
						<onclick>Skin.SetAddon(LyricScript_Path,xbmc.python.lyrics)</onclick>
					</control>
					<control type="button" id="8602">
            <include>SettingsButton</include>
						<label> • $LOCALIZE[1045]</label>
						<onclick>Addon.OpenSettings($INFO[Skin.String(LyricScript_Path)])</onclick>
						<visible>!IsEmpty(Skin.String(LyricScript_Path))</visible>
					</control> 
					<control type="button." id="8603">
            <include>SettingsButton</include>
						<label>$LOCALIZE[31142]</label>
						<label2>[COLOR=selected]$INFO[system.addontitle(Skin.String(SubtitleScript_Path))][/COLOR]</label2>
						<onclick>Skin.SetAddon(SubtitleScript_Path,xbmc.python.subtitles)</onclick>
					</control>
					<control type="button." id="8604">
            <include>SettingsButton</include>
						<label> • $LOCALIZE[1045]</label>
						<onclick>Addon.OpenSettings($INFO[Skin.String(SubtitleScript_Path)])</onclick>
						<visible>!IsEmpty(Skin.String(SubtitleScript_Path))</visible>
					</control>
					<control type="button" id="8616">
            <include>SettingsButton</include>
						<label>$LOCALIZE[31154]</label>
						<label2>[COLOR=selected]$INFO[system.addontitle(Skin.String(TrailersAddon_Path))][/COLOR]</label2>
						<onclick>Skin.SetAddon(TrailersAddon_Path,xbmc.addon.video)</onclick>
						<enable>!Skin.HasSetting(HideHomeMenuTrailersButton)</enable>
					</control>
					<control type="button" id="8617">
            <include>SettingsButton</include>
						<label> • $LOCALIZE[1045]</label>
						<onclick>Addon.OpenSettings($INFO[Skin.String(TrailersAddon_Path)])</onclick>
						<visible>![IsEmpty(Skin.String(TrailersAddon_Path)) | Skin.HasSetting(HideHomeMenuTrailersButton)]</visible>
					</control>
					<control type="radiobutton" id="8605">
	          <include>SettingsRadioButton</include>
						<label>$LOCALIZE[31143]</label>
						<onclick>Skin.ToggleSetting(NextAiredEnabled)</onclick>
						<selected>Skin.HasSetting(NextAiredEnabled)</selected>
						<enable>System.HasAddon(script.tv.show.next.aired)</enable>
					</control>
					<control type="button" id="8606">
            <include>SettingsButton</include>
						<label> • $LOCALIZE[1045]</label>
            <onclick>Addon.OpenSettings(script.tv.show.next.aired)</onclick>
            <visible>Skin.HasSetting(NextAiredEnabled) + System.HasAddon(script.tv.show.next.aired)</visible>
					</control>
					<control type="radiobutton" id="8607">
	          <include>SettingsRadioButton</include>
						<label> • $LOCALIZE[31137]</label>
						<onclick>Skin.ToggleSetting(EnableNextAiredNotifications)</onclick>
						<selected>Skin.HasSetting(EnableNextAiredNotifications)</selected>
            <visible>Skin.HasSetting(NextAiredEnabled) + System.HasAddon(script.tv.show.next.aired)</visible>
					</control>
					<control type="button" id="8608">
	          <include>SettingsButton</include>
						<label> • $LOCALIZE[31146]</label>
            <onclick>XBMC.RunScript(script.artwork.downloader,mode=custom,mediatype=tvshow,clearlogo)</onclick>
            <visible>Skin.HasSetting(NextAiredEnabled) + System.HasAddon(script.tv.show.next.aired)</visible>
					</control>
					<control type="button" id="8609">
	          <include>SettingsButton</include>
						<label> • $LOCALIZE[31147]</label>
            <onclick>XBMC.RunScript(script.artwork.downloader,mode=custom,mediatype=tvshow,clearart)</onclick>
            <visible>Skin.HasSetting(NextAiredEnabled) + System.HasAddon(script.tv.show.next.aired)</visible>
					</control>
					<control type="button" id="8610">
	          <include>SettingsButton</include>
						<label> • $LOCALIZE[31148]</label>
            <onclick>XBMC.RunScript(script.artwork.downloader,mode=custom,mediatype=tvshow,landscape)</onclick>
            <visible>Skin.HasSetting(NextAiredEnabled) + System.HasAddon(script.tv.show.next.aired)</visible>
					</control>
					<control type="button" id="8611">
	          <include>SettingsButton</include>
						<label> • $LOCALIZE[31149]</label>
            <onclick>XBMC.RunScript(script.artwork.downloader,mode=custom,mediatype=tvshow,banner)</onclick>
            <visible>Skin.HasSetting(NextAiredEnabled) + System.HasAddon(script.tv.show.next.aired)</visible>
					</control>
					<control type="button" id="8612">
	          <include>SettingsButton</include>
						<label> • $LOCALIZE[31150]</label>
            <onclick>XBMC.RunScript(script.artwork.downloader,mode=custom,mediatype=tvshow,poster)</onclick>
            <visible>Skin.HasSetting(NextAiredEnabled) + System.HasAddon(script.tv.show.next.aired)</visible>
					</control>
					<control type="button" id="8618">
	          <include>SettingsButton</include>
						<label> • $LOCALIZE[31165]</label>
            <onclick>XBMC.RunScript(script.artwork.downloader,mode=custom,mediatype=movie,discart)</onclick>
            <visible>Skin.HasSetting(NextAiredEnabled) + System.HasAddon(script.tv.show.next.aired)</visible>
					</control>
					<control type="button" id="8619">
	          <include>SettingsButton</include>
						<label> • $LOCALIZE[31160]</label>
            <onclick>XBMC.RunScript(script.artwork.downloader,mode=custom,mediatype=movie,clearlogo)</onclick>
            <visible>Skin.HasSetting(NextAiredEnabled) + System.HasAddon(script.tv.show.next.aired)</visible>
					</control>
					<control type="radiobutton" id="8613">
	          <include>SettingsRadioButton</include>
						<label>$LOCALIZE[31144]</label>
						<onclick>Skin.ToggleSetting(TVTunesEnabled)</onclick>
						<selected>Skin.HasSetting(TVTunesEnabled)</selected>
						<enable>System.HasAddon(script.tvtunes)</enable>
					</control>
					<control type="button" id="8614">
            <include>SettingsButton</include>
						<label> • $LOCALIZE[1045]</label>
            <onclick>Addon.OpenSettings(script.tvtunes)</onclick>
            <visible>Skin.HasSetting(TVTunesEnabled) + System.HasAddon(script.tvtunes)</visible>
					</control>
					<control type="button" id="8615">
            <include>SettingsButton</include>
						<label> • $LOCALIZE[31145]</label>
            <onclick>XBMC.RunScript(script.tvtunes)</onclick>
            <visible>Skin.HasSetting(TVTunesEnabled) + System.HasAddon(script.tvtunes)</visible>
					</control>
				</control>

				<!-- ====================== -->
				<!-- == Quick Navigation == -->
				<!-- ====================== -->
				<control type="grouplist" id="8700">
					<include>CloseAnimation</include>
					<visible>Container(8800).Hasfocus(7)</visible>
					<left>297</left>
					<top>0</top>
					<width>782</width>
					<height>414</height>
					<itemgap>2</itemgap>
					<pagecontrol>60</pagecontrol>
					<onleft>8800</onleft>
					<onright>9000</onright>
					<onup>8700</onup>
					<ondown>8700</ondown>
					<control type="radiobutton" id="8701">
	          <include>SettingsRadioButton</include>
						<label>31375</label>
						<onclick>Skin.ToggleSetting(DisableQuickNav)</onclick>
						<selected>Skin.HasSetting(DisableQuickNav)</selected>
					</control>
					<!-- Movies Widget -->
					<control type="group" id="8770">
						<description>Fake spin control</description>
						<width>782</width>
						<height>50</height>
						<control type="image">
							<left>0</left>
							<top>0</top>
							<width>782</width>
							<height>50</height>
							<texture>buttons/settings_fo.png</texture>
							<aspectratio>stretch</aspectratio>
							<visible>ControlGroup(8770).HasFocus</visible>
						</control>
					  <control type="button" id="87702">
								<onleft>8800</onleft>
								<onright>9000</onright>
								<onup>8701</onup>
								<ondown>8780</ondown>
						    <visible>!Skin.HasSetting(DisableQuickNav)</visible>
								<texturefocus>-</texturefocus>
								<texturenofocus>-</texturenofocus>
								<onclick condition="!System.HasAddon(script.extendedinfo) + stringcompare(Skin.String(QuickNavWidgetMoviesType),3)">Skin.SetString(QuickNavWidgetMoviesName,$LOCALIZE[31241])</onclick>
								<onclick condition="!System.HasAddon(script.extendedinfo) + stringcompare(Skin.String(QuickNavWidgetMoviesType),3)">Skin.SetString(QuickNavWidgetMoviesType,1)</onclick>
								<onclick condition="System.HasAddon(script.extendedinfo) + stringcompare(Skin.String(QuickNavWidgetMoviesType),5)">Skin.SetString(QuickNavWidgetMoviesName,$LOCALIZE[31241])</onclick>
								<onclick condition="System.HasAddon(script.extendedinfo) + stringcompare(Skin.String(QuickNavWidgetMoviesType),5)">Skin.SetString(QuickNavWidgetMoviesType,1)</onclick>
								<onclick condition="System.HasAddon(script.extendedinfo) + stringcompare(Skin.String(QuickNavWidgetMoviesType),4)">Skin.SetString(QuickNavWidgetMoviesName,$LOCALIZE[31257])</onclick>
								<onclick condition="System.HasAddon(script.extendedinfo) + stringcompare(Skin.String(QuickNavWidgetMoviesType),4)">Skin.SetString(QuickNavWidgetMoviesType,5)</onclick>
								<onclick condition="System.HasAddon(script.extendedinfo) + stringcompare(Skin.String(QuickNavWidgetMoviesType),3)">Skin.SetString(QuickNavWidgetMoviesName,$LOCALIZE[31256])</onclick>
								<onclick condition="System.HasAddon(script.extendedinfo) + stringcompare(Skin.String(QuickNavWidgetMoviesType),3)">Skin.SetString(QuickNavWidgetMoviesType,4)</onclick>
								<onclick condition="stringcompare(Skin.String(QuickNavWidgetMoviesType),2)">Skin.SetString(QuickNavWidgetMoviesName,$LOCALIZE[31247])</onclick>
								<onclick condition="stringcompare(Skin.String(QuickNavWidgetMoviesType),2)">Skin.SetString(QuickNavWidgetMoviesType,3)</onclick>
								<onclick condition="stringcompare(Skin.String(QuickNavWidgetMoviesType),1)">Skin.SetString(QuickNavWidgetMoviesName,$LOCALIZE[342] $LOCALIZE[575])</onclick>
								<onclick condition="stringcompare(Skin.String(QuickNavWidgetMoviesType),1)">Skin.SetString(QuickNavWidgetMoviesType,2)</onclick>
								<onclick condition="stringcompare(Skin.String(QuickNavWidgetMoviesType),6)">Skin.SetString(QuickNavWidgetMoviesName,$LOCALIZE[31241])</onclick>
								<onclick condition="stringcompare(Skin.String(QuickNavWidgetMoviesType),6)">Skin.SetString(QuickNavWidgetMoviesType,1)</onclick>
						</control>
						<control type="button">
								<width>780</width>
								<height>50</height>
								<font>FontSize_20</font>
								<textcolor>77white</textcolor>
								<align>left</align>
								<aligny>top</aligny>
								<textoffsetx>15</textoffsetx>
								<textoffsety>10</textoffsety>
								<label>$LOCALIZE[31094]</label>
								<label2>[COLOR=selected]$INFO[Skin.String(QuickNavWidgetMoviesName)][/COLOR]</label2>
						    <visible>!ControlGroup(8770).HasFocus</visible>
						    <visible>!Skin.HasSetting(DisableQuickNav)</visible>
						</control>
						<control type="button">
								<width>780</width>
								<height>50</height>
								<font>FontSize_20</font>
								<textcolor>white</textcolor>
								<align>left</align>
								<aligny>top</aligny>
								<textoffsetx>15</textoffsetx>
								<textoffsety>10</textoffsety>
								<label>$LOCALIZE[31094]</label>
								<label2>[COLOR=selected]$INFO[Skin.String(QuickNavWidgetMoviesName)][/COLOR]</label2>
						    <visible>ControlGroup(8770).HasFocus</visible>
						    <visible>!Skin.HasSetting(DisableQuickNav)</visible>
						</control>
				  </control>
					<!-- TVShows Widget -->
					<control type="group" id="8780">
						<description>Fake spin control</description>
						<width>782</width>
						<height>50</height>
						<control type="image">
							<left>0</left>
							<top>0</top>
							<width>782</width>
							<height>50</height>
							<texture>buttons/settings_fo.png</texture>
							<aspectratio>stretch</aspectratio>
							<visible>ControlGroup(8780).HasFocus</visible>
						</control>
					  <control type="button" id="87802">
								<onleft>8800</onleft>
								<onright>9000</onright>
								<onup>8770</onup>
								<ondown>8790</ondown>
						    <visible>!Skin.HasSetting(DisableQuickNav)</visible>
								<texturefocus>-</texturefocus>
								<texturenofocus>-</texturenofocus>
								<onclick condition="!System.HasAddon(script.extendedinfo) + stringcompare(Skin.String(QuickNavWidgetTVShowsType),3)">Skin.SetString(QuickNavWidgetTVShowsName,$LOCALIZE[31242])</onclick>
								<onclick condition="!System.HasAddon(script.extendedinfo) + stringcompare(Skin.String(QuickNavWidgetTVShowsType),3)">Skin.SetString(QuickNavWidgetTVShowsType,1)</onclick>
								<onclick condition="System.HasAddon(script.extendedinfo) + stringcompare(Skin.String(QuickNavWidgetTVShowsType),4)">Skin.SetString(QuickNavWidgetTVShowsName,$LOCALIZE[31242])</onclick>
								<onclick condition="System.HasAddon(script.extendedinfo) + stringcompare(Skin.String(QuickNavWidgetTVShowsType),4)">Skin.SetString(QuickNavWidgetTVShowsType,1)</onclick>
								<onclick condition="System.HasAddon(script.extendedinfo) + stringcompare(Skin.String(QuickNavWidgetTVShowsType),3)">Skin.SetString(QuickNavWidgetTVShowsName,$LOCALIZE[31258])</onclick>
								<onclick condition="System.HasAddon(script.extendedinfo) + stringcompare(Skin.String(QuickNavWidgetTVShowsType),3)">Skin.SetString(QuickNavWidgetTVShowsType,4)</onclick>
								<onclick condition="stringcompare(Skin.String(QuickNavWidgetTVShowsType),2)">Skin.SetString(QuickNavWidgetTVShowsName,$LOCALIZE[31248])</onclick>
								<onclick condition="stringcompare(Skin.String(QuickNavWidgetTVShowsType),2)">Skin.SetString(QuickNavWidgetTVShowsType,3)</onclick>
								<onclick condition="stringcompare(Skin.String(QuickNavWidgetTVShowsType),1)">Skin.SetString(QuickNavWidgetTVShowsName,$LOCALIZE[31002] $LOCALIZE[575])</onclick>
								<onclick condition="stringcompare(Skin.String(QuickNavWidgetTVShowsType),1)">Skin.SetString(QuickNavWidgetTVShowsType,2)</onclick>
								<onclick condition="stringcompare(Skin.String(QuickNavWidgetTVShowsType),4)">Skin.SetString(QuickNavWidgetTVShowsName,$LOCALIZE[31242])</onclick>
								<onclick condition="stringcompare(Skin.String(QuickNavWidgetTVShowsType),4)">Skin.SetString(QuickNavWidgetTVShowsType,1)</onclick>
						</control>
						<control type="button">
								<width>780</width>
								<height>50</height>
								<font>FontSize_20</font>
								<textcolor>77white</textcolor>
								<align>left</align>
								<aligny>top</aligny>
								<textoffsetx>15</textoffsetx>
								<textoffsety>10</textoffsety>
								<label>$LOCALIZE[31095]</label>
								<label2>[COLOR=selected]$INFO[Skin.String(QuickNavWidgetTVShowsName)][/COLOR]</label2>
						    <visible>!ControlGroup(8780).HasFocus</visible>
						    <visible>!Skin.HasSetting(DisableQuickNav)</visible>
						</control>
						<control type="button">
								<width>780</width>
								<height>50</height>
								<font>FontSize_20</font>
								<textcolor>white</textcolor>
								<align>left</align>
								<aligny>top</aligny>
								<textoffsetx>15</textoffsetx>
								<textoffsety>10</textoffsety>
								<label>$LOCALIZE[31095]</label>
								<label2>[COLOR=selected]$INFO[Skin.String(QuickNavWidgetTVShowsName)][/COLOR]</label2>
						    <visible>ControlGroup(8780).HasFocus</visible>
						    <visible>!Skin.HasSetting(DisableQuickNav)</visible>
						</control>
				  </control>
					<!-- Music Widget -->
					<control type="group" id="8790">
						<description>Fake spin control</description>
						<width>782</width>
						<height>50</height>
						<control type="image">
							<left>0</left>
							<top>0</top>
							<width>782</width>
							<height>50</height>
							<texture>buttons/settings_fo.png</texture>
							<aspectratio>stretch</aspectratio>
							<visible>ControlGroup(8790).HasFocus</visible>
						</control>
					  <control type="button" id="87902">
								<onleft>8800</onleft>
								<onright>9000</onright>
								<onup>8780</onup>
								<ondown>8740</ondown>
						    <visible>!Skin.HasSetting(DisableQuickNav)</visible>
								<texturefocus>-</texturefocus>
								<texturenofocus>-</texturenofocus>
								<onclick condition="!System.HasAddon(script.extendedinfo) + stringcompare(Skin.String(QuickNavWidgetMusicType),3)">Skin.SetString(QuickNavWidgetMusicName,$LOCALIZE[31243])</onclick>
								<onclick condition="!System.HasAddon(script.extendedinfo) + stringcompare(Skin.String(QuickNavWidgetMusicType),3)">Skin.SetString(QuickNavWidgetMusicType,1)</onclick>
								<onclick condition="System.HasAddon(script.extendedinfo) + stringcompare(Skin.String(QuickNavWidgetMusicType),4)">Skin.SetString(QuickNavWidgetMusicName,$LOCALIZE[31243])</onclick>
								<onclick condition="System.HasAddon(script.extendedinfo) + stringcompare(Skin.String(QuickNavWidgetMusicType),4)">Skin.SetString(QuickNavWidgetMusicType,1)</onclick>
								<onclick condition="System.HasAddon(script.extendedinfo) + stringcompare(Skin.String(QuickNavWidgetMusicType),3)">Skin.SetString(QuickNavWidgetMusicName,$LOCALIZE[31259])</onclick>
								<onclick condition="System.HasAddon(script.extendedinfo) + stringcompare(Skin.String(QuickNavWidgetMusicType),3)">Skin.SetString(QuickNavWidgetMusicType,4)</onclick>
								<onclick condition="stringcompare(Skin.String(QuickNavWidgetMusicType),2)">Skin.SetString(QuickNavWidgetMusicName,$LOCALIZE[31249])</onclick>
								<onclick condition="stringcompare(Skin.String(QuickNavWidgetMusicType),2)">Skin.SetString(QuickNavWidgetMusicType,3)</onclick>
								<onclick condition="stringcompare(Skin.String(QuickNavWidgetMusicType),1)">Skin.SetString(QuickNavWidgetMusicName,$LOCALIZE[2] $LOCALIZE[575])</onclick>
								<onclick condition="stringcompare(Skin.String(QuickNavWidgetMusicType),1)">Skin.SetString(QuickNavWidgetMusicType,2)</onclick>
								<onclick condition="stringcompare(Skin.String(QuickNavWidgetMusicType),4)">Skin.SetString(QuickNavWidgetMusicName,$LOCALIZE[31243])</onclick>
								<onclick condition="stringcompare(Skin.String(QuickNavWidgetMusicType),4)">Skin.SetString(QuickNavWidgetMusicType,1)</onclick>
						</control>
						<control type="button">
								<width>780</width>
								<height>50</height>
								<font>FontSize_20</font>
								<textcolor>77white</textcolor>
								<align>left</align>
								<aligny>top</aligny>
								<textoffsetx>15</textoffsetx>
								<textoffsety>10</textoffsety>
								<label>$LOCALIZE[31096]</label>
								<label2>[COLOR=selected]$INFO[Skin.String(QuickNavWidgetMusicName)][/COLOR]</label2>
						    <visible>!ControlGroup(8790).HasFocus</visible>
						    <visible>!Skin.HasSetting(DisableQuickNav)</visible>
						</control>
						<control type="button">
								<width>780</width>
								<height>50</height>
								<font>FontSize_20</font>
								<textcolor>white</textcolor>
								<align>left</align>
								<aligny>top</aligny>
								<textoffsetx>15</textoffsetx>
								<textoffsety>10</textoffsety>
								<label>$LOCALIZE[31096]</label>
								<label2>[COLOR=selected]$INFO[Skin.String(QuickNavWidgetMusicName)][/COLOR]</label2>
						    <visible>ControlGroup(8790).HasFocus</visible>
						    <visible>!Skin.HasSetting(DisableQuickNav)</visible>
						</control>
				  </control>

					<!-- VideoFeeds Widget -->
					<control type="group" id="8740">
						<description>Fake spin control</description>
						<width>782</width>
						<height>50</height>
						<enable>System.HasAddon(script.extendedinfo)</enable>
						<control type="image">
							<left>0</left>
							<top>0</top>
							<width>782</width>
							<height>50</height>
							<texture>buttons/settings_fo.png</texture>
							<aspectratio>stretch</aspectratio>
							<visible>ControlGroup(8740).HasFocus</visible>
						</control>
					  <control type="button" id="87401">
								<onleft>8800</onleft>
								<onright>9000</onright>
								<onup>8790</onup>
								<ondown>87402</ondown>
								<texturefocus>-</texturefocus>
								<texturenofocus>-</texturenofocus>
								<onclick condition="stringcompare(Skin.String(RSSVideoFeedName),Custom)">Skin.SetString(RSSVideoFeedName,Euronews)</onclick>
								<onclick condition="stringcompare(Skin.String(RSSVideoFeedName),Custom)">Skin.SetString(RSSVideoFeedURL,Euronews)</onclick>
								<onclick condition="stringcompare(Skin.String(RSSVideoFeedName),NBA)">Skin.SetString(RSSVideoFeedName,Custom)</onclick>
								<onclick condition="stringcompare(Skin.String(RSSVideoFeedName),NBA)">Skin.SetString(RSSVideoFeedURL,Custom)</onclick>
								<onclick condition="stringcompare(Skin.String(RSSVideoFeedName),GameTrailers)">Skin.SetString(RSSVideoFeedName,NBA)</onclick>
								<onclick condition="stringcompare(Skin.String(RSSVideoFeedName),GameTrailers)">Skin.SetString(RSSVideoFeedURL,NBA)</onclick>
								<onclick condition="stringcompare(Skin.String(RSSVideoFeedName),Comedy Central)">Skin.SetString(RSSVideoFeedName,GameTrailers)</onclick>
								<onclick condition="stringcompare(Skin.String(RSSVideoFeedName),Comedy Central)">Skin.SetString(RSSVideoFeedURL,GameTrailers)</onclick>
								<onclick condition="stringcompare(Skin.String(RSSVideoFeedName),Funny Or Die)">Skin.SetString(RSSVideoFeedName,Comedy Central)</onclick>
								<onclick condition="stringcompare(Skin.String(RSSVideoFeedName),Funny Or Die)">Skin.SetString(RSSVideoFeedURL,Comedy Central)</onclick>
								<onclick condition="stringcompare(Skin.String(RSSVideoFeedName),VEVO)">Skin.SetString(RSSVideoFeedName,Funny Or Die)</onclick>
								<onclick condition="stringcompare(Skin.String(RSSVideoFeedName),VEVO)">Skin.SetString(RSSVideoFeedURL,Funny Or Die)</onclick>
								<onclick condition="stringcompare(Skin.String(RSSVideoFeedName),VH1)">Skin.SetString(RSSVideoFeedName,VEVO)</onclick>
								<onclick condition="stringcompare(Skin.String(RSSVideoFeedName),VH1)">Skin.SetString(RSSVideoFeedURL,VEVO)</onclick>
								<onclick condition="stringcompare(Skin.String(RSSVideoFeedName),TEDx Talks)">Skin.SetString(RSSVideoFeedName,VH1)</onclick>
								<onclick condition="stringcompare(Skin.String(RSSVideoFeedName),TEDx Talks)">Skin.SetString(RSSVideoFeedURL,VH1)</onclick>
								<onclick condition="stringcompare(Skin.String(RSSVideoFeedName),The Ellen Show)">Skin.SetString(RSSVideoFeedName,TEDx Talks)</onclick>
								<onclick condition="stringcompare(Skin.String(RSSVideoFeedName),The Ellen Show)">Skin.SetString(RSSVideoFeedURL,TEDx Talks)</onclick>
								<onclick condition="stringcompare(Skin.String(RSSVideoFeedName),TMZ)">Skin.SetString(RSSVideoFeedName,The Ellen Show)</onclick>
								<onclick condition="stringcompare(Skin.String(RSSVideoFeedName),TMZ)">Skin.SetString(RSSVideoFeedURL,The Ellen Show)</onclick>								
								<onclick condition="stringcompare(Skin.String(RSSVideoFeedName),Vice)">Skin.SetString(RSSVideoFeedName,TMZ)</onclick>
								<onclick condition="stringcompare(Skin.String(RSSVideoFeedName),Vice)">Skin.SetString(RSSVideoFeedURL,TMZ)</onclick>
								<onclick condition="stringcompare(Skin.String(RSSVideoFeedName),BBC News)">Skin.SetString(RSSVideoFeedName,Vice)</onclick>
								<onclick condition="stringcompare(Skin.String(RSSVideoFeedName),BBC News)">Skin.SetString(RSSVideoFeedURL,Vice)</onclick>
								<onclick condition="stringcompare(Skin.String(RSSVideoFeedName),Euronews)">Skin.SetString(RSSVideoFeedName,BBC News)</onclick>
								<onclick condition="stringcompare(Skin.String(RSSVideoFeedName),Euronews)">Skin.SetString(RSSVideoFeedURL,BBC News)</onclick>
								<onclick condition="stringcompare(Skin.String(RSSVideoFeedName),Custom)">Skin.SetString(RSSVideoFeedName,Euronews)</onclick>
								<onclick condition="stringcompare(Skin.String(RSSVideoFeedName),Custom)">Skin.Reset(RSSVideoFeedURL)</onclick>
						</control>
						<control type="button">
								<width>780</width>
								<height>50</height>
								<font>FontSize_20</font>
								<textcolor>77white</textcolor>
								<align>left</align>
								<aligny>top</aligny>
								<textoffsetx>15</textoffsetx>
								<textoffsety>10</textoffsety>
								<label>$LOCALIZE[31097]</label>
								<label2>[COLOR=selected]$INFO[Skin.String(RSSVideoFeedName)][/COLOR]</label2>
						    <visible>!ControlGroup(8740).HasFocus</visible>
						    <enable>System.HasAddon(script.extendedinfo)</enable>
						    <visible>!Skin.HasSetting(DisableQuickNav)</visible>
						</control>
						<control type="button">
								<width>780</width>
								<height>50</height>
								<font>FontSize_20</font>
								<textcolor>white</textcolor>
								<align>left</align>
								<aligny>top</aligny>
								<textoffsetx>15</textoffsetx>
								<textoffsety>10</textoffsety>
								<label>$LOCALIZE[31097]</label>
								<label2>[COLOR=selected]$INFO[Skin.String(RSSVideoFeedName)][/COLOR]</label2>
						    <visible>ControlGroup(8740).HasFocus</visible>
						    <enable>System.HasAddon(script.extendedinfo)</enable>
						    <visible>!Skin.HasSetting(DisableQuickNav)</visible>
						</control>
				  </control>	
					<control type="button" id="87402">
            <include>SettingsButton</include>
						<label> • $LOCALIZE[31253]</label>
						<label2>[COLOR=selected]$INFO[Skin.String(SearchStringName)][/COLOR]</label2>
						<onclick>Skin.Reset(SearchStringName)</onclick>
						<onclick>Skin.Reset(SearchStringURL)</onclick>
						<onclick>Skin.SetString(SearchStringURL)</onclick>
						<onclick>Skin.SetString(SearchStringName)</onclick>
            <onclick condition="[stringcompare(Skin.String(RSSVideoFeedName),Custom) + !IsEmpty(Skin.String(SearchStringURL))]">ReplaceWindow(SkinSettings)</onclick>
				    <visible>stringcompare(Skin.String(RSSVideoFeedName),Custom)</visible>
					</control>					

					<!-- Hide Buttons -->
					<control type="button" id="8710">
						<description>Hide Buttons</description>
						<texturefocus border="100,2,100,2">buttons/settings_bt_fo.png</texturefocus>
						<texturenofocus border="100,2,100,2">buttons/settings_bt_nf.png</texturenofocus>
	          <include>SettingsButton</include>
						<label>$LOCALIZE[31393]</label>
						<onclick>Skin.ToggleSetting(HideQuickNavButtons)</onclick>
						<visible>!Skin.HasSetting(DisableQuickNav)</visible>
					</control>
					<control type="radiobutton" id="8711">
						<description>Hide Movies Button</description>
	          <include>SettingsRadioButton</include>
						<label>   • $LOCALIZE[31383]</label>
						<onclick>Skin.ToggleSetting(HideMoviesButton)</onclick>
						<selected>Skin.HasSetting(HideMoviesButton)</selected>
						<visible>!Skin.HasSetting(DisableQuickNav) + Skin.HasSetting(HideQuickNavButtons)</visible>
					</control>
					<control type="radiobutton" id="8712">
						<description>Hide TVShows Button</description>
	          <include>SettingsRadioButton</include>
						<label>   • $LOCALIZE[31384]</label>
						<onclick>Skin.ToggleSetting(HideTVShowsButton)</onclick>
						<selected>Skin.HasSetting(HideTVShowsButton)</selected>
						<visible>!Skin.HasSetting(DisableQuickNav) + Skin.HasSetting(HideQuickNavButtons)</visible>
					</control>
					<control type="radiobutton" id="8713">
						<description>Hide Music Button</description>
	          <include>SettingsRadioButton</include>
						<label>   • $LOCALIZE[31385]</label>
						<onclick>Skin.ToggleSetting(HideMusicButton)</onclick>
						<selected>Skin.HasSetting(HideMusicButton)</selected>
						<visible>!Skin.HasSetting(DisableQuickNav) + Skin.HasSetting(HideQuickNavButtons)</visible>
					</control>
					<control type="radiobutton" id="8714">
						<description>Hide Pictures Button</description>
	          <include>SettingsRadioButton</include>
						<label>   • $LOCALIZE[31386]</label>
						<onclick>Skin.ToggleSetting(HidePicturesButton)</onclick>
						<selected>Skin.HasSetting(HidePicturesButton)</selected>
						<visible>!Skin.HasSetting(DisableQuickNav) + Skin.HasSetting(HideQuickNavButtons)</visible>
					</control>
					<control type="radiobutton" id="8715">
						<description>Hide Add-ons Button</description>
	          <include>SettingsRadioButton</include>
						<label>   • $LOCALIZE[31387]</label>
						<onclick>Skin.ToggleSetting(HideAddonsButton)</onclick>
						<selected>Skin.HasSetting(HideAddonsButton)</selected>
						<visible>!Skin.HasSetting(DisableQuickNav) + Skin.HasSetting(HideQuickNavButtons)</visible>
					</control>
					<control type="radiobutton" id="8716">
						<description>Hide NewMovies Button</description>
	          <include>SettingsRadioButton</include>
						<label>   • $LOCALIZE[31388]</label>
						<onclick>Skin.ToggleSetting(HideNewMoviesButton)</onclick>
						<selected>Skin.HasSetting(HideNewMoviesButton)</selected>
						<visible>!Skin.HasSetting(DisableQuickNav) + Skin.HasSetting(HideQuickNavButtons)</visible>
					</control>
					<control type="radiobutton" id="8717">
						<description>Hide NewTVShows Button</description>
	          <include>SettingsRadioButton</include>
						<label>   • $LOCALIZE[31389]</label>
						<onclick>Skin.ToggleSetting(HideNewTVShowsButton)</onclick>
						<selected>Skin.HasSetting(HideNewTVShowsButton)</selected>
						<visible>!Skin.HasSetting(DisableQuickNav) + Skin.HasSetting(HideQuickNavButtons)</visible>
					</control>
					<control type="radiobutton" id="8718">
						<description>Hide NewMusic Button</description>
	          <include>SettingsRadioButton</include>
						<label>   • $LOCALIZE[31390]</label>
						<onclick>Skin.ToggleSetting(HideNewMusicButton)</onclick>
						<selected>Skin.HasSetting(HideNewMusicButton)</selected>
						<visible>!Skin.HasSetting(DisableQuickNav) + Skin.HasSetting(HideQuickNavButtons)</visible>
					</control>
					<control type="radiobutton" id="8719">
						<description>Hide UpdateVideoLibrary Button</description>
	          <include>SettingsRadioButton</include>
						<label>   • $LOCALIZE[31376]</label>
						<onclick>Skin.ToggleSetting(HideUpdateVideoLibraryButton)</onclick>
						<selected>Skin.HasSetting(HideUpdateVideoLibraryButton)</selected>
						<visible>!Skin.HasSetting(DisableQuickNav) + Skin.HasSetting(HideQuickNavButtons)</visible>
					</control>
					<control type="radiobutton" id="8720">
						<description>Hide UpdateMusicLibrary Button</description>
	          <include>SettingsRadioButton</include>
						<label>   • $LOCALIZE[31377]</label>
						<onclick>Skin.ToggleSetting(HideUpdateMusicLibraryButton)</onclick>
						<selected>Skin.HasSetting(HideUpdateMusicLibraryButton)</selected>
						<visible>!Skin.HasSetting(DisableQuickNav) + Skin.HasSetting(HideQuickNavButtons)</visible>
					</control>
					<control type="radiobutton" id="8721">
						<description>Hide Favourites Button</description>
	          <include>SettingsRadioButton</include>
						<label>   • $LOCALIZE[31398]</label>
						<onclick>Skin.ToggleSetting(HideFavouritesButton)</onclick>
						<selected>Skin.HasSetting(HideFavouritesButton)</selected>
						<visible>!Skin.HasSetting(DisableQuickNav) + Skin.HasSetting(HideQuickNavButtons)</visible>
					</control>
					<control type="radiobutton" id="8722">
						<description>Hide LiveTV Button</description>
	          <include>SettingsRadioButton</include>
						<label>   • $LOCALIZE[31399]</label>
						<onclick>Skin.ToggleSetting(HideLiveTVButton)</onclick>
						<selected>Skin.HasSetting(HideLiveTVButton)</selected>
						<enable>System.GetBool(pvrmanager.enabled)</enable>
						<visible>!Skin.HasSetting(DisableQuickNav) + Skin.HasSetting(HideQuickNavButtons)</visible>
					</control>
					<control type="radiobutton" id="8723">
						<description>Hide SkinSettings Button</description>
	          <include>SettingsRadioButton</include>
						<label>   • $LOCALIZE[31397]</label>
						<onclick>Skin.ToggleSetting(HideSkinSettingsButton)</onclick>
						<selected>Skin.HasSetting(HideSkinSettingsButton)</selected>
						<visible>!Skin.HasSetting(DisableQuickNav) + Skin.HasSetting(HideQuickNavButtons)</visible>
					</control>
					
					<!-- Show Buttons -->
					<control type="button" id="8730">
						<description>Show Buttons</description>
						<texturefocus border="100,2,100,2">buttons/settings_bt_fo.png</texturefocus>
						<texturenofocus border="100,2,100,2">buttons/settings_bt_nf.png</texturenofocus>
	          <include>SettingsButton</include>
						<label>$LOCALIZE[31394]</label>
						<onclick>Skin.ToggleSetting(ShowQuickNavButtons)</onclick>
						<visible>!Skin.HasSetting(DisableQuickNav)</visible>
					</control>
					<control type="radiobutton" id="8731">
						<description>Show Videos Button</description>
	          <include>SettingsRadioButton</include>
						<label>   • $LOCALIZE[31392]</label>
						<onclick>Skin.ToggleSetting(ShowVideosButton)</onclick>
						<selected>Skin.HasSetting(ShowVideosButton)</selected>
						<visible>!Skin.HasSetting(DisableQuickNav) + Skin.HasSetting(ShowQuickNavButtons)</visible>
					</control>
					<control type="radiobutton" id="8732">
						<description>Show CleanVideoLibrary Button</description>
	          <include>SettingsRadioButton</include>
						<label>   • $LOCALIZE[31378]</label>
						<onclick>Skin.ToggleSetting(ShowCleanVideoLibraryButton)</onclick>
						<selected>Skin.HasSetting(ShowCleanVideoLibraryButton)</selected>
						<visible>!Skin.HasSetting(DisableQuickNav) + Skin.HasSetting(ShowQuickNavButtons)</visible>
					</control>
					<control type="radiobutton" id="8733">
						<description>Show CleanMusicLibrary Button</description>
	          <include>SettingsRadioButton</include>
						<label>   • $LOCALIZE[31379]</label>
						<onclick>Skin.ToggleSetting(ShowCleanMusicLibraryButton)</onclick>
						<selected>Skin.HasSetting(ShowCleanMusicLibraryButton)</selected>
						<visible>!Skin.HasSetting(DisableQuickNav) + Skin.HasSetting(ShowQuickNavButtons)</visible>
					</control>
					<control type="radiobutton" id="8734">
						<description>Show PartyMode Button</description>
	          <include>SettingsRadioButton</include>
						<label>   • $LOCALIZE[31380]</label>
						<onclick>Skin.ToggleSetting(ShowPartyModeButton)</onclick>
						<selected>Skin.HasSetting(ShowPartyModeButton)</selected>
						<visible>!Skin.HasSetting(DisableQuickNav) + Skin.HasSetting(ShowQuickNavButtons)</visible>
					</control>
					<control type="radiobutton" id="8735">
						<description>Show FileManager Button</description>
	          <include>SettingsRadioButton</include>
						<label>   • $LOCALIZE[31382]</label>
						<onclick>Skin.ToggleSetting(ShowFileManagerButton)</onclick>
						<selected>Skin.HasSetting(ShowFileManagerButton)</selected>
						<visible>!Skin.HasSetting(DisableQuickNav) + Skin.HasSetting(ShowQuickNavButtons)</visible>
					</control>
					<control type="radiobutton" id="8736">
						<description>Show Shutdown Button</description>
	          <include>SettingsRadioButton</include>
						<label>   • $LOCALIZE[31381]</label>
						<onclick>Skin.ToggleSetting(ShowShutdownButton)</onclick>
						<selected>Skin.HasSetting(ShowShutdownButton)</selected>
						<visible>!Skin.HasSetting(DisableQuickNav) + Skin.HasSetting(ShowQuickNavButtons)</visible>
					</control>
					<control type="radiobutton" id="8737">
						<description>Show Settings Button</description>
	          <include>SettingsRadioButton</include>
						<label>   • $LOCALIZE[31391]</label>
						<onclick>Skin.ToggleSetting(ShowSettingsButton)</onclick>
						<selected>Skin.HasSetting(ShowSettingsButton)</selected>
						<visible>!Skin.HasSetting(DisableQuickNav) + Skin.HasSetting(ShowQuickNavButtons)</visible>
					</control>
					
					<!-- Custom Buttons -->
					<control type="button" id="8760">
						<description>Custom Buttons</description>
						<texturefocus border="100,2,100,2">buttons/settings_bt_fo.png</texturefocus>
						<texturenofocus border="100,2,100,2">buttons/settings_bt_nf.png</texturenofocus>
	          <include>SettingsButton</include>
						<label>$LOCALIZE[31395]</label>
						<onclick>Skin.ToggleSetting(CustomQuickNavButtons)</onclick>
						<visible>!Skin.HasSetting(DisableQuickNav)</visible>
					</control>
					<control type="button" id="8761">
						<description>Custom QuickNav Button 1</description>
            <include>SettingsButton</include>
						<label>   • $LOCALIZE[31396] 1</label>
						<label2>[COLOR=selected]$INFO[Skin.String(CustomQuickNavBtn1.Label)][/COLOR]</label2>
						<onclick>RunScript(script.favourites,property=CustomQuickNavBtn1)</onclick>
						<visible>!Skin.HasSetting(DisableQuickNav) + Skin.HasSetting(CustomQuickNavButtons)</visible>
					</control>
					<control type="button" id="8762">
						<description>Custom QuickNav Button 2</description>
            <include>SettingsButton</include>
						<label>   • $LOCALIZE[31396] 2</label>
						<label2>[COLOR=selected]$INFO[Skin.String(CustomQuickNavBtn2.Label)][/COLOR]</label2>
						<onclick>RunScript(script.favourites,property=CustomQuickNavBtn2)</onclick>
						<visible>!Skin.HasSetting(DisableQuickNav) + Skin.HasSetting(CustomQuickNavButtons)</visible>
					</control>
					<control type="button" id="8763">
						<description>Custom QuickNav Button 3</description>
            <include>SettingsButton</include>
						<label>   • $LOCALIZE[31396] 3</label>
						<label2>[COLOR=selected]$INFO[Skin.String(CustomQuickNavBtn3.Label)][/COLOR]</label2>
						<onclick>RunScript(script.favourites,property=CustomQuickNavBtn3)</onclick>
						<visible>!Skin.HasSetting(DisableQuickNav) + Skin.HasSetting(CustomQuickNavButtons)</visible>
					</control>
					<control type="button" id="8764">
						<description>Custom QuickNav Button 4</description>
            <include>SettingsButton</include>
						<label>   • $LOCALIZE[31396] 4</label>
						<label2>[COLOR=selected]$INFO[Skin.String(CustomQuickNavBtn4.Label)][/COLOR]</label2>
						<onclick>RunScript(script.favourites,property=CustomQuickNavBtn4)</onclick>
						<visible>!Skin.HasSetting(DisableQuickNav) + Skin.HasSetting(CustomQuickNavButtons)</visible>
					</control>
					<control type="button" id="8765">
						<description>Custom QuickNav Button 5</description>
            <include>SettingsButton</include>
						<label>   • $LOCALIZE[31396] 5</label>
						<label2>[COLOR=selected]$INFO[Skin.String(CustomQuickNavBtn5.Label)][/COLOR]</label2>
						<onclick>RunScript(script.favourites,property=CustomQuickNavBtn5)</onclick>
						<visible>!Skin.HasSetting(DisableQuickNav) + Skin.HasSetting(CustomQuickNavButtons)</visible>
					</control>
					<control type="button" id="8766">
						<description>Custom QuickNav Button 6</description>
            <include>SettingsButton</include>
						<label>   • $LOCALIZE[31396] 6</label>
						<label2>[COLOR=selected]$INFO[Skin.String(CustomQuickNavBtn6.Label)][/COLOR]</label2>
						<onclick>RunScript(script.favourites,property=CustomQuickNavBtn6)</onclick>
						<visible>!Skin.HasSetting(DisableQuickNav) + Skin.HasSetting(CustomQuickNavButtons)</visible>
					</control>
					<control type="button" id="8767">
						<description>Custom QuickNav Button 7</description>
            <include>SettingsButton</include>
						<label>   • $LOCALIZE[31396] 7</label>
						<label2>[COLOR=selected]$INFO[Skin.String(CustomQuickNavBtn7.Label)][/COLOR]</label2>
						<onclick>RunScript(script.favourites,property=CustomQuickNavBtn7)</onclick>
						<visible>!Skin.HasSetting(DisableQuickNav) + Skin.HasSetting(CustomQuickNavButtons)</visible>
					</control>
					<control type="button" id="8768">
						<description>Custom QuickNav Button 8</description>
            <include>SettingsButton</include>
						<label>   • $LOCALIZE[31396] 8</label>
						<label2>[COLOR=selected]$INFO[Skin.String(CustomQuickNavBtn8.Label)][/COLOR]</label2>
						<onclick>RunScript(script.favourites,property=CustomQuickNavBtn8)</onclick>
						<visible>!Skin.HasSetting(DisableQuickNav) + Skin.HasSetting(CustomQuickNavButtons)</visible>
					</control>
					<control type="button" id="8769">
						<description>Custom QuickNav Button 9</description>
            <include>SettingsButton</include>
						<label>   • $LOCALIZE[31396] 9</label>
						<label2>[COLOR=selected]$INFO[Skin.String(CustomQuickNavBtn9.Label)][/COLOR]</label2>
						<onclick>RunScript(script.favourites,property=CustomQuickNavBtn9)</onclick>
						<visible>!Skin.HasSetting(DisableQuickNav) + Skin.HasSetting(CustomQuickNavButtons)</visible>
					</control>
					<control type="button" id="8771">
						<description>Custom QuickNav Button 10</description>
            <include>SettingsButton</include>
						<label>   • $LOCALIZE[31396] 10</label>
						<label2>[COLOR=selected]$INFO[Skin.String(CustomQuickNavBtn10.Label)][/COLOR]</label2>
						<onclick>RunScript(script.favourites,property=CustomQuickNavBtn10)</onclick>
						<visible>!Skin.HasSetting(DisableQuickNav) + Skin.HasSetting(CustomQuickNavButtons)</visible>
					</control>
				</control>

				<control type="scrollbar." id="60">
					<left>1070</left>
					<top>5</top>
					<width>11</width>
					<height>405</height>
					<texturesliderbackground>-</texturesliderbackground>
					<texturesliderbar border="0,14,0,14">views/scrollbar/scrollbar.png</texturesliderbar>
					<texturesliderbarfocus border="0,14,0,14">views/scrollbar/scrollbar.png</texturesliderbarfocus>
					<textureslidernib>-</textureslidernib>
					<textureslidernibfocus>-</textureslidernibfocus>
					<onleft>8400</onleft>
					<onright>8800</onright>
					<showonepage>false</showonepage>
					<orientation>vertical</orientation>
			    <animation effect="fade" start="100" end="0" time="300" condition="!Control.HasFocus(60)">Conditional</animation>
					<visible>Container(8800).Hasfocus(4)</visible>
					<include>CloseAnimation</include>
				</control>
			</control>
		</control>

		<!-- ============================ -->
    <!-- == Header & Footer Labels == -->
		<!-- ============================ -->
		<control type="group">
				<left>120</left>
				<top>163</top>
				<visible>Window.IsVisible(SkinSettings)</visible>
	      <include>Window_OpenClose_Animation</include>
			<control type="label">
				<description>Header Category Label</description>
				<left>0</left>
				<top>-50</top>
				<width>1075</width>
				<height>50</height>
				<font>FontSize_36</font>
				<label>$LOCALIZE[31420]</label>
				<align>center</align>
				<aligny>center</aligny>
				<textcolor>white</textcolor>
				<shadowcolor>99000000</shadowcolor>
			</control>
		 <control type="textbox">
				<description>Category Description</description>
				<left>0</left>
				<top>425</top>
				<width>1045</width>
				<height>30</height>
				<textcolor>33white</textcolor>
				<shadowcolor>44333333</shadowcolor>
				<font>FontSize_20</font>
				<align>left</align>
				<autoscroll>false</autoscroll>
				<label>$LOCALIZE[31409]</label>
		 </control>
		</control>
	 </control>

		<include>CommonNowPlaying</include>
		<include>CommonDialogsFadeOutBG</include>
		<include>SettingsMenu</include>
		<include>SettingsWeatherAndClock</include>
	</controls>
</window>
