<?xml version="1.0" encoding="UTF-8"?>
<window  id="137">
	<defaultcontrol always="true">9001</defaultcontrol>
	<allowoverlay>no</allowoverlay>
	<controls>

		<control type="group">
			<visible>!Window.IsActive(virtualkeyboard) + !Window.IsActive(selectdialog)</visible>
			<include>DialogAnimation</include>
			<control type="image">
				<description>background image</description>
				<include>FullscreenDimensions</include>
				<texture background="true">dialogs/playlist_editor/bg_playlisteditor_rule.png</texture>
			</control>
			<control type="label">
				<description>header label</description>
				<left>305</left>
				<top>260</top>
				<width>670</width>
				<height>50</height>
				<font>FontSize_36</font>
				<align>center</align>
				<aligny>center</aligny>
				<textcolor>white</textcolor>
				<shadowcolor>99000000</shadowcolor>
				<scroll>true</scroll>
				<scrollspeed>20</scrollspeed>
				<label>21421</label>
			</control>
			<control type="label">
				<description>Rule match label</description>
				<left>330</left>
				<top>305</top>
				<width>620</width>
				<height>30</height>
				<align>left</align>
				<aligny>center</aligny>
				<font>FontSize_16B</font>
				<textcolor>44white</textcolor>
				<shadowcolor>99000000</shadowcolor>
				<label>21422</label>
			</control>
			<control type="group" id="9001">
				<control type="label.">
					<description>Rule Field label</description>
					<left>335</left>
					<top>337</top>
					<width>310</width>
					<height>45</height>
					<font>FontSize_20</font>
					<align>left</align>
					<aligny>center</aligny>
					<textcolor>99white</textcolor>
					<shadowcolor>99000000</shadowcolor>
					<label>$INFO[Control.GetLabel(15)]</label>
				</control>
				<control type="spincontrolex" id="15">
					<description>Rule Field</description>
					<left>328</left>
					<top>337</top>
					<width>310</width>
					<height>45</height>
					<onright>16</onright>
					<onleft>16</onleft>
					<onup>10000</onup>
					<ondown>17</ondown>
			    <include>DialogsSpincontrolex</include>
				</control>
				<control type="spincontrolex" id="16">
					<description>Rule operator</description>
					<left>642</left>
					<top>337</top>
					<width>310</width>
					<height>45</height>
					<onright>15</onright>
					<onleft>15</onleft>
					<onup>10000</onup>
					<ondown>17</ondown>
	        <include>DialogsSpincontrolex</include>
				</control>
			</control>
			<control type="button" id="17">
				<description>Value Button</description>
				<left>328</left>
				<top>386</top>
				<width>460</width>
				<height>45</height>
				<label>-</label>
				<onup>9001</onup>
				<onleft>20</onleft>
				<onright>20</onright>
				<ondown>10000</ondown>
		    <invalidcolor>invalid</invalidcolor>
        <include>DialogsButton</include>
			</control>
			<control type="button" id="20">
				<description>Browse Button</description>
				<left>792</left>
				<top>386</top>
				<width>160</width>
				<height>45</height>
				<label>1024</label>
				<onup>9001</onup>
				<onleft>17</onleft>
				<onright>17</onright>
				<ondown>10000</ondown>
	      <align>center</align>
        <include>DialogsButton</include>
			</control>
		
		
		  <control type="group" id="10000">
				<left>330</left>
				<top>425</top>
	      <!-- Buttons -->
				<control type="grouplist" id="10001">
					<left>0</left>
					<top>0</top>
					<width>0</width>
					<height>0</height>
					<itemgap>0</itemgap>
					<align>left</align>
					<orientation>horizontal</orientation>
					<onleft>10001</onleft>
					<onright>10001</onright>
					<onup>17</onup>
					<ondown>9001</ondown>
					<control type="button" id="18">
						<description>Save</description>
					  <label>190</label>
					  <include>TopButton</include>
					</control>
					<control type="button" id="19">
						<description>Cancel</description>
					  <label>222</label>
					  <include>TopButton</include>
					</control>
				</control>
	      <!-- Buttons Labels -->
				<control type="grouplist">
					<left>0</left>
					<top>0</top>
					<height>70</height>
					<width>552</width>
					<itemgap>30</itemgap>
					<align>left</align>
					<orientation>horizontal</orientation>
					<control type="label">
						<description>Save Label</description>
						<height>62</height>
						<width min="10" max="552">auto</width>
						<font>FontSize_20</font>
						<textcolor>white</textcolor>
						<shadowcolor>99000000</shadowcolor>
				    <align>left</align>
				    <aligny>center</aligny>
						<scroll>false</scroll>
            <label>$INFO[Control.GetLabel(18),․  ]</label>
						<animation effect="fade" start="100" end="30" time="200" tween="sine" easing="inout" condition="!Control.HasFocus(18)" reversible="true">Conditional</animation>
	          <animation effect="zoom" start="100" end="95" time="200" tween="sine" easing="inout" center="15,0" condition="!Control.HasFocus(18)" reversible="true">Conditional</animation>
					</control>
					<control type="label">
						<description>Cancel Label</description>
						<height>62</height>
						<width min="10" max="552">auto</width>
						<font>FontSize_20</font>
						<textcolor>white</textcolor>
						<shadowcolor>99000000</shadowcolor>
				    <align>left</align>
				    <aligny>center</aligny>
						<scroll>false</scroll>
            <label>$INFO[Control.GetLabel(19),․  ]</label>
						<animation effect="fade" start="100" end="30" time="200" tween="sine" easing="inout" condition="!Control.HasFocus(19)" reversible="true">Conditional</animation>
	          <animation effect="zoom" start="100" end="95" time="200" tween="sine" easing="inout" center="15,0" condition="!Control.HasFocus(19)" reversible="true">Conditional</animation>
					</control>
				</control>
		  </control>
		</control>
	</controls>
</window>