<?xml version="1.0" encoding="UTF-8"?>
<window  id="123">
	<defaultcontrol>5</defaultcontrol>
	<controls>
		<control type="group">
	    <include>DialogAnimation</include>
			<visible>!Window.IsActive(SliderDialog) + !Window.IsVisible(FileBrowser)</visible>
			<control type="image">
				<description>background image</description>
				<include>FullscreenDimensions</include>
				<texture>osd/bg_osd_settings.png</texture>
				<colordiffuse>FAFFFFFF</colordiffuse>
			</control>
			<control type="image">
				<description>background image</description>
				<include>FullscreenDimensions</include>
				<texture>osd/bg_osd_settings_lines.png</texture>
				<!-- <colordiffuse>D9FFFFFF</colordiffuse> -->
			  <visible>!Control.IsVisible(3)</visible>
			</control>
			<control type="label" id="2">
				<description>Heding Label</description>
				<left>357</left>
				<top>165</top>
				<width>565</width>
				<font>FontSize_36</font>
				<textcolor>white</textcolor>
				<align>center</align>
				<scroll>true</scroll>
				<scrollspeed>20</scrollspeed>
			</control>
			<control type="label" id="3">
				<description>No Settings Label</description>
				<left>320</left>
				<top>175</top>
				<width>640</width>
				<height>352</height>
				<textcolor>77white</textcolor>
				<align>center</align>
				<font>FontSize_20</font>
			</control>
			<control type="grouplist" id="5">
				<description>control area</description>
				<left>363</left>
				<top>209</top>
				<width>555</width>
				<height>353</height>
			  <itemgap>4</itemgap>
				<onleft>Close</onleft>
				<onright>Close</onright>
				<onup>5</onup>
				<ondown>5</ondown>
			</control>
		</control>
		<control type="button" id="7">
			<description>Default Button</description>
	    <include>DialogsButton</include>
		</control>
		<control type="radiobutton" id="8">
			<description>Default RadioButton</description>
	    <include>DialogsRadioButton</include>
		</control>
		<control type="spincontrolex" id="9">
			<description>Default SpinControlex</description>
	    <include>DialogsSpincontrolex</include>
		</control>
		<control type="sliderex" id="10">
			<description>Default Slider</description>
	    <include>DialogsSliderx</include>
		</control>
		<control type="image" id="11">
			<description>separator image</description>
			<visible>false</visible>
		</control>
	</controls>
</window>
