<?xml version="1.0" encoding="UTF-8"?>
<includes> 

	<!-- ======================== -->
	<!-- ==== List View "50" ==== -->
	<!-- ======================== -->
	<include name="ListView_Addons">

	 <control type="group">
		<visible>Control.IsVisible(50)</visible>
		<visible>Window.IsVisible(AddonBrowser) | Window.IsVisible(Programs) | Container.Content(Addons)</visible>
    <include>DialogZoomInOutAnimation</include>

		<!-- Info & Thumb Code -->
		<control type="group">
			<include>ListViewAnimationsRight</include>
			<control type="group">
			  <include>ListViewAnimationsRight</include>
        <visible>!IsEmpty(ListItem.Property(Addon.Name)) + !Stringcompare(ListItem.Label,..)</visible>
				<control type="image">
					<left>420</left>
					<top>-25</top>
					<width>1040</width>
					<height>610</height>
					<aspectratio align="center" aligny="center">stretch</aspectratio>
					<texture>views/list/shine.png</texture>
					<!-- <colordiffuse>ccffffff</colordiffuse> -->
				</control>
				<control type="image">
					<left>555</left>
					<top>91</top>
					<width>755</width>
					<height>384</height>
					<aspectratio align="right" aligny="center">stretch</aspectratio>
					<fadetime>100</fadetime>
					<texture border="70">views/list/panel.png</texture>
					<bordersize>20</bordersize>
				</control>
				<control type="image">
					<left>636</left>
					<top>172</top>
					<width>222</width>
					<height>222</height>
					<aspectratio align="center" aligny="center">scale</aspectratio>
					<fadetime>100</fadetime>
					<texture background="true" fallback="thumbs/fallback_square_tp.png">$VAR[VarArtPoster]</texture>
					<bordertexture border="20">dialogs/other/iconborder_black.png</bordertexture>
					<bordersize>5</bordersize>
				</control>
				<control type="image">
					<left>636</left>
					<top>172</top>
					<width>222</width>
					<height>222</height>
					<aspectratio align="center" aligny="center">stretch</aspectratio>
					<fadetime>100</fadetime>
					<texture>views/list/overlay_square.png</texture>
					<bordersize>4</bordersize>
				</control>
				<control type="image">
					<left>855</left>
					<top>172</top>
					<width>374</width>
					<height>222</height>
					<aspectratio align="center" aligny="center">scale</aspectratio>
					<fadetime>100</fadetime>
			    <texture background="true" fallback="thumbs/fallback_fanart_tp.png">$VAR[VarArtFanart]</texture>
					<bordertexture border="20">dialogs/other/iconborder_black.png</bordertexture>
					<bordersize>5</bordersize>
				</control>
				<control type="image">
					<left>855</left>
					<top>172</top>
					<width>374</width>
					<height>222</height>
					<aspectratio align="center" aligny="center">stretch</aspectratio>
					<fadetime>100</fadetime>
					<texture>views/list/overlay_fanart.png</texture>
					<bordersize>4</bordersize>
				</control>
				<control type="image">
					<left>690</left>
					<top>412</top>
					<width>120</width>
					<height>23</height>
					<aspectratio align="center" aligny="center">keep</aspectratio>
			    <texture fallback="rating/rating0.png">$INFO[ListItem.StarRating,rating/]</texture>
				</control>
				<control type="grouplist">
					<left>630</left>
					<top>460</top>
					<width>200</width>
	        <height>300</height>
				  <orientation>vertical</orientation>
					<control type="label">
						<height min="0" max="13">auto</height>
						<width>180</width>
						<label>$LOCALIZE[24000] Creator</label>
						<font>FontSize_18B</font>
						<textcolor>99white</textcolor>
						<shadowcolor>99000000</shadowcolor>
					</control>
					<control type="label">
						<height min="0" max="13">auto</height>
						<width>180</width>
						<label fallback="195">$INFO[ListItem.Property(Addon.Creator)]</label>
						<font>FontSize_18</font>
					  <textcolor>99white</textcolor>
						<shadowcolor>99000000</shadowcolor>
					  <scrollspeed>30</scrollspeed>
					</control>
				</control>
				<control type="grouplist">
					<left>630</left>
					<top>506</top>
					<width>200</width>
	        <height>300</height>
				  <orientation>vertical</orientation>
					<control type="label">
						<height min="0" max="13">auto</height>
						<width>180</width>
						<label>$LOCALIZE[24000] $LOCALIZE[467]</label>
						<font>FontSize_18B</font>
						<textcolor>99white</textcolor>
						<shadowcolor>99000000</shadowcolor>
					</control>
					<control type="label">
						<height min="0" max="13">auto</height>
						<width>180</width>
						<label fallback="195">$INFO[ListItem.Property(Addon.Type)]</label>
						<font>FontSize_18</font>
					  <textcolor>99white</textcolor>
						<shadowcolor>99000000</shadowcolor>
					  <scrollspeed>30</scrollspeed>
					</control>
				</control>
				<control type="grouplist">
					<left>630</left>
					<top>553</top>
					<width>200</width>
	        <height>300</height>
				  <orientation>vertical</orientation>
					<control type="label">
						<height min="0" max="13">auto</height>
						<width>180</width>
						<label>$LOCALIZE[24000] ID</label>
						<font>FontSize_18B</font>
						<textcolor>99white</textcolor>
						<shadowcolor>99000000</shadowcolor>
					</control>
					<control type="label">
						<height min="0" max="13">auto</height>
						<width>180</width>
						<label fallback="195">$INFO[ListItem.Property(Addon.ID)]</label>
						<font>FontSize_18</font>
					  <textcolor>99white</textcolor>
						<shadowcolor>99000000</shadowcolor>
					  <scrollspeed>30</scrollspeed>
					</control>
				</control>
				<control type="label">
					<left>860</left>
					<top>408</top>
					<width>375</width>
					<font>FontSize_20</font>
					<textcolor>blue</textcolor>
					<shadowcolor>99000000</shadowcolor>
					<label>$VAR[GlobalInfo]</label>
				</control>
				<control type="textbox">
					<left>820</left>
					<top>453</top>
					<width>415</width>
					<height>133</height>
					<font>FontSize_20</font>
					<textcolor>99white</textcolor>
					<shadowcolor>99000000</shadowcolor>
					<align>justify</align>
					<autoscroll delay="8000" time="2000" repeat="8000">Skin.HasSetting(AutoScroll)</autoscroll>
					<label fallback="195">$VAR[GlobalPlotDescription]</label>
				</control>
			</control>
			<control type="group">
			  <include>ListViewAnimationsRight</include>
        <visible>IsEmpty(ListItem.Property(Addon.Name))</visible>
				<control type="image">
					<left>670</left>
					<top>10</top>
					<width>790</width>
					<height>590</height>
					<aspectratio align="center" aligny="center">stretch</aspectratio>
					<texture>views/list/shine2.png</texture>
					<!-- <colordiffuse>ccffffff</colordiffuse> -->
				</control>
				<control type="image">
					<left>740</left>
					<top>162</top>
					<width>500</width>
					<height>276</height>
					<aspectratio align="right" aligny="center">keep</aspectratio>
					<fadetime>150</fadetime>
					<texture background="true">$INFO[Listitem.Icon]</texture>
					<bordertexture border="20">views/list/panel2.png</bordertexture>
					<bordersize>20</bordersize>
				</control>
			</control>
		</control>

		<!-- Main List -->	
		<control type="group">
			<include>ListViewAnimationsLeft</include>
			<control type="list" id="50">
				<left>25</left>
				<top>150</top>
				<width>1190</width>
				<height>450</height>
				<onleft>60</onleft>
				<onright>9000</onright>
				<onup>50</onup>
				<ondown>50</ondown>
				<viewtype label="535">list</viewtype>
				<pagecontrol>60</pagecontrol>
			  <scrolltime tween="cubic" easing="out">300</scrolltime>
				<itemlayout height="45" width="710">
					<control type="label">
						<left>15</left>
						<top>0</top>
						<width>100</width>
						<height>45</height>
						<font>FontSize_20</font>
						<textcolor>77white</textcolor>
						<shadowcolor>77000000</shadowcolor>
						<align>left</align>
						<aligny>center</aligny>
						<label>․  ․  ․</label>
            <visible>!Stringcompare(ListItem.Label,..)</visible>
					</control>
					<control type="label">
						<left>95</left>
						<top>0</top>
						<width>455</width>
						<height>44</height>
						<font>FontSize_22</font>
						<textcolor>77white</textcolor>
						<shadowcolor>77000000</shadowcolor>
						<align>left</align>
						<aligny>center</aligny>
						<label>$INFO[ListItem.Label]</label>
					</control>
					<control type="label">
						<left>585</left>
						<top>0</top>
						<width>300</width>
						<height>45</height>
						<font>FontSize_22</font>
						<textcolor>77white</textcolor>
						<shadowcolor>77000000</shadowcolor>
						<align>right</align>
						<aligny>center</aligny>
						<label fallback="․  ․  ․">$INFO[ListItem.Label2]</label>
						<visible>IsEmpty(ListItem.Property(Addon.Broken))</visible>
            <visible>!Stringcompare(ListItem.Label,..)</visible>
					</control>
					<control type="label">
						<left>585</left>
						<top>0</top>
						<width>300</width>
						<height>45</height>
						<font>FontSize_22</font>
						<textcolor>red</textcolor>
						<shadowcolor>77000000</shadowcolor>
						<align>right</align>
						<aligny>center</aligny>
						<label fallback="․  ․  ․">$INFO[ListItem.Label2]</label>
						<visible>!IsEmpty(ListItem.Property(Addon.Broken))</visible>
            <visible>!Stringcompare(ListItem.Label,..)</visible>
					</control>
				</itemlayout>
				<focusedlayout height="45" width="710">
		      <control type="group">
			      <include>ListFocusAnimation</include>
						<control type="label">
							<left>15</left>
							<top>0</top>
							<width>100</width>
							<height>45</height>
							<font>FontSize_20</font>
							<textcolor>white</textcolor>
							<shadowcolor>77000000</shadowcolor>
							<align>left</align>
							<aligny>center</aligny>
							<label>․  ․  ․</label>
	            <visible>!Stringcompare(ListItem.Label,..)</visible>
						</control>
						<control type="label">
							<left>95</left>
							<top>0</top>
							<width>455</width>
							<height>44</height>
							<font>FontSize_22</font>
							<textcolor>white</textcolor>
							<shadowcolor>77000000</shadowcolor>
							<align>left</align>
							<aligny>center</aligny>
					    <scroll>true</scroll>
							<label>$INFO[ListItem.Label]</label>
						</control>
						<control type="label">
							<left>585</left>
							<top>0</top>
							<width>300</width>
							<height>45</height>
							<font>FontSize_22</font>
							<textcolor>white</textcolor>
							<shadowcolor>77000000</shadowcolor>
							<align>right</align>
							<aligny>center</aligny>
					    <scroll>true</scroll>
							<label fallback="․  ․  ․">$INFO[ListItem.Label2]</label>
							<visible>IsEmpty(ListItem.Property(Addon.Broken))</visible>
              <visible>!Stringcompare(ListItem.Label,..)</visible>
						</control>
						<control type="label">
							<left>585</left>
							<top>0</top>
							<width>300</width>
							<height>45</height>
							<font>FontSize_22</font>
							<textcolor>red</textcolor>
							<shadowcolor>77000000</shadowcolor>
							<align>right</align>
							<aligny>center</aligny>
							<label fallback="․  ․  ․">$INFO[ListItem.Label2]</label>
							<visible>!IsEmpty(ListItem.Property(Addon.Broken))</visible>
              <visible>!Stringcompare(ListItem.Label,..)</visible>
						</control>
          </control>
				</focusedlayout>
			</control>
			<control type="scrollbar" id="60">
				<left>20</left>
				<top>168</top>
				<width>9</width>
				<height>417</height>
				<texturesliderbackground>-</texturesliderbackground>
				<texturesliderbar border="0,14,0,14">views/scrollbar/scrollbar.png</texturesliderbar>
				<texturesliderbarfocus border="0,14,0,14">views/scrollbar/scrollbar.png</texturesliderbarfocus>
				<textureslidernib>-</textureslidernib>
				<textureslidernibfocus>-</textureslidernibfocus>
				<onleft>2</onleft>
				<onright>50</onright>
				<showonepage>false</showonepage>
				<orientation>vertical</orientation>
			  <animation effect="fade" start="100" end="0" time="300" condition="!Control.HasFocus(60)">Conditional</animation>
				<visible>Control.IsVisible(50)</visible>
			</control>
			<control type="image">
				<left>53</left>
				<top>135</top>
				<width>23</width>
				<height>20</height>
				<texture>views/scrollbar/arrow.png</texture>
		  </control>
		  <control type="image">
				<left>53</left>
				<top>598</top>
				<width>23</width>
				<height>20</height>
				<texture flipy="true">views/scrollbar/arrow.png</texture>
		  </control>
		</control>
	 </control>		
	</include>
	

	<!-- ============================== -->
	<!-- ==== Thumbnails View "56" ==== -->
	<!-- ============================== -->
	
	<include name="ThumbnailsView">
		<control type="group">
			<visible>Control.IsVisible(56)</visible>
	    <include>DialogZoomInOutAnimation</include>
	    <include>ThumbnailsAnimations</include>
			<control type="panel" id="56">
				<left>26</left>
				<top>90</top>
				<width>1227</width>
				<height>520</height>
				<onleft>9111</onleft>
				<onright>60</onright>
				<onup>56</onup>
				<ondown>56</ondown>
	      <orientation>vertical</orientation>
				<viewtype label="31085">list</viewtype>
				<pagecontrol>60</pagecontrol>
        <scrolltime tween="Quadratic" easing="out">300</scrolltime>
				<preloaditems>2</preloaditems>
			  <visible>![Container.Content(Movies) | Container.Content(TVShows) | Container.Content(Seasons) | Container.Content(Episodes) | Container.Content(Sets) | Window.IsVisible(VideoPlaylist)] + !substring(Container.FolderPath,plugin://plugin.video.youtube)</visible>
				<itemlayout height="258" width="243">
					<control type="image">
						<left>-2</left>
						<width>256</width>
						<height>270</height>
						<aspectratio align="center" aligny="center">stretch</aspectratio>
						<texture border="30">views/thumbnails/thumb_panel.png</texture>
					</control>
					<control type="image">
						<left>22</left>
						<top>23</top>
						<width>208</width>
						<height>194</height>
						<aspectratio align="center" aligny="center">scale</aspectratio>
					  <texture background="true" fallback="thumbs/fallback_square_tp.png">$VAR[ThumbnailsIcon]</texture>
						<bordertexture border="15">dialogs/other/iconborder_black.png</bordertexture>
					  <bordersize>6</bordersize>
					</control>
					<control type="image">
						<left>22</left>
						<top>23</top>
						<width>208</width>
						<height>194</height>
					  <texture background="true">overlays/unwatched/thumbs/UnWatched_Square.png</texture>
						<aspectratio align="center" aligny="center">stretch</aspectratio>
						<bordersize>6</bordersize>
            <visible>stringcompare(ListItem.Overlay,OverlayUnWatched.png)</visible>
					</control>
					<control type="image">
						<left>22</left>
						<top>23</top>
						<width>208</width>
						<height>194</height>
					  <texture background="true">$VAR[AddonStatus]</texture>
						<aspectratio align="center" aligny="center">stretch</aspectratio>
						<bordersize>6</bordersize>
					</control>
					<control type="label">
						<left>128</left>
						<top>215</top>
						<width>205</width>
						<height>35</height>
						<textcolor>99white</textcolor>
						<shadowcolor>99000000</shadowcolor>
						<font>FontSize_20</font>
						<scroll>false</scroll>
						<align>center</align>
						<aligny>center</aligny>
						<label>$VAR[BannersListMusicLabel]</label>
					</control>
				</itemlayout>
				<focusedlayout height="258" width="243">
					<control type="image">
						<left>-2</left>
						<width>256</width>
						<height>270</height>
						<aspectratio align="center" aligny="center">stretch</aspectratio>
						<texture border="30">views/thumbnails/thumb_panel.png</texture>
					</control>
					<control type="image">
						<left>22</left>
						<top>23</top>
						<width>208</width>
						<height>194</height>
						<aspectratio align="center" aligny="center">scale</aspectratio>
					  <texture background="true" fallback="thumbs/fallback_square_tp.png">$VAR[ThumbnailsIcon]</texture>
						<bordertexture border="15">dialogs/other/iconborder_black.png</bordertexture>
					  <bordersize>6</bordersize>
					</control>
					<control type="image">
						<left>22</left>
						<top>23</top>
						<width>208</width>
						<height>194</height>
					  <texture background="true">overlays/unwatched/thumbs/UnWatched_Square.png</texture>
						<aspectratio align="center" aligny="center">stretch</aspectratio>
						<bordersize>6</bordersize>
            <visible>stringcompare(ListItem.Overlay,OverlayUnWatched.png)</visible>
					</control>
					<control type="image">
						<left>22</left>
						<top>23</top>
						<width>208</width>
						<height>194</height>
					  <texture background="true">$VAR[AddonStatus]</texture>
						<aspectratio align="center" aligny="center">stretch</aspectratio>
						<bordersize>6</bordersize>
					</control>
					<control type="label">
						<left>128</left>
						<top>215</top>
						<width>205</width>
						<height>35</height>
						<textcolor>blue</textcolor>
						<shadowcolor>99000000</shadowcolor>
						<font>FontSize_20</font>
						<scrollspeed>35</scrollspeed>
						<align>center</align>
						<aligny>center</aligny>
						<label>$VAR[BannersListMusicLabel]</label>
					</control>
					<control type="image">
						<left>-2</left>
						<width>256</width>
						<height>270</height>
						<aspectratio align="center" aligny="center">stretch</aspectratio>
						<texture border="30">views/thumbnails/focus.png</texture>
            <animation type="Focus">
              <effect type="zoom" start="95" end="100" time="150" tween="sine" easing="inout" center="auto" />
            </animation>
					</control>
				</focusedlayout>
			</control>
			<control type="scrollbar" id="60">
				<right>30</right>
				<top>107</top>
				<width>9</width>
				<height>495</height>
				<texturesliderbackground>-</texturesliderbackground>
				<texturesliderbar border="0,14,0,14">views/scrollbar/scrollbar.png</texturesliderbar>
				<texturesliderbarfocus border="0,14,0,14">views/scrollbar/scrollbar.png</texturesliderbarfocus>
				<textureslidernib>-</textureslidernib>
				<textureslidernibfocus>-</textureslidernibfocus>
				<onleft>56</onleft>
				<onright>9111</onright>
				<showonepage>false</showonepage>
				<orientation>vertical</orientation>
			  <animation effect="fade" start="100" end="0" time="250" condition="!Control.HasFocus(60) + !Container.Scrolling">Conditional</animation>
			</control>
		</control>
	</include>

</includes>
