<?xml version="1.0" encoding="UTF-8"?>
<includes> 

	<!-- ======================== -->
	<!-- ==== List View "50" ==== -->
	<!-- ======================== -->

	<include name="ListView_Pictures">
	 <control type="group">
		<visible>Control.IsVisible(50)</visible>
    <include>DialogZoomInOutAnimation</include>

		<!-- ==== Info & Thumb Code ==== -->
		<control type="group">
			<include>ListViewAnimationsRight</include>
			<control type="group">
        <visible>Container.HasFiles + !IsEmpty(ListItem.FileName)</visible>
        <visible>!Container.Content(addons)</visible>
			  <include>ListViewAnimationsRight</include>
				<control type="image">
					<left>555</left>
					<top>-100</top>
					<width>880</width>
					<height>840</height>
					<aspectratio align="center" aligny="center">stretch</aspectratio>
					<texture>views/list/shine.png</texture>
					<!-- <colordiffuse>ccffffff</colordiffuse> -->
				</control>
				<control type="image">
					<left>650</left>
					<top>90</top>
					<width>658</width>
					<height>470</height>
					<aspectratio align="right" aligny="center">stretch</aspectratio>
					<fadetime>150</fadetime>
					<texture border="70">views/list/panel.png</texture>
					<bordersize>20</bordersize>
				</control>
				<control type="image">
					<left>735</left>
					<top>175</top>
					<width>488</width>
					<height>280</height>
					<aspectratio align="center" aligny="center">stretch</aspectratio>
					<texture border="20">empty_icon.png</texture>
					<bordertexture border="20">dialogs/other/iconborder_black.png</bordertexture>
					<bordersize>6</bordersize>
				</control>
				<control type="image">
					<left>735</left>
					<top>175</top>
					<width>488</width>
					<height>280</height>
					<aspectratio align="center" aligny="top">scale</aspectratio>
					<fadetime>100</fadetime>
			    <texture background="true" fallback="thumbs/fallback_fanart_tp.png">$INFO[ListItem.FileNameAndPath]</texture>
					<bordersize>5</bordersize>
				</control>
				<control type="image">
					<left>735</left>
					<top>175</top>
					<width>488</width>
					<height>280</height>
					<aspectratio align="center" aligny="center">stretch</aspectratio>
					<fadetime>100</fadetime>
					<texture background="true">views/list/overlay_fanart.png</texture>
					<bordersize>4</bordersize>
				</control>
				<control type="label.">
					<left>725</left>
					<top>490</top>
					<width>450</width>
					<height>30</height>
					<label>$INFO[ListItem.PictureCamModel]</label>
					<font>FontSize_20</font>
					<textcolor>99white</textcolor>
					<shadowcolor>99000000</shadowcolor>
				  <align>left</align>
				</control>
				<control type="grouplist">
					<left>725</left>
					<top>539</top>
					<width>550</width>
	        <height>400</height>
	        <itemgap>10</itemgap>
				  <orientation>vertical</orientation>
					<control type="label">
						<height min="0" max="13">auto</height>
						<width>450</width>
						<label>$LOCALIZE[21820]/$LOCALIZE[169]</label>
						<font>FontSize_20B</font>
						<textcolor>99white</textcolor>
						<shadowcolor>99000000</shadowcolor>
					   <aligny>top</aligny>
					</control>
					<control type="label">
						<height min="0" max="13">auto</height>
						<width>500</width>
						<label fallback="195">$VAR[GlobalInfo]</label>
						<font>FontSize_20</font>
					  <textcolor>99white</textcolor>
						<shadowcolor>99000000</shadowcolor>
					  <scrollspeed>30</scrollspeed>
					  <aligny>top</aligny>
					</control>
				</control>
				<control type="group">
					<left>1080</left>
					<top>460</top>
					<align>right</align>
				  <include>CameraLogosFlags</include>
				</control>
			</control>
			<control type="group">
			  <include>ListViewAnimationsRight</include>
        <visible>!Container.HasFiles | IsEmpty(ListItem.FileName)</visible>
        <visible>!Container.Content(addons)</visible>
				<control type="image">
					<left>670</left>
					<top>10</top>
					<width>790</width>
					<height>590</height>
					<aspectratio align="center" aligny="center">stretch</aspectratio>
					<texture>views/list/shine2.png</texture>
					<!-- <colordiffuse>ccffffff</colordiffuse> -->
				</control>
				<control type="image">
					<left>740</left>
					<top>162</top>
					<width>500</width>
					<height>276</height>
					<aspectratio align="right" aligny="center">keep</aspectratio>
					<fadetime>150</fadetime>
					<texture background="true">$INFO[Listitem.Icon]</texture>
					<bordertexture border="20">views/list/panel2.png</bordertexture>
					<bordersize>20</bordersize>
				</control>
			</control>

			<control type="group">
        <visible>Container.Content(Addons) + !IsEmpty(ListItem.Property(Addon.Name))</visible>
			  <include>ListViewAnimationsRight</include>
				<control type="image">
					<left>430</left>
					<top>-25</top>
					<width>1040</width>
					<height>610</height>
					<aspectratio align="center" aligny="center">stretch</aspectratio>
					<texture>views/list/shine.png</texture>
					<!-- <colordiffuse>ccffffff</colordiffuse> -->
				</control>
				<control type="image">
					<left>555</left>
					<top>91</top>
					<width>755</width>
					<height>382</height>
					<aspectratio align="right" aligny="center">stretch</aspectratio>
					<fadetime>100</fadetime>
					<texture border="70">views/list/panel.png</texture>
					<bordersize>20</bordersize>
				</control>
				<control type="image">
					<left>636</left>
					<top>172</top>
					<width>222</width>
					<height>222</height>
					<aspectratio align="center" aligny="center">stretch</aspectratio>
					<fadetime>100</fadetime>
					<texture background="true" fallback="thumbs/fallback_square_tp.png">$VAR[VarArtPoster]</texture>
					<bordertexture border="20">dialogs/other/iconborder_black.png</bordertexture>
					<bordersize>5</bordersize>
				</control>
				<control type="image">
					<left>636</left>
					<top>172</top>
					<width>222</width>
					<height>222</height>
					<aspectratio align="center" aligny="center">stretch</aspectratio>
					<fadetime>100</fadetime>
					<texture>views/list/overlay_square.png</texture>
					<bordersize>4</bordersize>
				</control>
				<control type="image">
					<left>855</left>
					<top>172</top>
					<width>374</width>
					<height>222</height>
					<aspectratio align="center" aligny="center">stretch</aspectratio>
					<fadetime>100</fadetime>
			    <texture background="true" fallback="thumbs/fallback_fanart_tp.png">$VAR[VarArtFanart]</texture>
					<bordertexture border="20">dialogs/other/iconborder_black.png</bordertexture>
					<bordersize>5</bordersize>
				</control>
				<control type="image">
					<left>855</left>
					<top>172</top>
					<width>374</width>
					<height>222</height>
					<aspectratio align="center" aligny="center">stretch</aspectratio>
					<fadetime>100</fadetime>
					<texture>views/list/overlay_fanart.png</texture>
			    <colordiffuse>77ffffff</colordiffuse>
					<bordersize>4</bordersize>
				</control>
				<control type="image">
					<left>690</left>
					<top>412</top>
					<width>120</width>
					<height>23</height>
					<aspectratio align="center" aligny="center">keep</aspectratio>
			    <texture fallback="rating/rating0.png">$INFO[ListItem.StarRating,rating/]</texture>
				</control>
				<control type="grouplist">
					<left>630</left>
					<top>460</top>
					<width>200</width>
	        <height>300</height>
				  <orientation>vertical</orientation>
					<control type="label">
						<height min="0" max="13">auto</height>
						<width>180</width>
						<label>$LOCALIZE[24000] Creator</label>
						<font>FontSize_18B</font>
						<textcolor>99white</textcolor>
						<shadowcolor>99000000</shadowcolor>
					</control>
					<control type="label">
						<height min="0" max="13">auto</height>
						<width>180</width>
						<label fallback="195">$INFO[ListItem.Property(Addon.Creator)]</label>
						<font>FontSize_18</font>
					  <textcolor>99white</textcolor>
						<shadowcolor>99000000</shadowcolor>
					  <scrollspeed>30</scrollspeed>
					</control>
				</control>
				<control type="grouplist">
					<left>630</left>
					<top>506</top>
					<width>200</width>
	        <height>300</height>
				  <orientation>vertical</orientation>
					<control type="label">
						<height min="0" max="13">auto</height>
						<width>180</width>
						<label>$LOCALIZE[24000] $LOCALIZE[467]</label>
						<font>FontSize_18B</font>
						<textcolor>99white</textcolor>
						<shadowcolor>99000000</shadowcolor>
					</control>
					<control type="label">
						<height min="0" max="13">auto</height>
						<width>180</width>
						<label fallback="195">$INFO[ListItem.Property(Addon.Type)]</label>
						<font>FontSize_18</font>
					  <textcolor>99white</textcolor>
						<shadowcolor>99000000</shadowcolor>
					  <scrollspeed>30</scrollspeed>
					</control>
				</control>
				<control type="grouplist">
					<left>630</left>
					<top>553</top>
					<width>200</width>
	        <height>300</height>
				  <orientation>vertical</orientation>
					<control type="label">
						<height min="0" max="13">auto</height>
						<width>180</width>
						<label>$LOCALIZE[24000] ID</label>
						<font>FontSize_18B</font>
						<textcolor>99white</textcolor>
						<shadowcolor>99000000</shadowcolor>
					</control>
					<control type="label">
						<height min="0" max="13">auto</height>
						<width>180</width>
						<label fallback="195">$INFO[ListItem.Property(Addon.ID)]</label>
						<font>FontSize_18</font>
					  <textcolor>99white</textcolor>
						<shadowcolor>99000000</shadowcolor>
					  <scrollspeed>30</scrollspeed>
					</control>
				</control>
				<control type="label">
					<left>860</left>
					<top>408</top>
					<width>375</width>
					<font>FontSize_20</font>
					<textcolor>blue</textcolor>
					<shadowcolor>99000000</shadowcolor>
					<label>$VAR[GlobalInfo]</label>
				</control>
				<control type="textbox">
					<left>820</left>
					<top>453</top>
					<width>415</width>
					<height>133</height>
					<font>FontSize_20</font>
					<textcolor>99white</textcolor>
					<shadowcolor>99000000</shadowcolor>
					<align>justify</align>
					<autoscroll delay="8000" time="2000" repeat="8000">Skin.HasSetting(AutoScroll)</autoscroll>
					<label fallback="195">$VAR[GlobalPlotDescription]</label>
				</control>
			</control>
			<control type="group">
			  <include>ListViewAnimationsRight</include>
        <visible>Container.Content(Addons) + IsEmpty(ListItem.Property(Addon.Name))</visible>
				<control type="image">
					<left>670</left>
					<top>10</top>
					<width>790</width>
					<height>590</height>
					<aspectratio align="center" aligny="center">stretch</aspectratio>
					<texture>views/list/shine2.png</texture>
					<!-- <colordiffuse>ccffffff</colordiffuse> -->
				</control>
				<control type="image">
					<left>740</left>
					<top>162</top>
					<width>500</width>
					<height>276</height>
					<aspectratio align="right" aligny="center">keep</aspectratio>
					<fadetime>150</fadetime>
					<texture background="true">$INFO[Listitem.Icon]</texture>
					<bordertexture border="20">views/list/panel2.png</bordertexture>
					<bordersize>20</bordersize>
				</control>
			</control>
		</control>

		<!-- ==== List ==== -->
	  <control type="group">
			<include>ListViewAnimationsLeft</include>		
			<control type="list" id="50">
				<left>25</left>
				<top>150</top>
				<width>1190</width>
				<height>450</height>
				<onleft>60</onleft>
				<onright>9000</onright>
				<onup>50</onup>
				<ondown>50</ondown>
				<viewtype label="535">list</viewtype>
				<pagecontrol>60</pagecontrol>
			  <scrolltime tween="cubic" easing="out">300</scrolltime>
				<itemlayout height="45" width="710" condition="!Container.Content(addons)">
					<control type="label">
						<left>15</left>
						<top>0</top>
						<width>100</width>
						<height>45</height>
						<font>FontSize_20</font>
						<textcolor>77white</textcolor>
						<shadowcolor>77000000</shadowcolor>
						<selectedcolor>selected</selectedcolor>
						<align>left</align>
						<aligny>center</aligny>
						<label>․  ․  ․</label>
            <visible>!Stringcompare(ListItem.Label,..)</visible>
					</control>
					<control type="label">
						<left>95</left>
						<top>0</top>
						<width>535</width>
						<height>45</height>
						<font>FontSize_22</font>
						<textcolor>77white</textcolor>
						<shadowcolor>77000000</shadowcolor>
						<selectedcolor>selected</selectedcolor>
						<align>left</align>
						<aligny>center</aligny>
						<label>$INFO[ListItem.Label]</label>
					</control>
					<control type="label">
						<left>685</left>
						<top>0</top>
						<width>300</width>
						<height>45</height>
						<font>FontSize_22</font>
						<textcolor>77white</textcolor>
						<shadowcolor>77000000</shadowcolor>
						<selectedcolor>selected</selectedcolor>
						<align>right</align>
						<aligny>center</aligny>
						<label fallback="․  ․  ․">$INFO[ListItem.Label2]</label>
            <visible>!Stringcompare(ListItem.Label,..)</visible>
					</control>
				</itemlayout>
				<focusedlayout height="45" width="710" condition="!Container.Content(addons)">
		      <control type="group">
			      <include>ListFocusAnimation</include>
						<control type="label">
							<left>15</left>
							<top>0</top>
							<width>300</width>
							<height>45</height>
							<font>FontSize_20</font>
							<textcolor>white</textcolor>
							<shadowcolor>77000000</shadowcolor>
							<align>left</align>
							<aligny>center</aligny>
							<label>․  ․  ․</label>
              <visible>!Stringcompare(ListItem.Label,..)</visible>
						</control>
						<control type="label">
							<left>95</left>
							<top>0</top>
							<width>535</width>
							<height>45</height>
							<font>FontSize_22</font>
							<textcolor>white</textcolor>
							<shadowcolor>77000000</shadowcolor>
							<align>left</align>
							<aligny>center</aligny>
						  <scroll>true</scroll>
							<label>$INFO[ListItem.Label]</label>
						</control>
						<control type="label">
							<left>685</left>
							<top>0</top>
							<width>300</width>
							<height>45</height>
							<font>FontSize_22</font>
							<textcolor>white</textcolor>
							<shadowcolor>77000000</shadowcolor>
							<align>right</align>
							<aligny>center</aligny>
							<label fallback="․  ․  ․">$INFO[ListItem.Label2]</label>
              <visible>!Stringcompare(ListItem.Label,..)</visible>
						</control>
          </control>
				</focusedlayout>
				<itemlayout height="45" width="710" condition="Container.Content(Addons)">
					<control type="label">
						<left>15</left>
						<top>0</top>
						<width>100</width>
						<height>45</height>
						<font>FontSize_20</font>
						<textcolor>77white</textcolor>
						<shadowcolor>77000000</shadowcolor>
						<selectedcolor>selected</selectedcolor>
						<align>left</align>
						<aligny>center</aligny>
						<label>․  ․  ․</label>
            <visible>!Stringcompare(ListItem.Label,..)</visible>
					</control>
					<control type="label">
						<left>95</left>
						<top>0</top>
						<width>455</width>
						<height>44</height>
						<font>FontSize_22</font>
						<textcolor>77white</textcolor>
						<shadowcolor>77000000</shadowcolor>
						<selectedcolor>selected</selectedcolor>
						<align>left</align>
						<aligny>center</aligny>
						<label>$INFO[ListItem.Label]</label>
					</control>
					<control type="label">
						<left>585</left>
						<top>0</top>
						<width>300</width>
						<height>45</height>
						<font>FontSize_22</font>
						<textcolor>77white</textcolor>
						<shadowcolor>77000000</shadowcolor>
						<selectedcolor>selected</selectedcolor>
						<align>right</align>
						<aligny>center</aligny>
						<label fallback="․  ․  ․">$INFO[ListItem.Label2]</label>
						<visible>IsEmpty(ListItem.Property(Addon.Broken))</visible>
            <visible>!Stringcompare(ListItem.Label,..)</visible>
					</control>
					<control type="label">
						<left>585</left>
						<top>0</top>
						<width>300</width>
						<height>45</height>
						<font>FontSize_22</font>
						<textcolor>red</textcolor>
						<shadowcolor>77000000</shadowcolor>
						<selectedcolor>selected</selectedcolor>
						<align>right</align>
						<aligny>center</aligny>
						<label fallback="․  ․  ․">$INFO[ListItem.Label2]</label>
						<visible>!IsEmpty(ListItem.Property(Addon.Broken))</visible>
            <visible>!Stringcompare(ListItem.Label,..)</visible>
					</control>
				</itemlayout>
				<focusedlayout height="45" width="710" condition="Container.Content(Addons)">
		      <control type="group">
			      <include>ListFocusAnimation</include>
						<control type="label">
							<left>15</left>
							<top>0</top>
							<width>100</width>
							<height>45</height>
							<font>FontSize_20</font>
							<textcolor>white</textcolor>
							<shadowcolor>77000000</shadowcolor>
							<align>left</align>
							<aligny>center</aligny>
							<label>․  ․  ․</label>
              <visible>!Stringcompare(ListItem.Label,..)</visible>
						</control>
						<control type="label">
							<left>95</left>
							<top>0</top>
							<width>455</width>
							<height>44</height>
							<font>FontSize_22</font>
							<textcolor>white</textcolor>
							<shadowcolor>77000000</shadowcolor>
							<align>left</align>
							<aligny>center</aligny>
						  <scroll>true</scroll>
							<label>$INFO[ListItem.Label]</label>
						</control>
						<control type="label">
							<left>585</left>
							<top>0</top>
							<width>300</width>
							<height>45</height>
							<font>FontSize_22</font>
							<textcolor>white</textcolor>
							<shadowcolor>77000000</shadowcolor>
							<align>right</align>
							<aligny>center</aligny>
							<label fallback="․  ․  ․">$INFO[ListItem.Label2]</label>
							<visible>IsEmpty(ListItem.Property(Addon.Broken))</visible>
              <visible>!Stringcompare(ListItem.Label,..)</visible>
						</control>
						<control type="label">
							<left>585</left>
							<top>0</top>
							<width>300</width>
							<height>45</height>
							<font>FontSize_22</font>
							<textcolor>red</textcolor>
							<shadowcolor>77000000</shadowcolor>
							<align>right</align>
							<aligny>center</aligny>
							<label fallback="․  ․  ․">$INFO[ListItem.Label2]</label>
							<visible>!IsEmpty(ListItem.Property(Addon.Broken))</visible>
              <visible>!Stringcompare(ListItem.Label,..)</visible>
						</control>
          </control>
				</focusedlayout>
			</control>
			<control type="scrollbar" id="60">
				<left>25</left>
				<top>167</top>
				<width>9</width>
				<height>418</height>
				<texturesliderbackground>-</texturesliderbackground>
				<texturesliderbar border="0,14,0,14">views/scrollbar/scrollbar.png</texturesliderbar>
				<texturesliderbarfocus border="0,14,0,14">views/scrollbar/scrollbar.png</texturesliderbarfocus>
				<textureslidernib>-</textureslidernib>
				<textureslidernibfocus>-</textureslidernibfocus>
				<onleft>9000</onleft>
				<onright>50</onright>
				<showonepage>false</showonepage>
				<orientation>vertical</orientation>
			  <animation effect="fade" start="100" end="0" time="300" condition="!Control.HasFocus(60)">Conditional</animation>
				<visible>Control.IsVisible(50)</visible>
			</control>
			<control type="image">
				<left>53</left>
				<top>135</top>
				<width>23</width>
				<height>20</height>
				<texture>views/scrollbar/arrow.png</texture>
		  </control>
		  <control type="image">
				<left>53</left>
				<top>598</top>
				<width>23</width>
				<height>20</height>		
				<texture flipy="true">views/scrollbar/arrow.png</texture>
      </control>
	  </control>
	 </control>
	</include>



	<!-- =========================== -->
	<!-- ==== Gallery View "52" ==== -->
	<!-- =========================== -->
	
	<include name="GalleryView_Pictures">
		<control type="group">
			<visible>Control.IsVisible(52)</visible>
	    <include>DialogZoomInOutAnimation</include>
	    <include>CommonSlideAnimations</include>
		  <control type="group">
				<control type="image">
					<left>-230</left>
					<top>-88</top>
					<width>1700</width>
					<height>860</height>
					<aspectratio align="center" aligny="center">stretch</aspectratio>
					<texture background="true">views/slide/shine.png</texture>
				</control>
				<control type="image">
					<left>0</left>
					<top>0</top>
					<width>1280</width>
					<height>720</height>
					<texture>views/gallery/top_bottom_shadows.png</texture>
				</control>
				<control type="image">
					<left>-50</left>
					<top>132</top>
					<width>1380</width>
					<height>460</height>
					<aspectratio align="center" aligny="center">stretch</aspectratio>
					<fadetime>150</fadetime>
					<texture border="50">views/list/panel2.png</texture>
					<bordersize>20</bordersize>
				</control>
		  </control>
	
			<control type="wraplist" id="52">
				<left>-34</left>
				<top>172</top>
				<width>1900</width>
				<height>800</height>
				<onleft>52</onleft>
				<onright>52</onright>
	      <onup>9000</onup>
	      <ondown>60</ondown>
				<viewtype label="31081">List</viewtype>
	      <scrolltime tween="Cubic" easing="out">500</scrolltime>
	      <orientation>horizontal</orientation>
	      <preloaditems>2</preloaditems>
	      <focusposition>5</focusposition>
			  <pagecontrol>60</pagecontrol>
        <visible>Container.HasFiles + !Container.Content(addons)</visible>
				<itemlayout width="58" height="380">
					<control type="image">
						<left>35</left>
						<top>0</top>
						<width>60</width>
						<height>380</height>
						<align>left</align>
						<aspectratio>stretch</aspectratio>
					  <texture border="25">dialogs/other/iconborder_black.png</texture>
					</control>
					<control type="label">
						<left>47</left>
						<top>365</top>
						<width>355</width>
						<height>60</height>
						<textcolor>44white</textcolor>
						<font>FontSize_26</font>
						<scroll>false</scroll>
						<angle>90</angle>
						<align>left</align>
						<aligny>top</aligny>
						<label>$INFO[ListItem.label]</label>
					</control>
				</itemlayout>
				<focusedlayout width="695" height="380">
					<control type="group">
						<left>46</left>
	          <animation type="Focus" reversible="false" condition="Container(52).OnNext">
	            <effect type="slide" start="56,0" end="0,0" time="200" tween="circle" easing="out" />
	            <effect type="fade" start="20" end="100" time="400" delay="100" tween="sine" easing="out" />
	          </animation>
	          <animation type="Focus" reversible="false" condition="Container(52).OnPrevious">
	            <effect type="slide" start="-56,0" end="0,0" time="200" tween="circle" easing="out" />
	            <effect type="fade" start="20" end="100" time="400" delay="100" tween="sine" easing="out" />
	          </animation>
						<control type="image">
							<width>675</width>
							<height>380</height>
							<aspectratio align="center" aligny="center">stretch</aspectratio>
						  <texture background="true">empty_icon.png</texture>
							<bordertexture border="20">dialogs/other/iconborder_black.png</bordertexture>
							<bordersize>6</bordersize>
						</control>
						<control type="image">
							<width>675</width>
							<height>380</height>
							<aspectratio align="center" aligny="top">scale</aspectratio>
						  <texture background="true" fallback="thumbs/fallback_fanart_big.png">$INFO[ListItem.FileNameAndPath]</texture>
              <visible>Container.HasFiles + !IsEmpty(ListItem.FileName)</visible>
							<bordersize>6</bordersize>
						</control>
						<control type="image">
							<width>675</width>
							<height>380</height>
							<aspectratio align="center" aligny="center">keep</aspectratio>
						  <texture background="true">$INFO[ListItem.Icon]</texture>
              <visible>!Container.HasFiles | IsEmpty(ListItem.FileName)</visible>
							<bordersize>6</bordersize>
						</control>
					</control>
					<control type="group">
						  <left>46</left>
						  <top>105</top>
							<control type="image">
								<left>6</left>
								<top>79</top>
								<width>663</width>
								<height>190</height>
							  <aspectratio>stretch</aspectratio>
								<texture>views/gallery/title_overlay.png</texture>
                <visible>Container.HasFiles + !IsEmpty(ListItem.FileName)</visible>
							</control>
							<control type="label">
								<left>20</left>
								<top>195</top>
								<height>30</height>
								<width>640</width>
								<textcolor>white</textcolor>
				        <shadowcolor>99000000</shadowcolor>
								<font>FontSize_38</font>
					      <scroll>false</scroll>
								<align>left</align>
								<label>$INFO[ListItem.label]</label>
                <animation effect="slide" end="0,30" time="0" condition="![Container.HasFiles + !IsEmpty(ListItem.FileName)]">Conditional</animation>
							</control>
							<control type="label">
								<left>20</left>
								<top>230</top>
								<height>30</height>
								<width>640</width>
								<textcolor>77white</textcolor>
				        <shadowcolor>99000000</shadowcolor>
								<font>FontSize_22</font>
					      <scroll>false</scroll>
								<align>left</align>
								<label fallback="195">$VAR[GlobalInfo]</label>
                <visible>Container.HasFiles + !IsEmpty(ListItem.FileName)</visible>
							</control>
					</control>
				</focusedlayout>
			</control>
			<control type="image">
				<left>0</left>
				<top>153</top>
				<width>1280</width>
				<height>418</height>
				<texture>views/gallery/sides_fade.png</texture>
			</control>
			<control type="scrollbar" id="60">
				<left>305</left>
				<top>556</top>
				<width>670</width>
				<height>9</height>
				<texturesliderbackground>-</texturesliderbackground>
				<texturesliderbar border="14,0,14,0">views/scrollbar/scrollbar_horizontal.png</texturesliderbar>
				<texturesliderbarfocus border="14,0,14,0">views/scrollbar/scrollbar_horizontal.png</texturesliderbarfocus>
				<textureslidernib>-</textureslidernib>
				<textureslidernibfocus>-</textureslidernibfocus>
				<onup>52</onup>
				<ondown>52</ondown>
				<showonepage>false</showonepage>
				<orientation>horizontal</orientation>
			  <animation effect="fade" start="100" end="0" time="200" condition="!Control.HasFocus(60)">Conditional</animation>
				<visible>Control.IsVisible(52)</visible>
			</control>
	  </control>
	</include>


</includes>
