<?xml version="1.0" encoding="UTF-8"?>
<window>
    <defaultcontrol always="true">11</defaultcontrol>
    <controls>
        <control type="image">
            <top>310</top>
            <height>760</height>
            <width>1920</width>
            <texture>images/Black.png</texture>
            <colordiffuse>77FFFFFF</colordiffuse>
        </control>
        <control type="group">
            <description>TV Guide Channel</description>
            <include>VisibleFade</include>
            <control type="label">
                <posx>80</posx>
                <top>310</top>
                <height>40</height>
                <width>500</width>
                <textcolor>White</textcolor>
				<shadowcolor>black</shadowcolor>
                <label>[B]$INFO[VideoPlayer.ChannelGroup][/B]</label>
            </control>
            <control type="group">
                <posx>80</posx>
                <top>340</top>
                <control type="label">
                    <description>Date font12 label</description>
                    <posx>200</posx>
                    <top>20</top>
                    <width>140</width>
                    <height>20</height>
                    <font>size30</font>
                    <textcolor>$VAR[diffusetext]</textcolor>
                    <align>right</align>
                    <aligny>center</aligny>
                    <label>21820</label>
                </control>
                <control type="label">
                    <description>Channel</description>
                    <posx>220</posx>
                    <top>20</top>
                    <width>600</width>
                    <height>20</height>
                    <font>size30B</font>
                    <textcolor>$VAR[diffusetext]</textcolor>
                    <align>left</align>
                    <aligny>center</aligny>
                    <label>19029</label>
                </control>
                <control type="label">
                    <description>Title</description>
                    <posx>840</posx>
                    <top>20</top>
                    <width>600</width>
                    <height>20</height>
                    <font>size30B</font>
                    <textcolor>$VAR[diffusetext]</textcolor>
                    <align>left</align>
                    <aligny>center</aligny>
                    <label>369</label>
                </control>
                <control type="label">
                    <description>Status header label</description>
                    <posx>1580</posx>
                    <top>20</top>
                    <width>250</width>
                    <height>20</height>
                    <font>size30B</font>
                    <textcolor>$VAR[diffusetext]</textcolor>
                    <align>right</align>
                    <aligny>center</aligny>
                    <label>126</label>
                </control>
                <control type="image">
                    <description>separator image</description>
                    <posx>60</posx>
                    <top>57</top>
                    <width>1760</width>
                    <height>2</height>
                    <texture>images/line.png</texture>
                </control>
                <control type="list" id="11">
                    <posx>0</posx>
                    <top>60</top>
                    <width>1760</width>
                    <height>480</height>
                    <onup>11</onup>
                    <ondown>11</ondown>
                    <onleft>noop</onleft>
                    <onright>60</onright>
                    <pagecontrol>60</pagecontrol>
                    <scrollfont12>200</scrollfont12>
                    <itemlayout height="40">
                        <control type="image">
                            <width>1760</width>
                            <height>40</height>
                            <texture border="5" colordiffuse="DD545353">pstvButtonNoFocus.png</texture>
                            <!--colordiffuse>90FFFFFF</colordiffuse-->
                        </control>
                        <control type="label">
                            <posx>200</posx>
                            <width>400</width>
                            <height>40</height>
                            <font>size30</font>
                            <align>right</align>
                            <aligny>center</aligny>
                            <textcolor>$VAR[diffusetext]</textcolor>
                            <selectedcolor>$VAR[EPGtextcolor]</selectedcolor>
                            <info>ListItem.Startfont12</info>
                        </control>
                        <control type="label">
                            <posx>220</posx>
                            <top>0</top>
                            <width>600</width>
                            <height>40</height>
                            <font>size30</font>
                            <align>left</align>
                            <aligny>center</aligny>
                            <textcolor>$VAR[diffusetext]</textcolor>
                            <selectedcolor>$VAR[EPGtextcolor]</selectedcolor>
                            <info>ListItem.Label</info>
                        </control>
                        <control type="label">
                            <posx>840</posx>
                            <top>0</top>
                            <width>640</width>
                            <height>40</height>
                            <font>size30</font>
                            <align>left</align>
                            <aligny>center</aligny>
                            <textcolor>$VAR[diffusetext]</textcolor>
                            <selectedcolor>$VAR[EPGtextcolor]</selectedcolor>
                            <info>ListItem.Title</info>
                        </control>
                        <control type="image">
                            <posx>1710</posx>
                            <top>6</top>
                            <width>30</width>
                            <height>30</height>
                            <texture>pvr/rec.png</texture>
                            <aspectratio>keep</aspectratio>
                            <visible>ListItem.IsRecording</visible>
                        </control>
                        <control type="label">
                            <posx>1540</posx>
                            <width>250</width>
                            <height>40</height>
                            <font>size30</font>
                            <align>center</align>
                            <aligny>center</aligny>
                            <textcolor>$VAR[diffusetext]</textcolor>
                            <selectedcolor>$VAR[EPGtextcolor]</selectedcolor>
                            <label>19043</label>
                            <visible>ListItem.IsRecording</visible>
                        </control>
                        <control type="image">
                            <posx>1710</posx>
                            <top>6</top>
                            <width>30</width>
                            <height>30</height>
                            <texture>pvr/font12r.png</texture>
                            <aspectratio>keep</aspectratio>
                            <visible>ListItem.Hasfont12r + !ListItem.IsRecording</visible>
                        </control>
                        <control type="label">
                            <posx>1540</posx>
                            <width>250</width>
                            <height>40</height>
                            <font>size30</font>
                            <align>center</align>
                            <aligny>center</aligny>
                            <textcolor>$VAR[diffusetext]</textcolor>
                            <selectedcolor>$VAR[EPGtextcolor]</selectedcolor>
                            <label>19040</label>
                            <visible>ListItem.Hasfont12r + !ListItem.IsRecording</visible>
                        </control>
                    </itemlayout>
                    <focusedlayout height="120">
                        <control type="image">
                            <width>1760</width>
                            <height>120</height>
                            <texture border="5" colordiffuse="DD545353">pstvButtonNoFocus.png</texture>
                        </control>					
                        <control type="image">
                            <width>1760</width>
                            <height>120</height>
                            <texture border="5" colordiffuse="$VAR[diffuseselect]">images/buttonselect2.png</texture>
                        </control>																
                        <control type="label">
                            <posx>200</posx>
                            <width>400</width>
                            <height>40</height>
                            <font>size30</font>
                            <align>right</align>
                            <aligny>center</aligny>
                            <textcolor>$VAR[diffusetext]</textcolor>
                            <selectedcolor>$VAR[EPGtextcolor]</selectedcolor>
                            <info>ListItem.Startfont12</info>
                        </control>
                        <control type="label">
                            <posx>220</posx>
                            <top>0</top>
                            <width>600</width>
                            <height>40</height>
                            <font>size30</font>
                            <align>left</align>
                            <aligny>center</aligny>
                            <textcolor>$VAR[diffusetext]</textcolor>
                            <selectedcolor>$VAR[EPGtextcolor]</selectedcolor>
                            <info>ListItem.Label</info>
                        </control>
                        <control type="label">
                            <posx>840</posx>
                            <top>0</top>
                            <width>640</width>
                            <height>40</height>
                            <font>size30</font>
                            <align>left</align>
                            <aligny>center</aligny>
                            <textcolor>$VAR[diffusetext]</textcolor>
                            <selectedcolor>$VAR[EPGtextcolor]</selectedcolor>
                            <info>ListItem.Title</info>
                        </control>
                        <control type="textbox">
                            <description>Plot Value for TVShow</description>
                            <posx>60</posx>
                            <top>40</top>
                            <width>1600</width>
                            <height>70</height>
                            <font>font12</font>
                            <align>justify</align>                         
                            <label>[COLOR=$VAR[diffusetext]]$INFO[ListItem.Plot][/COLOR]</label>
                        </control>
                        <control type="image">
                            <posx>1710</posx>
                            <top>6</top>
                            <width>30</width>
                            <height>30</height>
                            <texture>pvr/rec.png</texture>
                            <aspectratio>keep</aspectratio>
                            <visible>ListItem.IsRecording</visible>
                        </control>
                        <control type="label">
                            <posx>1540</posx>
                            <width>250</width>
                            <height>40</height>
                            <font>size30</font>
                            <align>center</align>
                            <aligny>center</aligny>
                            <textcolor>$VAR[diffusetext]</textcolor>
                            <selectedcolor>$VAR[EPGtextcolor]</selectedcolor>
                            <label>19043</label>
                            <visible>ListItem.IsRecording</visible>
                        </control>
                        <control type="image">
                            <posx>1710</posx>
                            <top>6</top>
                            <width>30</width>
                            <height>30</height>
                            <texture>pvr/font12r.png</texture>
                            <aspectratio>keep</aspectratio>
                            <visible>ListItem.Hasfont12r + !ListItem.IsRecording</visible>
                        </control>
                        <control type="label">
                            <posx>1540</posx>
                            <width>250</width>
                            <height>40</height>
                            <font>size30</font>
                            <align>center</align>
                            <aligny>center</aligny>
                            <textcolor>$VAR[diffusetext]</textcolor>
                            <selectedcolor>$VAR[EPGtextcolor]</selectedcolor>
                            <label>31510</label>
                            <visible>ListItem.Hasfont12r + !ListItem.IsRecording</visible>
                        </control>
                    </focusedlayout>
                </control>
                <control type="scrollbar" id="60">
                    <posx>1780</posx>
                    <top>60</top>
                    <height>480</height>
                    <onleft>11</onleft>
                    <onright>noop</onright>
                    <showonepage>false</showonepage>
                    <orientation>vertical</orientation>
                </control>
            </control>
        </control>
    </controls>
</window>
