<?xml version="1.0" encoding="UTF-8"?>
<window id="6">
    <defaultcontrol always="true">51</defaultcontrol>
    <allowoverlay>no</allowoverlay>
    <backgroundcolor>background</backgroundcolor>
    <controls>
        <include>BlackBackground</include>
        <control type="group">
            <control type="group" description="Infolist">
                <visible>Control.IsVisible(51)</visible>
                <control type="group" description="Thumbs no info">
                    <top>240</top>
                    <animation effect="fade" time="400">Visible</animation>
                    <animation effect="fade" time="0">Hidden</animation>
                    <control type="image" description="Thumb Reflection">
                        <posx>180</posx>
                        <top>720</top>
                        <width>621</width>
                        <height>720</height>
                        <include>Icon_Fade</include>
                        <texture background="true" diffuse="images/Reflection0Long.png" flipy="true">$INFO[ListItem.Thumb]</texture>
                        <aspectratio aligny="top">keep</aspectratio>
                    </control>
                    <control type="image" description="Thumb">
                        <posx>180</posx>
                        <top>0</top>
                        <width>621</width>
                        <height>720</height>
                        <include>Icon_Fade</include>
                        <texture background="true">$INFO[ListItem.Icon]</texture>
                        <aspectratio aligny="bottom">keep</aspectratio>
                    </control>
                </control>
                <control type="group" description="Slider and List">
                    <include>LargeListItemCount</include>
                    <posx>1020</posx>
                    <top>131</top>
                    <control type="fixedlist" id="51">
                        <posx>0</posx>
                        <top>0</top>
                        <width>802</width>
                        <height>888</height>
                        <onleft>9000</onleft>
                        <onright condition="Skin.HasSetting(Scrollbars_Active)">60</onright>
                        <onright condition="!Skin.HasSetting(Scrollbars_Active)">9000</onright>
                        <onup>51</onup>
                        <ondown>51</ondown>
                        <pagecontrol>60</pagecontrol>
                        <viewtype label="535">51</viewtype>
                        <focusposition>3</focusposition>
                        <movement>4</movement>
                        <preloaditems>4</preloaditems>
                        <scrolltime tween="sine" easing="inout">280</scrolltime>
                        <itemlayout width="802" height="111">
                            <control type="image" description="KEEP">
                                <posx>0</posx>
                                <top>0</top>
                                <height>111</height>
                                <width>166</width>
                                <bordersize>8</bordersize>
                                <texture>$INFO[ListItem.Icon]</texture>
                                <aspectratio>keep</aspectratio>
                            </control>
                            <control type="label" description="Main Label">
                                <visible>!IsEmpty(ListItem.Artist) | !IsEmpty(ListItem.Label2)</visible>
                                <posx>195</posx>
                                <width>570</width>
                                <include>50Title</include>
                                <label>$INFO[ListItem.Label]</label>
                            </control>
                            <control type="label" description="Main Label">
                                <visible>IsEmpty(ListItem.Artist) + IsEmpty(ListItem.Label2)</visible>
                                <top>27</top>
                                <posx>195</posx>
                                <width>570</width>
                                <include>50Title</include>
                                <label>$INFO[ListItem.Label]</label>
                            </control>
                            <control type="label" description="Label2">
                                <posx>195</posx>
                                <include>50details</include>
                                <label>$INFO[ListItem.Artist]</label>
                            </control>
                            <control type="label" description="Label2">
                                <visible>IsEmpty(ListItem.Artist)</visible>
                                <posx>195</posx>
                                <include>50details</include>
                                <label>$INFO[ListItem.Label2]</label>
                            </control>
                        </itemlayout>
                        <focusedlayout width="802" height="111">
                            <control type="image" description="KEEP">
                                <posx>0</posx>
                                <top>0</top>
                                <height>111</height>
                                <width>166</width>
                                <bordersize>8</bordersize>
                                <texture>$INFO[ListItem.Icon]</texture>
                                <aspectratio>keep</aspectratio>
                            </control>
                            <control type="label" description="Main Label">
                                <visible>!IsEmpty(ListItem.Artist) | !IsEmpty(ListItem.Label2)</visible>
                                <posx>195</posx>
                                <width>570</width>
                                <include>50TitleFO</include>
                                <label>$INFO[ListItem.Label]</label>
                            </control>
                            <control type="label" description="Main Label">
                                <visible>IsEmpty(ListItem.Artist) + IsEmpty(ListItem.Label2)</visible>
                                <top>27</top>
                                <posx>195</posx>
                                <width>570</width>
                                <include>50TitleFO</include>
                                <label>$INFO[ListItem.Label]</label>
                            </control>
                            <control type="label" description="Label2">
                                <posx>195</posx>
                                <include>50detailsFO</include>
                                <label>$INFO[ListItem.Artist]</label>
                            </control>
                            <control type="label" description="Label2">
                                <visible>IsEmpty(ListItem.Artist)</visible>
                                <posx>195</posx>
                                <include>50detailsFO</include>
                                <label>$INFO[ListItem.Label2]</label>
                            </control>
                        </focusedlayout>
                    </control>
                    <include>LargeListSlider</include>
                </control>
                <control type="scrollbar" id="60">
                    <posx>51r</posx>
                    <top>135</top>
                    <height>870</height>
                    <onleft>51</onleft>
                    <onright>noop</onright>
                </control>
            </control>
            <control type="group" description="Side menu 9000 group">
                <visible allowhiddenfocus="true">ControlGroup(9000).HasFocus()</visible>
                <include>DialogOpenCloseVisible</include>
                <control type="image" description="List back">
                    <posx>459</posx>
                    <top>168</top>
                    <width>1002</width>
                    <height>762</height>
                    <aspectratio>stretch</aspectratio>
                    <texture border="150" colordiffuse="$VAR[bgcolor1]">images/Dialog.png</texture>
                </control>
                <control type="grouplist" id="9000">
                    <include>DialogGLs</include>
                    <control type="radiobutton" id="20" description="Shuffle">
                        <include>DialogButt</include>
                        <radioposx>530</radioposx>
                        <label>191</label>
                    </control>
                    <control type="button" id="21" description="Save">
                        <include>DialogButt</include>
                        <label>190</label>
                    </control>
                    <control type="button" id="22" description="Clear">
                        <include>DialogButt</include>
                        <label>192</label>
                    </control>
                    <control type="button" id="23" description="Play">
                        <include>DialogButt</include>
                        <label>208</label>
                    </control>
                    <control type="button" id="26" description="Repeat">
                        <include>DialogButt</include>
                        <label>-</label>
                    </control>
                </control>
            </control>
        </control>
        <include>WindowsTopInfos</include>
    </controls>
</window>
