<?xml version="1.0" encoding="UTF-8"?>
<window id="7">
    <defaultcontrol always="true">9001</defaultcontrol>
    <allowoverlay>no</allowoverlay>
    <backgroundcolor>background</backgroundcolor>
    <include>OpenClose</include>
    <controls>
        <include>BlackBackground</include>
        <control type="image" description="Line Split">
            <posx>0</posx>
            <top>150</top>
            <width>1920</width>
            <height>1</height>
            <aspectratio>stretch</aspectratio>
            <texture colordiffuse="$VAR[diffuselines]">lines/Line.png</texture>
        </control>
        <control type="image" description="Line Split">
            <posx>0</posx>
            <top>76</top>
            <width>1920</width>
            <height>1</height>
            <aspectratio>stretch</aspectratio>
            <texture colordiffuse="$VAR[diffuselines]">lines/Line.png</texture>
        </control>
        <control type="label" description="Heading">
            <include>Heading</include>
            <label>130</label>
        </control>
        <control type="group">
            <control type="grouplist" id="9001" description="TopHat">
                <top>78</top>
                <width>auto</width>
                <align>center</align>
                <height>80</height>
                <itemgap>9</itemgap>
                <onleft>noop</onleft>
                <onright>noop</onright>
                <onup>9001</onup>
                <ondown>9001</ondown>
                <orientation>horizontal</orientation>
                <control type="button" id="95" description="Summary">
                    <width>300</width>
                    <label>20037</label>
                </control>
                <control type="button" id="94" description="Storage">
                    <width>300</width>
                    <label>13277</label>
                </control>
                <control type="button" id="96" description="Network">
                    <width>300</width>
                    <label>13279</label>
                </control>
                <control type="button" id="97" description="Video">
                    <width>300</width>
                    <label>13280</label>
                </control>
                <control type="button" id="98" description="Hardware">
                    <width>300</width>
                    <label>13281</label>
                </control>
            </control>
            <control type="grouplist" description="Stage">
                <centerleft>960</centerleft>
                <top>170</top>
                <width>1420</width>
                <height>860</height>
                <itemgap>10</itemgap>
                <control type="label" id="21">
                    <description>CPU Text</description>
                    <width>1420</width>
                    <font>size28</font>
                    <label>$LOCALIZE[13271] $INFO[System.CPUUsage]</label>
                </control>
                <control type="progress" id="22" description="CPU BAR">
                    <width>1420</width>
                    <height>15</height>
                    <texturebg border="6,0,6,0">progress/ProgressBG.png</texturebg>
                    <midtexture border="0,1,0,1">progress/ProgressM.png</midtexture>
                    <righttexture border="1,1,6,1">progress/ProgressR.png</righttexture>
                    <lefttexture border="6,1,1,1">progress/ProgressL.png</lefttexture>
                    <overlaytexture>-</overlaytexture>
                    <info>System.CPUUsage</info>
                </control>
                <control type="label" id="23">
                    <description>Memory Text</description>
                    <width>1420</width>
                    <font>size28</font>
                    <label>$LOCALIZE[31021] $INFO[system.memory(used.percent)]</label>
                </control>
                <control type="progress" id="24">
                    <description>Memory BAR</description>
                    <height>15</height>
                    <width>1420</width>
                   <texturebg border="6,0,6,0">progress/ProgressBG.png</texturebg>
                    <midtexture border="0,1,0,1">progress/ProgressM.png</midtexture>
                    <righttexture border="1,1,6,1">progress/ProgressR.png</righttexture>
                    <lefttexture border="6,1,1,1">progress/ProgressL.png</lefttexture>
                    <overlaytexture>-</overlaytexture>
                    <info>system.memory(used)</info>
                </control>
                <control type="label" id="2">
                    <description>Label 2</description>
                    <height>45</height>
                    <width>1420</width>
                    <font>size28</font>
                </control>
                <control type="label" id="3">
                    <description>Label 3</description>
                    <height>45</height>
                    <width>1420</width>
                    <font>size28</font>
                </control>
                <control type="label" id="4">
                    <description>Label 4</description>
                    <height>45</height>
                    <font>size28</font>
                    <width>1420</width>
                </control>
                <control type="label" id="5">
                    <description>Label 5</description>
                    <height>45</height>
                    <width>1420</width>
                    <font>size28</font>
                </control>
                <control type="label" id="6">
                    <description>Label 6</description>
                    <height>45</height>
                    <width>1420</width>
                    <font>size27</font>
                </control>
                <control type="label" id="7">
                    <description>Label 7</description>
                    <height>45</height>
                    <width>1420</width>
                    <font>size28</font>
                </control>
                <control type="label" id="8">
                    <description>Label 8</description>
                    <height>45</height>
                    <width>1420</width>
                    <font>size28</font>
                </control>
                <control type="label" id="9">
                    <description>Label 9</description>
                    <height>45</height>
                    <width>1420</width>
                    <font>size28</font>
                </control>
                <control type="label" id="10">
                    <description>Label 10</description>
                    <height>45</height>
                    <width>1420</width>
                    <font>size28</font>
                </control>
                <control type="label" id="11">
                    <description>Label 11</description>
                    <height>45</height>
                    <width>1420</width>
                    <font>size28</font>
                </control>
                <control type="label" id="52" description="XBMC BUILD">
                    <width>1420</width>
                    <align>center</align>
                    <font>size28</font>
                </control>
            </control>
        </control>
        <control type="grouplist">
            <top>18</top>
            <right>40</right>
            <orientation>horizontal</orientation>
            <itemgap>16</itemgap>
            <align>right</align>
            <control type="image" description="WebLink">
                <visible>System.InternetState + !Skin.HasSetting(hideconnection)</visible>
                <width>30</width>
                <height>48</height>
                <texture>wireless.png</texture>
                <aspectratio>scale</aspectratio>
            </control>
            <control type="label" description="Battery">
                <visible>IntegerGreaterThan(System.BatteryLevel,0) + !IntegerGreaterThan(System.BatteryLevel,20) + !Skin.HasSetting(hideconnection)</visible>
                <posx>35r</posx>
                <posy>20</posy>
                <width min="30" max="500">auto</width>
                <height>45</height>
                <font>size33</font>
                <textcolor>$VAR[diffusetext]</textcolor>
                <label>$INFO[System.BatteryLevel] Batt.</label>
            </control>
            <control type="label" description="Clock">
                <visible>!Skin.HasSetting(HideClock)</visible>
                <width min="30" max="500">auto</width>
                <height>45</height>
                <font>size28</font>
                <label>$INFO[System.Time]</label>
            </control>
        </control>
    </controls>
</window>
