<?xml version="1.0" encoding="UTF-8"?>
<window type="dialog" id="1704">
  <defaultcontrol>9000</defaultcontrol>
  <include>DialogOpenClose</include>
  <controls>

	<control type="image" description="List back border">
	  <centerleft>960</centerleft>
	  <centertop>540</centertop>
	  <width>738</width>
	  <height>888</height>
	  <aspectratio>stretch</aspectratio>
	  <texture>$VAR[BorderColor]</texture>	  
	</control>	
	<control type="image" description="List back">
		<centerleft>960</centerleft>
		<centertop>540</centertop>
		<width>802</width>
		<height>966</height>
		<aspectratio>stretch</aspectratio>
		<include condition="IsEmpty(Skin.String(CustomBgDialog)) + IsEmpty(Skin.String(CustomBgHome)) + ![Skin.HasTheme(Dark)|Skin.HasTheme(White)]">DialogTexture</include>
		<include condition="!IsEmpty(Skin.String(CustomBgDialog)) | !IsEmpty(Skin.String(CustomBgHome)) | Skin.HasTheme(Dark) | Skin.HasTheme(White)">DialogTextureBG</include>	
		
	</control>	
	<control type="image" description="List back diffuse">
		<centerleft>960</centerleft>
		<centertop>540</centertop>
		<width>802</width>
		<height>966</height>
		<aspectratio>stretch</aspectratio>
		<texture border="50" colordiffuse="$VAR[diffusedialog]" diffuse="images/DialogDiffuse.png">images/whitebg.png</texture>
	</control> 
  
<!--  
    <control type="image" description="List back">
      <centerleft>960</centerleft>
      <centertop>540</centertop>
      <width>802</width>
      <height>640</height>
      <aspectratio>stretch</aspectratio>
      <texture border="50">$VAR[ContextMenu]</texture>
      <!--colordiffuse>dialog</colordiffuse>
    </control>
-->
    <control type="grouplist" id="9000">
      <centertop>528</centertop>
      <height>780</height>
      <align>center</align>
      <include>DialogGLs</include> 
	  <control type="label" id="99" description="Dialog heading">
		<width>525</width>
		<height>112</height>
		<label>$LOCALIZE[31084]</label>
		<align>center</align>
		<aligny>center</aligny>
		<font>size30</font>
		<textcolor>darktextunfo</textcolor>
	  </control>	  
		<control type="radiobutton" id="1">
			<label>Gray</label>
			<onclick>Skin.ToggleSetting(graybanner)</onclick>		
			<onclick condition="Skin.HasSetting(redbanner)">Skin.ToggleSetting(redbanner)</onclick>	
			<onclick condition="Skin.HasSetting(orangebanner)">Skin.ToggleSetting(orangebanner)</onclick>
			<onclick condition="Skin.HasSetting(yellowbanner)">Skin.ToggleSetting(yellowbanner)</onclick>
			<onclick condition="Skin.HasSetting(greenbanner)">Skin.ToggleSetting(greenbanner)</onclick>
			<onclick condition="Skin.HasSetting(bluebanner)">Skin.ToggleSetting(bluebanner)</onclick>
			<onclick condition="Skin.HasSetting(indigobanner)">Skin.ToggleSetting(indigobanner)</onclick>
			<onclick condition="Skin.HasSetting(violetbanner)">Skin.ToggleSetting(violetbanner)</onclick>
<!--
			<onclick condition="Skin.HasSetting(graybanner)">Skin.ToggleSetting(graybanner)</onclick>
			<onclick condition="Skin.HasSetting(banner)">Skin.ToggleSetting(banner)</onclick>
			<onclick condition="Skin.HasSetting(banner)">Skin.ToggleSetting(banner)</onclick>
-->					
							
			<selected>Skin.HasSetting(graybanner)</selected>				
		</control>	

		

		<control type="radiobutton" id="2">
			<label>Red</label>
			<onclick>Skin.ToggleSetting(redbanner)</onclick>
			<onclick condition="Skin.HasSetting(graybanner)">Skin.ToggleSetting(graybanner)</onclick>						
			<onclick condition="Skin.HasSetting(orangebanner)">Skin.ToggleSetting(orangebanner)</onclick>
			<onclick condition="Skin.HasSetting(yellowbanner)">Skin.ToggleSetting(yellowbanner)</onclick>
			<onclick condition="Skin.HasSetting(greenbanner)">Skin.ToggleSetting(greenbanner)</onclick>
			<onclick condition="Skin.HasSetting(bluebanner)">Skin.ToggleSetting(bluebanner)</onclick>
			<onclick condition="Skin.HasSetting(indigobanner)">Skin.ToggleSetting(indigobanner)</onclick>
			<onclick condition="Skin.HasSetting(violetbanner)">Skin.ToggleSetting(violetbanner)</onclick>
<!--
			<onclick condition="Skin.HasSetting(redbanner)">Skin.ToggleSetting(redbanner)</onclick>	
			<onclick condition="Skin.HasSetting(banner)">Skin.ToggleSetting(banner)</onclick>
			<onclick condition="Skin.HasSetting(banner)">Skin.ToggleSetting(banner)</onclick>
-->					
							
			<selected>Skin.HasSetting(redbanner)</selected>				
		</control>

		<control type="radiobutton" id="3">
			<label>Orange</label>
			<onclick>Skin.ToggleSetting(orangebanner)</onclick>
			<onclick condition="Skin.HasSetting(graybanner)">Skin.ToggleSetting(graybanner)</onclick>						
			<onclick condition="Skin.HasSetting(redbanner)">Skin.ToggleSetting(redbanner)</onclick>	
			<onclick condition="Skin.HasSetting(yellowbanner)">Skin.ToggleSetting(yellowbanner)</onclick>
			<onclick condition="Skin.HasSetting(greenbanner)">Skin.ToggleSetting(greenbanner)</onclick>
			<onclick condition="Skin.HasSetting(bluebanner)">Skin.ToggleSetting(bluebanner)</onclick>
			<onclick condition="Skin.HasSetting(indigobanner)">Skin.ToggleSetting(indigobanner)</onclick>
			<onclick condition="Skin.HasSetting(violetbanner)">Skin.ToggleSetting(violetbanner)</onclick>
<!--
			<onclick condition="Skin.HasSetting(orangebanner)">Skin.ToggleSetting(orangebanner)</onclick>
			<onclick condition="Skin.HasSetting(banner)">Skin.ToggleSetting(banner)</onclick>
			<onclick condition="Skin.HasSetting(banner)">Skin.ToggleSetting(banner)</onclick>
-->					
							
			<selected>Skin.HasSetting(orangebanner)</selected>				
		</control>

		<control type="radiobutton" id="4">
			<label>Yellow</label>
			<onclick>Skin.ToggleSetting(yellowbanner)</onclick>
			<onclick condition="Skin.HasSetting(graybanner)">Skin.ToggleSetting(graybanner)</onclick>						
			<onclick condition="Skin.HasSetting(redbanner)">Skin.ToggleSetting(redbanner)</onclick>	
			<onclick condition="Skin.HasSetting(orangebanner)">Skin.ToggleSetting(orangebanner)</onclick>
			<onclick condition="Skin.HasSetting(greenbanner)">Skin.ToggleSetting(greenbanner)</onclick>
			<onclick condition="Skin.HasSetting(bluebanner)">Skin.ToggleSetting(bluebanner)</onclick>
			<onclick condition="Skin.HasSetting(indigobanner)">Skin.ToggleSetting(indigobanner)</onclick>
			<onclick condition="Skin.HasSetting(violetbanner)">Skin.ToggleSetting(violetbanner)</onclick>
<!--
			<onclick condition="Skin.HasSetting(yellowbanner)">Skin.ToggleSetting(yellowbanner)</onclick>
			<onclick condition="Skin.HasSetting(banner)">Skin.ToggleSetting(banner)</onclick>
			<onclick condition="Skin.HasSetting(banner)">Skin.ToggleSetting(banner)</onclick>
-->					
							
			<selected>Skin.HasSetting(yellowbanner)</selected>				
		</control>

		<control type="radiobutton" id="5">
			<label>Green</label>
			<onclick>Skin.ToggleSetting(greenbanner)</onclick>
			<onclick condition="Skin.HasSetting(graybanner)">Skin.ToggleSetting(graybanner)</onclick>						
			<onclick condition="Skin.HasSetting(redbanner)">Skin.ToggleSetting(redbanner)</onclick>	
			<onclick condition="Skin.HasSetting(orangebanner)">Skin.ToggleSetting(orangebanner)</onclick>
			<onclick condition="Skin.HasSetting(yellowbanner)">Skin.ToggleSetting(yellowbanner)</onclick>
			<onclick condition="Skin.HasSetting(bluebanner)">Skin.ToggleSetting(bluebanner)</onclick>
			<onclick condition="Skin.HasSetting(indigobanner)">Skin.ToggleSetting(indigobanner)</onclick>
			<onclick condition="Skin.HasSetting(violetbanner)">Skin.ToggleSetting(violetbanner)</onclick>
<!--
			<onclick condition="Skin.HasSetting(greenbanner)">Skin.ToggleSetting(greenbanner)</onclick>
			<onclick condition="Skin.HasSetting(banner)">Skin.ToggleSetting(banner)</onclick>
			<onclick condition="Skin.HasSetting(banner)">Skin.ToggleSetting(banner)</onclick>
-->					
							
			<selected>Skin.HasSetting(greenbanner)</selected>				
		</control>

		<control type="radiobutton" id="6">
			<label>Blue</label>
			<onclick>Skin.ToggleSetting(bluebanner)</onclick>
			<onclick condition="Skin.HasSetting(graybanner)">Skin.ToggleSetting(graybanner)</onclick>						
			<onclick condition="Skin.HasSetting(redbanner)">Skin.ToggleSetting(redbanner)</onclick>	
			<onclick condition="Skin.HasSetting(orangebanner)">Skin.ToggleSetting(orangebanner)</onclick>
			<onclick condition="Skin.HasSetting(yellowbanner)">Skin.ToggleSetting(yellowbanner)</onclick>
			<onclick condition="Skin.HasSetting(greenbanner)">Skin.ToggleSetting(greenbanner)</onclick>
			<onclick condition="Skin.HasSetting(indigobanner)">Skin.ToggleSetting(indigobanner)</onclick>
			<onclick condition="Skin.HasSetting(violetbanner)">Skin.ToggleSetting(violetbanner)</onclick>
<!--
			<onclick condition="Skin.HasSetting(bluebanner)">Skin.ToggleSetting(bluebanner)</onclick>
			<onclick condition="Skin.HasSetting(banner)">Skin.ToggleSetting(banner)</onclick>
			<onclick condition="Skin.HasSetting(banner)">Skin.ToggleSetting(banner)</onclick>
-->					
							
			<selected>Skin.HasSetting(bluebanner)</selected>				
		</control>

		<control type="radiobutton" id="7">
			<label>Indigo</label>
			<onclick>Skin.ToggleSetting(indigobanner)</onclick>
			<onclick condition="Skin.HasSetting(graybanner)">Skin.ToggleSetting(graybanner)</onclick>						
			<onclick condition="Skin.HasSetting(redbanner)">Skin.ToggleSetting(redbanner)</onclick>	
			<onclick condition="Skin.HasSetting(orangebanner)">Skin.ToggleSetting(orangebanner)</onclick>
			<onclick condition="Skin.HasSetting(yellowbanner)">Skin.ToggleSetting(yellowbanner)</onclick>
			<onclick condition="Skin.HasSetting(greenbanner)">Skin.ToggleSetting(greenbanner)</onclick>
			<onclick condition="Skin.HasSetting(bluebanner)">Skin.ToggleSetting(bluebanner)</onclick>
			<onclick condition="Skin.HasSetting(violetbanner)">Skin.ToggleSetting(violetbanner)</onclick>
<!--
			<onclick condition="Skin.HasSetting(indigobanner)">Skin.ToggleSetting(indigobanner)</onclick>
			<onclick condition="Skin.HasSetting(banner)">Skin.ToggleSetting(banner)</onclick>
			<onclick condition="Skin.HasSetting(banner)">Skin.ToggleSetting(banner)</onclick>
-->					
							
			<selected>Skin.HasSetting(indigobanner)</selected>				
		</control>

		<control type="radiobutton" id="8">
			<label>Violet</label>
			<onclick>Skin.ToggleSetting(violetbanner)</onclick>
			<onclick condition="Skin.HasSetting(graybanner)">Skin.ToggleSetting(graybanner)</onclick>						
			<onclick condition="Skin.HasSetting(redbanner)">Skin.ToggleSetting(redbanner)</onclick>	
			<onclick condition="Skin.HasSetting(orangebanner)">Skin.ToggleSetting(orangebanner)</onclick>
			<onclick condition="Skin.HasSetting(yellowbanner)">Skin.ToggleSetting(yellowbanner)</onclick>
			<onclick condition="Skin.HasSetting(greenbanner)">Skin.ToggleSetting(greenbanner)</onclick>
			<onclick condition="Skin.HasSetting(bluebanner)">Skin.ToggleSetting(bluebanner)</onclick>
			<onclick condition="Skin.HasSetting(indigobanner)">Skin.ToggleSetting(indigobanner)</onclick>
<!--
			<onclick condition="Skin.HasSetting(violetbanner)">Skin.ToggleSetting(violetbanner)</onclick>
			<onclick condition="Skin.HasSetting(banner)">Skin.ToggleSetting(banner)</onclick>
			<onclick condition="Skin.HasSetting(banner)">Skin.ToggleSetting(banner)</onclick>
-->					
							
			<selected>Skin.HasSetting(violetbanner)</selected>				
		</control>	  	  
    </control>
  </controls>
</window>
