<?xml version="1.0" encoding="UTF-8"?>
<window id="1706">
    <backgroundcolor>background</backgroundcolor>
    <defaultcontrol always="true">50</defaultcontrol>
    <allowoverlay>no</allowoverlay>
    <include>OpenClose</include>
    <controls>
        <include>OtherBackground</include>
        <control type="group">
            <left>1020</left>
            <top>130</top>
            <control type="grouplist" id="50">
                <width>902</width>
                <height>910</height>
                <onleft>noop</onleft>
                <onright>noop</onright>
                <onup>50</onup>
                <ondown>50</ondown>
                <itemgap>14</itemgap>						
                <control type="button" id="1" description="Home BG Color">
                    <width>840</width>
                    <align>left</align>
                    <label>$LOCALIZE[31090]</label>
                    <texturenofocus border="8" colordiffuse="$VAR[bannercolor]">images/White.png</texturenofocus>
                    <onclick>ActivateWindow(1801)</onclick>
                </control>	
                <control type="radiobutton" id="2" description="Custom Home Pattern">
					<!--enable>IsEmpty(Skin.String(CustomBgHome))</enable-->			
                    <width>840</width>
                    <align>left</align>
                    <label>$LOCALIZE[31079]</label>
                    <texturenofocus border="8" colordiffuse="$VAR[bannercolor]">images/White.png</texturenofocus>
                    <onclick condition="IsEmpty(Skin.String(CustomHomePattern)) + System.HasAddon(resource.images.tvOS-X) + !System.HasAddon(resource.images.tvOS-X-Big)">Skin.SetFile(CustomHomePattern,.jpg|.png|.gif,special://home/addons/resource.images.tvOS-X/resources/patterns)</onclick>
                    <onclick condition="IsEmpty(Skin.String(CustomHomePattern)) + System.HasAddon(resource.images.tvOS-X-Big)">Skin.SetFile(CustomHomePattern,.jpg|.png|.gif,special://home/addons/resource.images.tvOS-X-Big/resources/patterns)</onclick>								
					<onclick condition="!IsEmpty(Skin.String(CustomHomePattern))">Skin.Reset(CustomHomePattern)</onclick>
					<onclick condition="!IsEmpty(Skin.String(CustomBgHome))">Skin.Reset(CustomBgHome)</onclick>
                    <selected>!IsEmpty(Skin.String(CustomHomePattern))</selected>
                </control>
                <control type="radiobutton" id="3" description="Custom Home Wallpaper">				
                    <width>840</width>
                    <align>left</align>
                    <label>$LOCALIZE[31069]</label>
                    <texturenofocus border="8" colordiffuse="$VAR[bannercolor]">images/White.png</texturenofocus>
					<onclick condition="IsEmpty(Skin.String(CustomBgHome)) + System.HasAddon(resource.images.tvOS-X) + !System.HasAddon(resource.images.tvOS-X-Big)">Skin.SetFile(CustomBgHome,.jpg|.png|.gif,special://home/addons/resource.images.tvOS-X/resources/backgrounds)</onclick>
					<onclick condition="IsEmpty(Skin.String(CustomBgHome)) + System.HasAddon(resource.images.tvOS-X-Big)">Skin.SetFile(CustomBgHome,.jpg|.png|.gif,special://home/addons/resource.images.tvOS-X-Big/resources/backgrounds)</onclick>
					<onclick condition="!IsEmpty(Skin.String(CustomBgHome))">Skin.Reset(CustomBgHome)</onclick>
					<onclick condition="!IsEmpty(Skin.String(CustomHomePattern))">Skin.Reset(CustomHomePattern)</onclick>
                    <selected>!IsEmpty(Skin.String(CustomBgHome))</selected>
                </control>							
                <control type="button" id="4" description="Home BG Darkness">
                    <width>840</width>
                    <align>left</align>
                    <label>$LOCALIZE[31082]</label>
                    <texturenofocus border="8" colordiffuse="$VAR[bannercolor]">images/White.png</texturenofocus>
                    <onclick>ActivateWindow(1702)</onclick>
                </control>					
                <control type="button" id="5" description="Other BG Color">
                    <width>840</width>
                    <align>left</align>
                    <label>$LOCALIZE[31091]</label>
                    <texturenofocus border="8" colordiffuse="$VAR[bannercolor]">images/White.png</texturenofocus>
                    <onclick>ActivateWindow(1802)</onclick>
                </control>
                <control type="radiobutton" id="6" description="Custom Other Pattern">
					<!--enable>IsEmpty(Skin.String(CustomBgOther))</enable-->			
                    <width>840</width>
                    <align>left</align>
                    <label>$LOCALIZE[31080]</label>
                    <texturenofocus border="8" colordiffuse="$VAR[bannercolor]">images/White.png</texturenofocus>
                    <onclick condition="IsEmpty(Skin.String(CustomOtherPattern)) + System.HasAddon(resource.images.tvOS-X) + !System.HasAddon(resource.images.tvOS-X-Big)">Skin.SetFile(CustomOtherPattern,.jpg|.png|.gif,special://home/addons/resource.images.tvOS-X/resources/patterns)</onclick>
                    <onclick condition="IsEmpty(Skin.String(CustomOtherPattern)) + System.HasAddon(resource.images.tvOS-X-Big)">Skin.SetFile(CustomOtherPattern,.jpg|.png|.gif,special://home/addons/resource.images.tvOS-X-Big/resources/patterns)</onclick>
					<onclick condition="!IsEmpty(Skin.String(CustomOtherPattern))">Skin.Reset(CustomOtherPattern)</onclick>
					<onclick condition="!IsEmpty(Skin.String(CustomBgOther))">Skin.Reset(CustomBgOther)</onclick>
                    <selected>!IsEmpty(Skin.String(CustomOtherPattern))</selected>
                </control>=
                <control type="radiobutton" id="7" description="Custom Other Wallpaper">			
                    <width>840</width>
                    <align>left</align>
                    <label>$LOCALIZE[31070]</label>
                    <texturenofocus border="8" colordiffuse="$VAR[bannercolor]">images/White.png</texturenofocus>
					<onclick condition="IsEmpty(Skin.String(CustomBgOther)) + System.HasAddon(resource.images.tvOS-X) + !System.HasAddon(resource.images.tvOS-X-Big)">Skin.SetFile(CustomBgOther,.jpg|.png|.gif,special://home/addons/resource.images.tvOS-X/resources/backgrounds)</onclick>
					<onclick condition="IsEmpty(Skin.String(CustomBgOther)) + System.HasAddon(resource.images.tvOS-X-Big)">Skin.SetFile(CustomBgOther,.jpg|.png|.gif,special://home/addons/resource.images.tvOS-X-Big/resources/backgrounds)</onclick>
					<onclick condition="!IsEmpty(Skin.String(CustomBgOther))">Skin.Reset(CustomBgOther)</onclick>
					<onclick condition="!IsEmpty(Skin.String(CustomOtherPattern))">Skin.Reset(CustomOtherPattern)</onclick>					
                    <selected>!IsEmpty(Skin.String(CustomBgOther))</selected>
                </control>								
                <control type="button" id="8" description="Other BG Darkness">
                    <width>840</width>
                    <align>left</align>
                    <label>$LOCALIZE[31083]</label>
                    <texturenofocus border="8" colordiffuse="$VAR[bannercolor]">images/White.png</texturenofocus>
                    <onclick>ActivateWindow(1703)</onclick>
                </control>	
                <control type="button" id="9" description="Dialog BG Color">
                    <width>840</width>
                    <align>left</align>
                    <label>$LOCALIZE[31092]</label>
                    <texturenofocus border="8" colordiffuse="$VAR[bannercolor]">images/White.png</texturenofocus>
                    <onclick>ActivateWindow(1803)</onclick>
                </control>
                <control type="radiobutton" id="10" description="Custom Dialog Pattern">
					<enable>IsEmpty(Skin.String(CustomBgDialog))</enable>			
                    <width>840</width>
                    <align>left</align>
                    <label>$LOCALIZE[31087]</label>
                    <texturenofocus border="8" colordiffuse="$VAR[bannercolor]">images/White.png</texturenofocus>
                    <onclick condition="IsEmpty(Skin.String(CustomDialogPattern)) + System.HasAddon(resource.images.tvOS-X) + !System.HasAddon(resource.images.tvOS-X-Big)">Skin.SetFile(CustomDialogPattern,.jpg|.png|.gif,special://home/addons/resource.images.tvOS-X/resources/patterns)</onclick>
                    <onclick condition="IsEmpty(Skin.String(CustomDialogPattern)) + System.HasAddon(resource.images.tvOS-X-Big)">Skin.SetFile(CustomDialogPattern,.jpg|.png|.gif,special://home/addons/resource.images.tvOS-X-Big/resources/patterns)</onclick>
					<onclick condition="!IsEmpty(Skin.String(CustomDialogPattern))">Skin.Reset(CustomDialogPattern)</onclick>
					<onclick condition="!IsEmpty(Skin.String(CustomBgDialog))">Skin.Reset(CustomBgDialog)</onclick>	
                    <selected>!IsEmpty(Skin.String(CustomDialogPattern))</selected>
                </control>				
                <control type="radiobutton" id="11" description="Custom Dialog Wallpaper">			
                    <width>840</width>
                    <align>left</align>
                    <label>$LOCALIZE[31085]</label>
                    <texturenofocus border="8" colordiffuse="$VAR[bannercolor]">images/White.png</texturenofocus>
					<onclick condition="IsEmpty(Skin.String(CustomBgDialog)) + System.HasAddon(resource.images.tvOS-X) + !System.HasAddon(resource.images.tvOS-X-Big)">Skin.SetFile(CustomBgDialog,.jpg|.png|.gif,special://home/addons/resource.images.tvOS-X/resources/backgrounds)</onclick>
					<onclick condition="IsEmpty(Skin.String(CustomBgDialog)) + System.HasAddon(resource.images.tvOS-X-Big)">Skin.SetFile(CustomBgDialog,.jpg|.png|.gif,special://home/addons/resource.images.tvOS-X-Big/resources/backgrounds)</onclick>
					<onclick condition="!IsEmpty(Skin.String(CustomBgDialog))">Skin.Reset(CustomBgDialog)</onclick>
					<onclick condition="!IsEmpty(Skin.String(CustomDialogPattern))">Skin.Reset(CustomDialogPattern)</onclick>					
                    <selected>!IsEmpty(Skin.String(CustomBgDialog))</selected>
                </control>
                <control type="button" id="12" description="Dialog BG Darkness">
                    <width>840</width>
                    <align>left</align>
                    <label>$LOCALIZE[31086]</label>
                    <texturenofocus border="8" colordiffuse="$VAR[bannercolor]">images/White.png</texturenofocus>
                    <onclick>ActivateWindow(1705)</onclick>
                </control>	
                <!--control type="radiobutton" id="19" description="Fanart">				
                    <width>840</width>
                    <align>left</align>
                    <label>$LOCALIZE[31075]</label>
                    <texturenofocus border="8" colordiffuse="$VAR[bannercolor]">images/White.png</texturenofocus>
                    <onclick>Skin.ToggleSetting(FanArt)</onclick>
                    <selected>!Skin.HasSetting(FanArt)</selected>
                </control>
                <control type="radiobutton" id="20" description="Shelf Fanart">				
                    <width>840</width>
                    <align>left</align>
                    <label>$LOCALIZE[31094]</label>
                    <texturenofocus border="8" colordiffuse="$VAR[bannercolor]">images/White.png</texturenofocus>
                    <onclick>Skin.ToggleSetting(ShelfFanart)</onclick>
                    <selected>!Skin.HasSetting(ShelfFanart)</selected>
                </control-->							
            </control>
        </control>
        <control type="image">
            <centerleft>500</centerleft>
            <centertop>530</centertop>
            <height>520</height>
            <width>520</width>
            <texture>images/tvOS-X-logo.png</texture>
        </control>
        <control type="label">
            <include>Heading</include>
            <label>$LOCALIZE[31095]</label>
        </control>
    </controls>
</window>
