<?xml version="1.0" encoding="UTF-8"?>
<includes>
  <default type="label">
    <label>-</label>
    <height>75</height>
    <align>left</align>
    <aligny>center</aligny>
    <font>size33</font>
    <textcolor>white</textcolor>
    <shadowcolor>-</shadowcolor>
    <focusedcolor>white</focusedcolor>
    <selectedcolor>orange</selectedcolor>
    <disabledcolor>slategray</disabledcolor>
    <scroll>false</scroll>
    <scrollspeed>50</scrollspeed>
    <scrollsuffix>  •  </scrollsuffix>
  </default>
  <default type="fadelabel">
    <height>75</height>
    <label>-</label>
    <align>left</align>
    <aligny>center</aligny>
    <font>size33</font>
    <textoffsetx>20</textoffsetx>
    <textcolor>white</textcolor>
    <shadowcolor>-</shadowcolor>
    <focusedcolor>white</focusedcolor>
    <selectedcolor>white</selectedcolor>
    <disabledcolor>dimgray</disabledcolor>
    <scrollout>false</scrollout>
    <pauseatend>3000</pauseatend>
    <scrollsuffix> •  • </scrollsuffix>
  </default>
  <default type="textbox">
    <label>-</label>
    <font>size28</font>
    <textcolor>white</textcolor>
    <shadowcolor>-</shadowcolor>
    <focusedcolor>white</focusedcolor>
    <selectedcolor>white</selectedcolor>
    <disabledcolor>dimgray</disabledcolor>
    <pagecontrol>61</pagecontrol>
    <pulseonselect></pulseonselect>
    <autoscroll delay="6000" time="3000" repeat="10000"></autoscroll>
  </default>
  <default type="image">
    <width>-</width>
    <height>-</height>
    <align>center</align>
    <aligny>center</aligny>
    <texture>-</texture>
    <aspectratio>stretch</aspectratio>
  </default>
  <default type="button">
    <animation effect="zoom" start="100" end="105" time="120" center="auto" tween="Back" easing="Out">Focus</animation>
    <animation effect="zoom" start="105" end="100" time="120" center="auto">unFocus</animation>
    <width>390</width>
    <height>70</height>
    <align>center</align>
    <aligny>center</aligny>
    <font>size33</font>
    <label>-</label>
    <textoffsetx>20</textoffsetx>
    <textcolor>darktext</textcolor>
    <shadowcolor>-</shadowcolor>
    <focusedcolor>black</focusedcolor>
    <selectedcolor>orange</selectedcolor>
    <disabledcolor>dimgray</disabledcolor>
    <texturefocus border="8">images/White.png</texturefocus>
    <!--<texturenofocus border="8" colordiffuse="77FFFFFF">images/White.png</texturenofocus>-->
    <pulseonselect>false</pulseonselect>
  </default>
  <default type="edit">
    <width>390</width>
    <height>75</height>
    <align>center</align>
    <aligny>center</aligny>
    <font>size33</font>
    <label>-</label>
    <textoffsetx>20</textoffsetx>
    <textcolor>darktext</textcolor>
    <shadowcolor>-</shadowcolor>
    <focusedcolor>black</focusedcolor>
    <selectedcolor>orange</selectedcolor>
    <disabledcolor>dimgray</disabledcolor>
    <!--texturenofocus border="8" colordiffuse="66ffffff">images/White.png</texturenofocus-->
    <texturefocus border="8">images/White.png</texturefocus>
    <pulseonselect>false</pulseonselect>
  </default>
  <default type="togglebutton">
    <animation effect="zoom" start="100" end="105" time="120" center="auto" tween="Back" easing="Out">Focus</animation>
    <animation effect="zoom" start="105" end="100" time="120" center="auto">unFocus</animation>
    <width>450</width>
    <height>70</height>
    <align>center</align>
    <aligny>center</aligny>
    <font>size33</font>
    <label>-</label>
    <textoffsetx>20</textoffsetx>
    <textcolor>darktext</textcolor>
    <shadowcolor>-</shadowcolor>
    <focusedcolor>black</focusedcolor>
    <selectedcolor>orange</selectedcolor>
    <altselectedcolor>orange</altselectedcolor>
    <disabledcolor>dimgray</disabledcolor>
    <texturefocus border="8">images/White.png</texturefocus>
    <alttexturefocus border="8">images/White.png</alttexturefocus>
    <!--<texturenofocus border="8" colordiffuse="77FFFFFF">images/White.png</texturenofocus>-->
    <align>center</align>
    <aligny>center</aligny>
    <pulseonselect>false</pulseonselect>
  </default>
  <default type="radiobutton">
    <animation effect="zoom" start="100" end="105" time="120" center="auto" tween="Back" easing="Out">Focus</animation>
    <animation effect="zoom" start="105" end="100" time="120" center="auto">unFocus</animation>
    <top>6</top>
    <height>70</height>
    <align>left</align>
    <aligny>center</aligny>
    <font>size33</font>
    <label>-</label>
    <textcolor>darktext</textcolor>
    <shadowcolor>-</shadowcolor>
    <focusedcolor>black</focusedcolor>
    <selectedcolor>orange</selectedcolor>
    <disabledcolor>dimgray</disabledcolor>
    <radiowidth>50</radiowidth>
    <radioheight>50</radioheight>
    <texturefocus border="8">images/White.png</texturefocus>
    <!--<texturenofocus border="8" colordiffuse="77FFFFFF">images/White.png</texturenofocus>-->
    <textureradiofocus>images/RadioON.png</textureradiofocus>
    <textureradionofocus>images/RadioOFF.png</textureradionofocus>
    <textoffsetx>20</textoffsetx>
    <!--<radioleft>262</radioleft>-->
    <pulseonselect>false</pulseonselect>
  </default>
  <default type="spincontrol">
    <animation effect="zoom" start="100" end="105" time="120" center="auto" tween="Back" easing="Out">Focus</animation>
    <animation effect="zoom" start="105" end="100" time="120" center="auto">unFocus</animation>
    <textureup>images/ArrowUpNF.png</textureup>
    <textureupfocus>images/ArrowUpFO.png</textureupfocus>
    <texturedown>images/ArrowDownNF.png</texturedown>
    <texturedownfocus>images/ArrowDownFO.png</texturedownfocus>
    <texturefocus border="8">images/Buttonselect.png</texturefocus>
    <spinwidth>18</spinwidth>
    <spinheight>18</spinheight>
    <font>size33</font>
    <textcolor>darktext</textcolor>
    <shadowcolor>-</shadowcolor>
    <focusedcolor>black</focusedcolor>
    <selectedcolor>orange</selectedcolor>
    <disabledcolor>dimgray</disabledcolor>
    <textoffsetx>20</textoffsetx>
    <align>left</align>
    <aligny>center</aligny>
    <reverse>yes</reverse>
    <pulseonselect>false</pulseonselect>
  </default>
  <default type="spincontrolex">
    <animation effect="zoom" start="100" end="105" time="120" center="auto" tween="Back" easing="Out">Focus</animation>
    <animation effect="zoom" start="105" end="100" time="120" center="auto">unFocus</animation>
    <width>450</width>
    <height>70</height>
    <label>-</label>
    <font>size33</font>
    <textureup>images/ArrowUpNF.png</textureup>
    <textureupfocus>images/ArrowUpFO.png</textureupfocus>
    <texturedown>images/ArrowDownNF.png</texturedown>
    <texturedownfocus>images/ArrowDownFO.png</texturedownfocus>
    <texturefocus border="8">images/White.png</texturefocus>
    <!--<texturenofocus colordiffuse="77FFFFFF">images/White.png</texturenofocus>-->
    <spinwidth>18</spinwidth>
    <spinheight>18</spinheight>
    <textcolor>darktext</textcolor>
    <shadowcolor>-</shadowcolor>
    <focusedcolor>black</focusedcolor>
    <selectedcolor>orange</selectedcolor>
    <disabledcolor>dimgray</disabledcolor>
    <textoffsetx>20</textoffsetx>
    <align>left</align>
    <aligny>center</aligny>
    <reverse>yes</reverse>
    <pulseonselect>false</pulseonselect>
  </default>

  <default type="slider" description="Seek Slider">
    <visible>true</visible>
    <width>711</width>
    <height>30</height>
    <!--<texturesliderbar border="10">buttons/slider-back.png</texturesliderbar>-->
    <!--<textureslidernib>buttons/slider-nib.png</textureslidernib>-->
    <!--<textureslidernibfocus colordiffuse="button_focus">buttons/slider-nib.png</textureslidernibfocus>-->
    <orientation>horizontal</orientation>
    <texturesliderbar border="4">images/slider_bg.png</texturesliderbar>
    <textureslidernib>images/slider_nib_nf.png</textureslidernib>
    <textureslidernibfocus>images/slider_nib.png</textureslidernibfocus>
  </default>

  <default type="sliderex" description="Default Slider">
    <animation effect="zoom" start="100" end="105" time="120" center="auto" tween="Back" easing="Out">Focus</animation>
    <animation effect="zoom" start="105" end="100" time="120" center="auto">unFocus</animation>
    <texturefocus border="8">images/White.png</texturefocus>
    <!--<texturenofocus border="8" colordiffuse="77FFFFFF">images/White.png</texturenofocus>-->
    <left>795</left>
    <top>225</top>
    <height>70</height>
    <width>450</width>
    <sliderwidth>400</sliderwidth>
    <sliderheight>40</sliderheight>
    <texturesliderbar>images/slider_bg.png</texturesliderbar>
    <textureslidernib>images/slider_nib_nf.png</textureslidernib>
    <textureslidernibfocus>images/slider_nib.png</textureslidernibfocus>
    <font>size33</font>
    <textcolor>darktext</textcolor>
    <focusedcolor>black</focusedcolor>
    <selectedcolor>orange</selectedcolor>
    <disabledcolor>dimgray</disabledcolor>
    <aligny>center</aligny>
    <textoffsetx>20</textoffsetx>
  </default>
  <default type="scrollbar">
    <width>9</width>
    <orientation>vertical</orientation>
    <texturesliderbackground border="0,4,0,4">Scrollbar/ScrollbarBG.png</texturesliderbackground>
    <texturesliderbar border="0,4,0,4">Scrollbar/ScrollerNF.png</texturesliderbar>
    <texturesliderbarfocus border="0,4,0,4">Scrollbar/ScrollerFO.png</texturesliderbarfocus>
    <pulseonselect>false</pulseonselect>
    <showonepage>false</showonepage>
  </default>
</includes>
