<?xml version="1.0" encoding="UTF-8"?>
<window>
    <type>dialog</type>
    <controls>
        <control type="group">
            <left>1325</left>
            <top>55</top>
            <animation effect="fade" start="0" end="100" time="500">WindowOpen</animation>
            <animation effect="fade" start="100" end="0" time="500">WindowClose</animation>
            <control type="image" description="Dialog BG">
                <width>520</width>
                <height>130</height>
                <texture border="8" colordiffuse="notification">images/White.png</texture>
            </control>
            <control type="label" id="30" description="Caption Label">
                <left>20</left>
                <top>18</top>
                <width>480</width>
                <height>27</height>
                <font>size21</font>
                <align>left</align>
                <aligny>center</aligny>
            </control>
            <control type="textbox" id="31" description="line 1 Label">
                <left>20</left>
                <top>40</top>
                <width>480</width>
                <height>60</height>
                <font>size21</font>
                <align>left</align>
            </control>
            <control type="progress" id="32" description="Progress bar">
                <left>20</left>
                <top>95</top>
                <width>480</width>
                <height>10</height>
                <texturebg>progress/ProgressBG.png</texturebg>
                <midtexture>progress/ProgressM.png</midtexture>
                <righttexture>progress/ProgressR.png</righttexture>
                <lefttexture>progress/ProgressL.png</lefttexture>
            </control>
        </control>
    </controls>
</window>
