<?xml version="1.0" encoding="UTF-8"?>
<window id="10140">
  <defaultcontrol always="true">9</defaultcontrol>
  <allowoverlay>no</allowoverlay>
  <include>OpenClose</include>
  <controls>
    <include>OtherBackground</include>
    <control type="image" description="Line top">
      <top>165</top>
      <width>1920</width>
      <height>1</height>
      <aspectratio>stretch</aspectratio>
      <texture>images/Line.png</texture>
    </control>
    <control type="label" id="20" description="Heading">
      <include>Heading</include>
      <label>-</label>
    </control>
    <control type="grouplist" id="9" description="TopHat">
      <top>90</top>
      <width>auto</width>
      <align>center</align>
      <height>80</height>
      <itemgap>9</itemgap>
      <onleft>noop</onleft>
      <onright>noop</onright>
      <onup>noop</onup>
      <ondown>2</ondown>
      <orientation>horizontal</orientation>
    </control>
    <control type="grouplist" id="8999" description="bottomPanel">
      <top>1000</top>
      <width>auto</width>
      <align>center</align>
      <height>80</height>
      <itemgap>20</itemgap>
      <onleft>noop</onleft>
      <onright>noop</onright>
      <onup>2</onup>
      <ondown>9001</ondown>
      <orientation>horizontal</orientation>
      <control type="button" id="10" description="OK">
        <label>186</label>
      </control>
      <control type="button" id="12" description="Default">
        <label>409</label>
      </control>
      <control type="button" id="11" description="Cancel">
        <label>222</label>
      </control>
    </control>
    <control type="button" id="13" description="Button Template">
      <font>size33</font>
    </control>
    <control type="grouplist" id="2" description="Stage">
      <left>300</left>
      <top>180</top>
      <width>1320</width>
      <height>800</height>
      <itemgap>15</itemgap>
      <onup>9</onup>
      <ondown>8999</ondown>
      <onleft>0</onleft>
      <onright>60</onright>
      <pagecontrol>60</pagecontrol>
    </control>
    <control type="button" id="3" description="Default Button">
      <font>size33</font>
      <align>left</align>
    </control>
    <control type="radiobutton" id="4" description="Default RadioButton">
      <font>size33</font>
      <align>left</align>
      <radioleft>1260</radioleft>
    </control>
    <control type="spincontrolex" id="5" description="Default spincontrolex">
      <font>size33</font>
      <reverse>yes</reverse>
    </control>
    <control type="image" id="6" description="DO NOT REMOVE">
      <height>1</height>
      <texture>images/Line.png</texture>
    </control>
    <control type="label" id="7">
      <label>-</label>
      <font>size36</font>
      <textcolor>Blue</textcolor>
    </control>
    <control type="sliderex" id="8" description="Default Slider Control">
      <font>size33</font>
      <width>900</width>
    </control>
  </controls>
</window>
