<?xml version="1.0" encoding="UTF-8"?>
<window>
	<defaultcontrol always="true">5</defaultcontrol>
	<coordinates>
		<system>1</system>
		<origin x="380" y="210" />
	</coordinates>
	<include>OpenClose</include>
	<controls>
		<control type="image">
			<description>background image</description>
			<width>1160</width>
			<height>660</height>
			<texture border="50">$VAR[ContextMenu]</texture>
			<!--colordiffuse>dialog</colordiffuse-->
		</control>
		<control type="label">
			<description>Title label</description>
			<left>20</left>
			<top>60</top>
			<width>1100</width>
			<height>30</height>
			<font>size33B</font>
			<label>$INFO[ListItem.Title]</label>
			<align>center</align>
			<aligny>center</aligny>
			<textcolor>orange</textcolor>
		</control>
		<control type="label">
			<description>Start time</description>
			<left>20</left>
			<top>105</top>
			<width>1100</width>
			<height>25</height>
			<align>center</align>
			<aligny>center</aligny>
			<font>Size26</font>
			<textcolor>gray</textcolor>
			<label>$LOCALIZE[142] $INFO[ListItem.StartTime]</label>
		</control>
		<control type="textbox" id="400">
			<description>Plot value</description>
			<left>60</left>
			<top>145</top>
			<width>1040</width>
			<height>305</height>
			<align>justify</align>
			<pagecontrol>-</pagecontrol>
			<label fallback="161">$INFO[ListItem.Plot]</label>
		</control>
		<control type="textbox">
			<description>Duration</description>
			<left>60</left>
			<top>460</top>
			<width>1040</width>
			<height>70</height>
			<align>center</align>
			<font>size26</font>
			<textcolor>gray</textcolor>
			<label>$LOCALIZE[552]: $INFO[ListItem.StartDate]  •  $LOCALIZE[19148]: $INFO[ListItem.ChannelName][CR]$LOCALIZE[180]: $INFO[ListItem.Duration]  •  $LOCALIZE[135]: $INFO[ListItem.Genre]</label>
		</control>
		<control type="grouplist" id="9000">
			<left>60</left>
			<top>550</top>
			<width>1040</width>
			<height>40</height>
			<itemgap>5</itemgap>
			<align>center</align>
			<orientation>horizontal</orientation>
			<onleft>9000</onleft>
			<onright>9000</onright>
			<onup>60</onup>
			<ondown>60</ondown>
			<control type="button" id="4">
				<description>Find similar</description>
				<width>auto</width>
				<include>SmallButt</include>
				<label>19003</label>
			</control>
			<control type="button" id="5">
				<description>Switch to Channel</description>
				<width>auto</width>
				<include>SmallButt</include>
				<label>19165</label>
			</control>
			<control type="button" id="8">
				<description>Play recording</description>
				<width>auto</width>
				<include>SmallButt</include>
				<label>19687</label>
			</control>
			<control type="button" id="6">
				<description>Record</description>
				<width>auto</width>
				<include>SmallButt</include>
				<label>-</label>
			</control>
			<control type="button" id="7">
				<description>OK</description>
				<width>auto</width>
				<include>SmallButt</include>
				<label>186</label>
			</control>
		</control>
	</controls>
</window>
