<?xml version="1.0" encoding="UTF-8"?>
<window type="dialog" id="134">
    <defaultcontrol always="true">450</defaultcontrol>
    <allowoverlay>no</allowoverlay>
    <include>OpenClose</include>
    <controls>
        <include>OtherBackground</include>
		<!--include>FanartBackground</include-->
        <control type="label" description="Header label">
            <include>Heading</include>
            <label>1036</label>
        </control>
        <control type="group">
            <left>1020</left>
            <top>131</top>
            <control type="fixedlist" id="450">
                <width>802</width>
                <height>888</height>
                <onleft>noop</onleft>
                <onright>noop</onright>
                <onup>450</onup>
                <ondown>450</ondown>
                <pagecontrol>60</pagecontrol>
                <focusposition>3</focusposition>
                <movement>4</movement>
                <scrolltime tween="sine" easing="inout">280</scrolltime>
                <itemlayout  width="802" height="111">
                    <include>Watched_Marks</include>
                    <include>Sets</include>
                    <include>Arrow</include>
                    <control type="label" description="Main Label">
                        <top>25</top>
                        <left>45</left>
                        <width>717</width>
                        <include>BigListTitle</include>
                        <label>$INFO[ListItem.label]</label>
                    </control>
                </itemlayout>
                <focusedlayout width="802" height="111">
                    <control type="group">
                        <animation effect="zoom" time="120" start="100" end="105" center="auto" tween="Back" easing="Out">Focus</animation>
                        <control type="image">
                            <top>22</top>
                            <left>-50</left>
                            <height>100</height>
                            <width>902</width>
                            <texture>shadow.png</texture>
                        </control>
                        <control type="image">
                            <height>100</height>
                            <width>802</width>
                            <texture border="8">images/White.png</texture>
                        </control>
                        <control type="label" description="Main Label">
                            <top>25</top>
                            <left>45</left>
                            <width>717</width>
                            <include>BigListTitleFO</include>
                            <label>$INFO[ListItem.label]</label>
                        </control>
                    </control>
                </focusedlayout>
            </control>
        </control>
        <include>left_Panel_plain</include>
    </controls>
</window>
