<?xml version="1.0" encoding="UTF-8"?>
<window id="10041" type="dialog">
  <defaultcontrol always="false">3</defaultcontrol>
  <allowoverlay>yes</allowoverlay>
  <include>OpenClose</include>
  <controls>
    <include>OtherBackground</include>
    <control type="label" id="1" description="Header label">
      <include>Heading</include>
      <label>13406</label>
    </control>
    <control type="group" description="Group 3 Plain list">
      <control type="group">
        <left>1020</left>
        <top>150</top>
        <control type="list" id="3">
          <width>802</width>
          <height>888</height>
          <onleft>5</onleft>
          <onright>60</onright>
          <onup>3</onup>
          <ondown>3</ondown>
          <pagecontrol>60</pagecontrol>
          <scrolltime tween="sine" easing="inout">280</scrolltime>
          <itemlayout width="802" height="81">
            <include>Arrow</include>
            <control type="label" description="Main Label">
              <visible>!ListItem.IsFolder</visible>
              <width>765</width>
              <include>50Label</include>
			  <selectedcolor>orange</selectedcolor>
              <label>$INFO[ListItem.Label]</label>
            </control>
            <control type="label" description="Main Label">
              <visible>ListItem.IsFolder</visible>
              <include>50Label</include>
			  <selectedcolor>orange</selectedcolor>
              <label>$INFO[ListItem.Label]</label>
            </control>
          </itemlayout>
          <focusedlayout width="802" height="81">
            <include>Arrow</include>
             <control type="label" description="Main Label">
              <visible>!ListItem.IsFolder</visible>
              <width>765</width>
              <include>50Label</include>
			  <selectedcolor>orange</selectedcolor>
              <label>$INFO[ListItem.Label]</label>
            </control>
            <control type="label" description="Main Label">
              <visible>ListItem.IsFolder</visible>
              <include>50Label</include>
			  <selectedcolor>orange</selectedcolor>
              <label>$INFO[ListItem.Label]</label>
            </control>
          </focusedlayout>
        </control>
      </control>
    </control>

    <control type="group" description="Group 6 Thumbs">
      <control type="group" description="Slider and List">
        <left>1020</left>
        <top>140</top>
        <control type="list" id="6">
          <width>802</width>
          <height>886</height>
          <onleft>5</onleft>
          <onright>60</onright>
          <onup>6</onup>
          <ondown>6</ondown>
          <pagecontrol>60</pagecontrol>
          <movement>3</movement>
          <scrolltime tween="sine" easing="inout">280</scrolltime>
          <itemlayout width="802" height="111">
            <control type="image">
              <height>111</height>
              <width>111</width>
              <bordersize>6</bordersize>
              <texture>$INFO[ListItem.Icon]</texture>
              <aspectratio>keep</aspectratio>
            </control>
            <control type="label" description="Main Label">
              <include>BigListTitle</include>
              <label>$INFO[ListItem.Label]</label>
            </control>
            <control type="label" description="Label2">
              <include>BigListDetails</include>
              <label>$INFO[ListItem.Label2]</label>
            </control>
            <control type="image">
              <visible>ListItem.IsSelected</visible>
              <left>735</left>
              <top>0</top>
              <height>111</height>
              <width>48</width>
              <bordersize>6</bordersize>
              <texture>images/RadioON.png</texture>
              <aspectratio>keep</aspectratio>
            </control>
          </itemlayout>
          <focusedlayout width="802" height="111">
            <control type="image">
              <left>0</left>
              <top>0</top>
              <height>111</height>
              <width>111</width>
              <bordersize>6</bordersize>
              <texture>$INFO[ListItem.Icon]</texture>
              <aspectratio>keep</aspectratio>
            </control>
            <control type="label" description="Main Label">
              <include>BigListTitleFO</include>
              <label>$INFO[ListItem.Label]</label>
            </control>
            <control type="label" description="Label2">
              <include>BigListDetailsFO</include>
              <label>$INFO[ListItem.Label2]</label>
            </control>
            <control type="image">
              <visible>ListItem.IsSelected</visible>
              <left>735</left>
              <top>0</top>
              <height>111</height>
              <width>48</width>
              <bordersize>6</bordersize>
              <texture>images/RadioON.png</texture>
              <aspectratio>keep</aspectratio>
            </control>
          </focusedlayout>
        </control>
      </control>
    </control>
    <control type="group" description="Thumbs">
      <left>270</left>
      <top>315</top>
      <control type="image" description="Item Thumb">
        <width>450</width>
        <height>450</height>
        <fadetime>200</fadetime>
        <texture>$INFO[Container(6).ListItem.Icon]</texture>
        <aspectratio>keep</aspectratio>
      </control>
    </control>
    <control type="group" description="Button 5">
      <!--<control type="image" description="Fake button for control 5">
        <visible>Control.HasFocus(5)</visible>
        <animation effect="fade" time="100">VisibleChange</animation>
        <left>150</left>
        <top>117</top>
        <width>675</width>
        <height>148</height>
        <texture border="32">images/slider.png</texture>
        <aspectratio>stretch</aspectratio>
      </control>-->
      <control type="button" id="5" description="Manual Get more button">
        <left>68</left>
        <top>113</top>
        <height>165</height>
        <width>855</width>
        <texturefocus border="32">images/slider.png</texturefocus>
        <font>size36</font>
        <label>-</label>
        <onleft>3</onleft>
        <onright>3</onright>
        <onup>3</onup>
        <ondown>3</ondown>
      </control>
      <control type="image" description="loopnf">
        <visible>Control.IsVisible(5)</visible>
        <animation effect="fade" time="100">VisibleChange</animation>
        <left>120</left>
        <top>155</top>
        <width>48</width>
        <height>81</height>
        <texture>images/loop.png</texture>
        <colordiffuse>BBFFFFFF</colordiffuse>
        <aspectratio>keep</aspectratio>
      </control>
      <control type="image" description="loop">
        <visible>Control.HasFocus(5)</visible>
        <animation effect="fade" time="100">VisibleChange</animation>
        <left>120</left>
        <top>155</top>
        <width>48</width>
        <height>81</height>
        <texture>images/loop.png</texture>
        <aspectratio>keep</aspectratio>
      </control>
    </control>
  </controls>
</window>