<?xml version="1.0" encoding="UTF-8"?>
<window id="106">
    <defaultcontrol always="true">996</defaultcontrol>
    <allowoverlay>no</allowoverlay>
    <include>DialogOpenClose</include>
    <coordinates>
        <system>1</system>
        <origin x="0" y="0" />
    </coordinates>
    <controls>
	
		<control type="image" id="999" description="List back">
			<centerleft>960</centerleft>
			<centertop>586</centertop>
			<width>842</width>
			<height>1170</height>
			<aspectratio>stretch</aspectratio>
			<!--colordiffuse>$VAR[diffusedialog]</colordiffuse-->
			<include condition="IsEmpty(Skin.String(CustomBgDialog)) + IsEmpty(Skin.String(CustomBgHome)) + ![Skin.HasTheme(Dark)|Skin.HasTheme(White)]">DialogTexture</include>
			<include condition="!IsEmpty(Skin.String(CustomBgDialog)) | !IsEmpty(Skin.String(CustomBgHome)) | Skin.HasTheme(Dark) | Skin.HasTheme(White)">DialogTextureBG</include>	
		</control>

<!--
		<control type="image" id="999" description="List back diffuse">
			<centerleft>960</centerleft>
			<centertop>586</centertop>
			<width>842</width>
			<height>1170</height>
			<aspectratio>stretch</aspectratio>
			<texture border="50" colordiffuse="$VAR[diffusedialog]" diffuse="images/DialogDiffuse.png">images/whitebg.png</texture>
		</control>
	
<!--	
        <control type="image" id="999" description="Background image">
            <centerleft>960</centerleft>
            <centertop>540</centertop>
            <height>1080</height>
            <width>750</width>
            <texture border="50">$VAR[ContextMenu]</texture>
            <!--colordiffuse>dialog</colordiffuse>
        </control>
-->			
        <control type="grouplist" id="996" description="Context menu container">
			<centerleft>960</centerleft>
			<centertop>586</centertop>
            <!--include>DialogGLs</include-->
            <height>960</height>
			<width>576</width>
			<!--height>380</height-->
			<itemgap>10</itemgap>
			<onleft>50</onleft>
			<onright>50</onright>
			<onup>996</onup>
			<ondown>996</ondown>
			<scrolltime>200</scrolltime>
			<orientation>vertical</orientation>			
        </control>
        <control type="button" id="1000" description="Buttons">
            <animation effect="zoom" time="120" start="100" end="110" center="auto" tween="Back" easing="Out">Focus</animation>
            <include>DialogButt</include>
        </control>
    </controls>
</window>
