<?xml version="1.0" encoding="UTF-8"?>
<window>
    <backgroundcolor>background</backgroundcolor>
    <defaultcontrol always="true">9000</defaultcontrol>
    <allowoverlay>no</allowoverlay>
    <onload>RunScript(script.skinshortcuts,type=buildxml&amp;mainmenuID=9000&amp;level=0)</onload>
	<onload>RunScript(script.skinshortcuts,type=buildxml&amp;mainmenuID=9000&amp;levels=1)</onload>
    <include condition="!Skin.HasSetting(HomeZoom)">HomeOpenClose</include>
    <controls>
        <include>HomeBackground</include>
        <!--CLONING-->
        <!--<control type="image">-->
        <!--<height>1080</height>-->
        <!--<width>1920</width>-->
        <!--<texture>atv.png</texture>-->
        <!--</control>-->
        <control type="group" description="Furniture">
			<visible>!Skin.HasSetting(HomeBanner)</visible>				
			<include condition="Skin.HasSetting(HomeBannerAnimation)">HomeBannerAnimation</include>				
			<!--include condition="!Skin.HasSetting(HomeBannerAnimation)">HomeBannerStatic</include-->
            <include>homeanimation</include>
            <control type="image" description="Home Banner">
                <top>720</top>
                <left>-35</left>
                <width>1990</width>
                <height>274</height>
                <aspectratio>stretch</aspectratio>
                <texture border="18" colordiffuse="$VAR[bannercolor]">images/White.png</texture>
				<!--texture border="18" colordiffuse="$VAR[bannercolor]">images/White.png</texture-->
            </control>
        </control>
		<control type="videowindow" description="Homescreen Video Preview">
			<width>1920</width>
			<height>1080</height>
			<visible>Window.IsActive(Home.xml) + Player.HasVideo</visible>
			<aspectratio>scale</aspectratio>
		</control>
		<control type="label" description="Press Back to Close">
			<visible>Player.HasVideo</visible>
		    <left>80</left>
            <bottom>980</bottom>
            <height>45</height>
            <width>750</width>
            <align>left</align>
            <aligny>center</aligny>
            <font>shelf</font>
            <textcolor>white</textcolor>
            <label>$LOCALIZE[31077]</label>
		</control>
		<control type="image" description="Shelf Fanart">
			<visible>!Skin.HasSetting(ShelfFanart) + [Control.HasFocus(311) | Control.HasFocus(312) | Control.HasFocus(313) | Control.HasFocus(317) | Control.HasFocus(318) | Control.HasFocus(320) | Control.HasFocus(321)]</visible>
			<width>1920</width>
			<height>720</height>
			<include>Fanart_Fade</include>
			<aspectratio align="top">scale</aspectratio>
			<texture background="true">$VAR[ShelfFanart]</texture>
			<colordiffuse>$VAR[diffuseshelffanart]</colordiffuse>
		</control>		
        <control type="button" id="9009" description="Shelf Label">
			<visible>!Player.HasVideo + ![Control.HasFocus(9010) | Control.HasFocus(321)]</visible>
            <include>homeanimation</include>
            <focusedcolor>white</focusedcolor>
            <include>ShelfFade</include>
            <animation>Focus</animation>
            <animation>unFocus</animation>
            <animation condition="$EXP[istvshows]" effect="slide" end="0,25"  time="180" tween="Back" easing="inout">Conditional</animation>
            <animation condition="$EXP[shelflabelsslide]" effect="slide" start="0" end="0,-30" time="180" tween="Back">Conditional</animation>
            <left>80</left>
            <bottom>980</bottom>
            <height>45</height>
            <width>750</width>
            <align>left</align>
            <aligny>center</aligny>
            <font>shelf</font>
            <textcolor>darktextunfo</textcolor>
            <label>$VAR[shelflabel]</label>
            <texturefocus>-</texturefocus>
            <!--MOVIES-->
            <onclick  condition="$EXP[ismovies] + StringCompare(Skin.String(moviesshelf),)">Skin.SetString(moviesshelf,WL)</onclick>
            <onclick  condition="$EXP[ismovies] + StringCompare(Skin.String(moviesshelf),WL)">Skin.SetString(moviesshelf,RND)</onclick>
            <onclick  condition="$EXP[ismovies] + StringCompare(Skin.String(moviesshelf),RND)">Skin.SetString(moviesshelf,)</onclick>
            <!--TVSHOWS-->
            <onclick  condition="$EXP[isepisodes] + StringCompare(Skin.String(TVshelf),)">Skin.SetString(TVshelf,1)</onclick>
            <onclick  condition="$EXP[isepisodes] + StringCompare(Skin.String(TVshelf),1)">Skin.SetString(TVshelf,2)</onclick>
            <onclick  condition="$EXP[isepisodes] + StringCompare(Skin.String(TVshelf),2)">Skin.SetString(TVshelf,)</onclick>
            <!--MUSIC-->
            <onclick  condition="String.IsEqual(Container(9000).ListItem.Property(defaultID),music) + StringCompare(Skin.String(musicshelf),)">Skin.SetString(musicshelf,albums)</onclick>
            <onclick  condition="String.IsEqual(Container(9000).ListItem.Property(defaultID),music) + StringCompare(Skin.String(musicshelf),albums)">Skin.SetString(musicshelf,artists)</onclick>
            <onclick  condition="String.IsEqual(Container(9000).ListItem.Property(defaultID),music) + StringCompare(Skin.String(musicshelf),artists)">Skin.SetString(musicshelf,)</onclick>

            <!--ADDONS-->
            <!--<onclick  condition="Control.IsVisible(315) | Control.IsVisible(317)">Skin.ToggleSetting(AddonsShelf_Custom)</onclick>-->
            <!--<onclick  condition="Control.IsVisible(315) + StringCompare(Skin.String(addonsshelf),2)">Skin.SetString(addonsshelf,3)</onclick>-->
            <!--<onclick  condition="Control.IsVisible(315) + StringCompare(Skin.String(addonsshelf),3)">Skin.SetString(addonsshelf,)</onclick>-->
            <!--<onclick  condition="Control.IsVisible(315) + StringCompare(Skin.String(addonsshelf),)">Skin.SetString(addonsshelf,1)</onclick>-->

            <!--UPCOMINGMOVIES-->
            <onclick  condition="$EXP[isupcomingmovies] + StringCompare(Skin.String(theatersshelf),)">Skin.SetString(theatersshelf,1)</onclick>
            <onclick  condition="$EXP[isupcomingmovies] + StringCompare(Skin.String(theatersshelf),1)">Skin.SetString(theatersshelf,2)</onclick>
            <onclick  condition="$EXP[isupcomingmovies] + StringCompare(Skin.String(theatersshelf),2)">Skin.SetString(theatersshelf,)</onclick>

            <onup>noop</onup>
            <ondown condition="Control.IsVisible(312)">312</ondown>
            <ondown condition="Control.IsVisible(313)">313</ondown>
            <ondown condition="Control.IsVisible(315)">315</ondown>
            <ondown condition="Control.IsVisible(317)">317</ondown>
            <ondown condition="Control.IsVisible(311)">311</ondown>
            <onleft>noop</onleft>
            <onright>noop</onright>
        </control>
		<!-- Shelf Menu -->		
		<control type="panel" id="9010" description="Shelf Menu">
			<!--visible>$EXP[320visibility]</visible-->
			<visible allowhiddenfocus="true">Control.HasFocus(9010) | Control.HasFocus(321)</visible>
			<!--visible>Control.HasFocus(321) | Control.HasFocus(9010)</visible-->
            <left>80</left>
            <bottom>980</bottom>
            <height>45</height>
            <width>750</width>
			<onleft>9010</onleft>
			<onright>9010</onright>
			<onup>noop</onup>
			<ondown>321</ondown>
			<!--onclick></onclick-->
			<orientation>horizontal</orientation>
			<scrolltime tween="sine" easing="inout">280</scrolltime>
			<itemlayout height="45" width="300">
				<control type="label">
					<animation condition="Control.HasFocus(321) + [Container(321).Position(0) | Container(321).Position(1)]" effect="slide" start="0" end="0,-30" time="180" tween="Back">Conditional</animation>				
					<!--left>15</left-->
					<width>300</width>
					<height>45</height>
					<align>left</align>
					<aligny>center</aligny>					
					<font>shelf</font>
					<label>$INFO[ListItem.Label]</label>
					<scroll>false</scroll>
					<textcolor>darktextunfo</textcolor>
				</control>
			</itemlayout>				
			<focusedlayout height="45" width="300">
				<control type="label">
					<animation condition="Control.HasFocus(321) + [Container(321).Position(0) | Container(321).Position(1)]" effect="slide" start="0" end="0,-30" time="180" tween="Back">Conditional</animation>					
					<!--left>15</left-->
					<width>300</width>
					<height>45</height>
					<align>left</align>
					<aligny>center</aligny>					
					<font>shelf</font>
					<label>[B]$INFO[ListItem.Label][/B]</label>
					<scroll>true</scroll>
					<textcolor>white</textcolor>
				</control>
			</focusedlayout>
			<content><include>skinshortcuts-submenu</include></content>
		</control>				
        <control type="panel" id="9000" description="Home Icons">
			<include condition="!Skin.HasSetting(HomeZoom)">HomePanelOpenClose</include>
            <include>homeanimation</include>
            <centerleft>960</centerleft>
            <top>740</top>
            <width>1800</width>
            <height>1620</height>
            <onleft>9000</onleft>
            <onright>9000</onright>
            <onup condition="[String.IsEqual(Container(311).NumItems,0) + String.IsEqual(Container(9000).ListItem.Property(defaultID),movies)] | [String.IsEqual(Container(313).NumItems,0) + String.IsEqual(Container(9000).ListItem.Property(defaultID),tvshows)]">9009</onup>
            <onup>700</onup>
            <ondown>noop</ondown>
            <orientation>vertical</orientation>
            <scrolltime tween="sine" easing="inout">280</scrolltime>
            <itemlayout height="265" width="360">
                <control type="image" description="shade_base">
                    <centerleft>180</centerleft>
                    <width>350</width>
                    <height>250</height>
                    <texture>icons/iconbase.png</texture>
                </control>
                <control type="image" description="color base">
                    <centerleft>180</centerleft>
                    <centertop>117</centertop>
                    <width>287</width>
                    <height>179</height>
                    <texture diffuse="icons/diffusehomeicon.png">$INFO[ListItem.label2]</texture>
                </control>
                <control type="image" description="THMBSICONS">
                    <centerleft>180</centerleft>
                    <centertop>117</centertop>
                    <width>287</width>
                    <height>179</height>
                    <texture diffuse="icons/diffusehomeicon.png">$INFO[ListItem.Icon]</texture>
                    <aspectratio scalediffuse="false">scale</aspectratio>
                </control>
                <control type="label" description="label">
					<visible>[!Skin.HasSetting(labelunfo) + [![Skin.HasTheme(Dark)|Skin.HasTheme(White)]]] | [Skin.HasSetting(labelunfo) + [Skin.HasTheme(Dark)|Skin.HasTheme(White)]]</visible>
                    <centerleft>180</centerleft>
                    <top>220</top>
                    <width>368</width>
                    <height>24</height>
                    <font>size28</font>
					<textcolor>icontextunfo</textcolor>
                    <align>center</align>
                    <label>$INFO[ListItem.label]</label>
                </control>				
            </itemlayout>
            <focusedlayout height="265" width="360" condition="Container(9000).Row(0)">
                <control type="group">
					<include condition="Skin.HasSetting(HomeIconZoom)|Skin.HasTheme(Dark)|Skin.HasTheme(White)">HomeIconZoomTop</include>
					<include condition="Skin.HasSetting(HomeIconZoom)|Skin.HasTheme(Dark)|Skin.HasTheme(White)">HomeIconZoomShadow</include>
                    <control type="image" description="color base">
                        <centerleft>180</centerleft>
                        <centertop>117</centertop>
                        <width>287</width>
                        <height>179</height>
                        <texture diffuse="icons/diffusehomeicon.png">$INFO[ListItem.label2]</texture>
                    </control>
                    <control type="image" description="THMBSICONS">
                        <centerleft>180</centerleft>
                        <centertop>117</centertop>
                        <width>287</width>
                        <height>179</height>
                        <texture diffuse="icons/diffusehomeicon.png">$INFO[ListItem.Icon]</texture>
                        <aspectratio scalediffuse="false">scale</aspectratio>
                    </control>
                </control>
                <control type="label" description="label">
                    <animation effect="fade" start="0" end="100" time="180">Focus</animation>
                    <animation effect="fade" start="100" end="0" time="100">unFocus</animation>
                    <centerleft>180</centerleft>
                    <top>220</top>
                    <width>368</width>
                    <height>24</height>
                    <font>size28</font>
					<textcolor>icontext</textcolor>
                    <align>center</align>
                    <label>[B]$INFO[ListItem.label][/B]</label>
                </control>
            </focusedlayout>						
            <focusedlayout height="265" width="360" condition="!Container(9000).Row(0)">			
                <control type="group">
					<include condition="Skin.HasSetting(HomeIconZoom)|Skin.HasTheme(Dark)|Skin.HasTheme(White)">HomeIconZoom</include>
					<include condition="Skin.HasSetting(HomeIconZoom)|Skin.HasTheme(Dark)|Skin.HasTheme(White)">HomeIconZoomShadow</include>	
                    <control type="image" description="color base">
                        <centerleft>180</centerleft>
                        <centertop>117</centertop>
                        <width>287</width>
                        <height>179</height>
                        <texture diffuse="icons/diffusehomeicon.png">$INFO[ListItem.label2]</texture>
                    </control>
                    <control type="image" description="THMBSICONS">
                        <centerleft>180</centerleft>
                        <centertop>117</centertop>
                        <width>287</width>
                        <height>179</height>
                        <texture diffuse="icons/diffusehomeicon.png">$INFO[ListItem.Icon]</texture>
                        <aspectratio scalediffuse="false">scale</aspectratio>
                    </control>
                </control>
                <control type="label" description="label">
                    <animation effect="fade" start="0" end="100" time="180">Focus</animation>
                    <animation effect="fade" start="100" end="0" time="100">unFocus</animation>
                    <centerleft>180</centerleft>
                    <top>236</top>
                    <width>368</width>
                    <height>24</height>
                    <font>size28</font>
					<textcolor>icontext</textcolor>
                    <align>center</align>
                    <label>[B]$INFO[ListItem.label][/B]</label>
                </control>
            </focusedlayout>		
            <content><include>skinshortcuts-mainmenu</include></content>
        </control>
		<include condition="!Skin.HasSetting(HomeIconZoom) + ![Skin.HasTheme(Dark)|Skin.HasTheme(White)]">HomeSlider</include>				
        <control type="group" id="700" description="Shelf items">
			<visible>Container(9000).Row(0)+ !Player.HasVideo</visible>
			<animation effect="fade" start="0" end="100" time="220">Visible</animation>
            <include>homeanimation</include>
            <include>Movies</include>
            <include>Music</include>
            <include>Addons</include>
            <include>Episodes</include>
            <include>Favourites</include>
            <include>Livetv</include>
            <include>appstore_shelf</include>
            <include>General</include>
            <include>ShelfMenu</include>			
            <include>weather_shelf</include>
        </control>
        <control type="group" description="RSS">
            <control type="rss" description="RSS Feed">
                <visible>system.getbool(lookandfeel.enablerssfeeds)</visible>
                <visible>!Skin.HasSetting(NORSS)</visible>
                <include>VisibleFade</include>
                <left>0</left>
                <top>1046</top>
                <width>1920</width>
                <height>33</height>
                <font>size22</font>
                <urlset>1</urlset>
                <shadowcolor>-</shadowcolor>
                <titlecolor>white</titlecolor>
                <headlinecolor>white</headlinecolor>
                <textcolor>gray</textcolor>
            </control>
        </control>
        <control type="group">
            <visible>Player.HasAudio</visible>
            <visible>!IntegerGreaterThan(Player.Time,8) | !IntegerGreaterThan(Player.TimeRemaining,8)</visible>
            <animation effect="slide" end="0,-128" condition="Window.IsActive(DialogExtendedProgressBar.xml)">Conditional</animation>
            <left>1190</left>
            <top>944</top>
            <animation effect="fade" start="0" end="100" time="500">WindowOpen</animation>
            <animation effect="fade" start="100" end="0" time="500">WindowClose</animation>
            <control type="image" description="Dialog BG">
                <width>720</width>
                <height>128</height>
                <texture border="25">images/notification.png</texture>
            </control>
            <control type="image" description="File Icon">
                <left>22</left>
                <centertop>64</centertop>
                <width>90</width>
                <height>90</height>
                <aspectratio>keep</aspectratio>
                <texture>$INFO[MusicPlayer.Cover]</texture>
            </control>
            <control type="grouplist">
                <left>130</left>
                <height>120</height>
                <align>center</align>
                <itemgap>8</itemgap>
                <control type="label" id="401" description="Heading">
                    <width>575</width>
                    <height>20</height>
                    <font>size21</font>
                    <align>left</align>
                    <aligny>center</aligny>
                    <textcolor>black</textcolor>
                    <label>$INFO[MusicPlayer.Title]</label>
                </control>
                <control type="label" id="402" description="Message">
                    <width>575</width>
                    <height>20</height>
                    <font>size21</font>
                    <align>left</align>
                    <aligny>center</aligny>
                    <textcolor>black</textcolor>
                    <shadowcolor>-</shadowcolor>
                    <label>$INFO[MusicPlayer.Artist]</label>
                </control>
                <control type="label" id="402" description="Message">
                    <width>575</width>
                    <height>20</height>
                    <font>size21</font>
                    <align>left</align>
                    <aligny>center</aligny>
                    <textcolor>black</textcolor>
                    <shadowcolor>-</shadowcolor>
                    <label>$INFO[MusicPlayer.Album]</label>
                </control>
            </control>
        </control>
        <control type="label" description="Clock">
            <visible>!System.Date(04-01,04-01) + !Skin.HasSetting(clock)</visible>
            <right>60</right>
            <top>20</top>
            <width>500</width>
            <height>25</height>
            <align>right</align>
            <font>size30</font>
            <shadowcolor>-</shadowcolor>
            <textcolor>white</textcolor>
            <label>$INFO[System.Date(ddd d mmm)] • $INFO[System.Time]</label>
        </control>
        <control type="image">
			<visible>System.HasNetwork</visible>
            <right>20</right>
            <top>17</top>
            <width>30</width>
            <height>30</height>
            <colordiffuse>kodi</colordiffuse>
            <texture>kodi_icon.png</texture>
        </control>
    </controls>
</window>
