<?xml version="1.0" encoding="UTF-8"?>
<includes>

	<variable name="diffusepvrvideo">
        <value condition="Skin.HasTheme(White)">aaffffff</value>
		<value>aa000000</value>
    </variable>	

	<variable name="pvriconlabel">
		<value condition="Skin.HasSetting(PVRicons)">$LOCALIZE[31109]</value>
		<value>$LOCALIZE[31108]</value>	
    </variable>	

	<variable name="ShelfFanart">
		<value condition="Control.HasFocus(311)">$INFO[Container(311).ListItem.Property(fanart_image)]</value>
		<value condition="Control.HasFocus(312)">$INFO[Container(312).ListItem.Property(fanart_image)]</value>
		<value condition="Control.HasFocus(313)">$INFO[Container(313).ListItem.Property(fanart_image)]</value>
		<value condition="Control.HasFocus(317)">$INFO[Container(317).ListItem.Property(fanart_image)]</value>
		<value condition="Control.HasFocus(318)">$INFO[Container(318).ListItem.Property(fanart_image)]</value>		
		<value condition="Control.HasFocus(320)">$INFO[Container(320).ListItem.Property(fanart_image)]</value>		
		<value condition="Control.HasFocus(321)">$INFO[Container(321).ListItem.Property(fanart_image)]</value>
    </variable>	

	<variable name="ShelfMenu">
		<value condition="Control.HasFocus(9010)">$INFO[Container(9010).ListItem.Property(list)]</value>
		<value>$INFO[Container(9000).ListItem.Property(list)]</value>	
    </variable>	

	<variable name="BorderColor">
		<value condition="Skin.HasTheme(White)">borders/DialogBorder-Light.png</value>
		<value>borders/DialogBorder-Dark.png</value>
    </variable>	

	<variable name="HomeColor">
		<value condition="Skin.HasSetting(Black-HomeBG)">ff303030</value>	
		<value condition="Skin.HasSetting(Red-HomeBG)">ff7a0000</value>
		<value condition="Skin.HasSetting(Orange-HomeBG)">ff982b00</value>
		<value condition="Skin.HasSetting(Yellow-HomeBG)">ffd7aC00</value>
		<value condition="Skin.HasSetting(Green-HomeBG)">ff007c09</value>
		<value condition="Skin.HasSetting(Blue-HomeBG)">ff06456e</value>
		<value condition="Skin.HasSetting(Indigo-HomeBG)">ff000e60</value>
		<value condition="Skin.HasSetting(Violet-HomeBG)">ff310096</value>
		<value condition="!IsEmpty(Skin.String(HomeBGcolor))">$INFO[Skin.String(HomeBGcolor)]</value>
		<value>ff06456e</value>
    </variable>	
	
	<variable name="HomePattern">	
        <value condition="!IsEmpty(Skin.String(CustomHomePattern))">$INFO[Skin.String(CustomHomePattern)]</value>	
		<value condition="IsEmpty(Skin.String(CustomHomePattern)) + System.HasAddon(resource.images.tvOS-X) + !System.HasAddon(resource.images.tvOS-X-Big) + ![Skin.HasTheme(Dark)|Skin.HasTheme(White)]">special://home/addons/resource.images.tvOS-X/resources/patterns/default.jpg</value>
		<value condition="IsEmpty(Skin.String(CustomHomePattern)) + System.HasAddon(resource.images.tvOS-X-Big) + ![Skin.HasTheme(Dark)|Skin.HasTheme(White)]">special://home/addons/resource.images.tvOS-X-Big/resources/patterns/default.jpg</value>
		<value condition="IsEmpty(Skin.String(CustomHomePattern)) + Skin.HasTheme(Dark)">special://home/addons/resource.images.tvOS-X/resources/backgrounds/- tvOS/Dark/Sky Clouds.jpg</value>		
		<value condition="IsEmpty(Skin.String(CustomHomePattern)) + Skin.HasTheme(White)">special://home/addons/resource.images.tvOS-X/resources/backgrounds/- tvOS/Light/Sky.jpg</value>
    </variable>		

	<variable name="HomeBG">	
        <value condition="!IsEmpty(Skin.String(CustomBgHome)) + IsEmpty(Container(9000).ListItem.Property(Background)">$INFO[Skin.String(CustomBgHome)]</value>	
		<value condition="IsEmpty(Skin.String(CustomBgHome)) + IsEmpty(Container(9000).ListItem.Property(Background) + ![Skin.HasTheme(Dark)|Skin.HasTheme(White)]">$VAR[HomePattern]</value>
		<value condition="!IsEmpty(Container(9000).ListItem.Property(Background)">$INFO[Container(9000).ListItem.Property(Background)]</value>
		<value condition="IsEmpty(Skin.String(CustomBgHome)) + Skin.HasTheme(Dark)">special://home/addons/resource.images.tvOS-X/resources/backgrounds/- tvOS/Dark/Sky Clouds.jpg</value>
		<value condition="IsEmpty(Skin.String(CustomBgHome)) + Skin.HasTheme(Dark) + IsEmpty(Container(9000).ListItem.Property(Background)">special://home/addons/resource.images.tvOS-X/resources/backgrounds/- tvOS/Dark/Sky Clouds.jpg</value>		
		<value condition="IsEmpty(Skin.String(CustomBgHome)) + Skin.HasTheme(White)">special://home/addons/resource.images.tvOS-X/resources/backgrounds/- tvOS/Light/Sky.jpg</value>
		<value condition="IsEmpty(Skin.String(CustomBgHome)) + Skin.HasTheme(White) + IsEmpty(Container(9000).ListItem.Property(Background)">special://home/addons/resource.images.tvOS-X/resources/backgrounds/- tvOS/Light/Sky.jpg</value>
    </variable>
	
	<variable name="diffusehome">
        <value condition="Skin.HasSetting(homediffuse1)">22000000</value>	
        <value condition="Skin.HasSetting(homediffuse2)">66000000</value>
        <value condition="Skin.HasSetting(homediffuse3)">88000000</value>
        <value condition="Skin.HasSetting(homediffuse4)">99000000</value>
        <value condition="Skin.HasSetting(homediffuse5)">bb000000</value>
		<value>00464646</value>
    </variable>		

	<variable name="OtherColor">
		<value condition="Skin.HasSetting(Black-OtherBG)">ff303030</value>	
		<value condition="Skin.HasSetting(Red-OtherBG)">ff7a0000</value>
		<value condition="Skin.HasSetting(Orange-OtherBG)">ff982b00</value>
		<value condition="Skin.HasSetting(Yellow-OtherBG)">ffd7ac00</value>
		<value condition="Skin.HasSetting(Green-OtherBG)">ff007c09</value>
		<value condition="Skin.HasSetting(Blue-OtherBG)">ff06456e</value>
		<value condition="Skin.HasSetting(Indigo-OtherBG)">ff000e60</value>
		<value condition="Skin.HasSetting(Violet-OtherBG)">ff310096</value>
		<value condition="!String.IsEmpty(OtherBGcolor)">Skin.String(OtherBGcolor)</value>
		<value>$VAR[HomeColor]</value>
    </variable>		
	
	<!--variable name="OtherPattern">	
        <value condition="!IsEmpty(Skin.String(CustomOtherPattern))">$INFO[Skin.String(CustomOtherPattern)]</value>	
		<value condition="IsEmpty(Skin.String(CustomOtherPattern)) + !Skin.HasTheme(White) + System.HasAddon(resource.images.tvOS-X) + !System.HasAddon(resource.images.tvOS-X-Big)">special://home/addons/resource.images.tvOS-X/resources/patterns/default.jpg</value>
		<value condition="IsEmpty(Skin.String(CustomOtherPattern)) + !Skin.HasTheme(White) + System.HasAddon(resource.images.tvOS-X-Big)">special://home/addons/resource.images.tvOS-X-Big/resources/patterns/default.jpg</value>	
		<value condition="IsEmpty(Skin.String(CustomOtherPattern)) + Skin.HasTheme(White)">special://home/addons/resource.images.tvOS-X/resources/backgrounds/default_light.jpg</value>
    </variable-->

	<variable name="OtherPattern">	
        <value condition="!IsEmpty(Skin.String(CustomOtherPattern))">$INFO[Skin.String(CustomOtherPattern)]</value>	
		<value condition="IsEmpty(Skin.String(CustomOtherPattern)) + System.HasAddon(resource.images.tvOS-X) + !System.HasAddon(resource.images.tvOS-X-Big) + ![Skin.HasTheme(Dark)|Skin.HasTheme(White)]">special://home/addons/resource.images.tvOS-X/resources/patterns/default.jpg</value>
		<value condition="IsEmpty(Skin.String(CustomOtherPattern)) + System.HasAddon(resource.images.tvOS-X-Big) + ![Skin.HasTheme(Dark)|Skin.HasTheme(White)]">special://home/addons/resource.images.tvOS-X-Big/resources/patterns/default.jpg</value>
		<value condition="IsEmpty(Skin.String(CustomOtherPattern)) + Skin.HasTheme(Dark)">special://home/addons/resource.images.tvOS-X/resources/backgrounds/- tvOS/Dark/Sky Clouds.jpg</value>		
		<value condition="IsEmpty(Skin.String(CustomOtherPattern)) + Skin.HasTheme(White)">special://home/addons/resource.images.tvOS-X/resources/backgrounds/- tvOS/Light/Sky.jpg</value>
    </variable>		
	
	<variable name="OtherBG">	
        <value condition="!IsEmpty(Skin.String(CustomBgOther))">$INFO[Skin.String(CustomBgOther)]</value>	
        <value condition="!IsEmpty(Skin.String(CustomBgHome))">$INFO[Skin.String(CustomBgHome)]</value>			
		<value condition="IsEmpty(Skin.String(CustomBgOther)) + ![Skin.HasTheme(Dark)|Skin.HasTheme(White)]">$VAR[OtherPattern]</value>
		<value condition="IsEmpty(Skin.String(CustomBgOther)) + Skin.HasTheme(Dark)">special://home/addons/resource.images.tvOS-X/resources/backgrounds/- tvOS/Dark/Sky Clouds.jpg</value>		
		<value condition="IsEmpty(Skin.String(CustomBgOther)) + Skin.HasTheme(White)">special://home/addons/resource.images.tvOS-X/resources/backgrounds/- tvOS/Light/Sky.jpg</value>
    </variable>
	
	<variable name="diffuseother">
        <value condition="Skin.HasSetting(otherdiffuse1)">22000000</value>	
        <value condition="Skin.HasSetting(otherdiffuse2)">66000000</value>
        <value condition="Skin.HasSetting(otherdiffuse3)">88000000</value>
        <value condition="Skin.HasSetting(otherdiffuse4)">99000000</value>
        <value condition="Skin.HasSetting(otherdiffuse5)">bb000000</value>
		<value condition="![Skin.HasSetting(otherdiffuse1) | Skin.HasSetting(otherdiffuse2) | Skin.HasSetting(otherdiffuse3)| Skin.HasSetting(otherdiffuse4) | Skin.HasSetting(otherdiffuse5)]  + !IsEmpty(Skin.String(CustomBgHome)) + IsEmpty(Skin.String(CustomBgOther))">$VAR[diffusehome]</value>
		<value>00464646</value>
    </variable>

	<variable name="DialogColor">
		<value condition="Skin.HasSetting(Black-DialogBG)">ff303030</value>	
		<value condition="Skin.HasSetting(Red-DialogBG)">ff7a0000</value>
		<value condition="Skin.HasSetting(Orange-DialogBG)">ff982b00</value>
		<value condition="Skin.HasSetting(Yellow-DialogBG)">ffd7ac00</value>
		<value condition="Skin.HasSetting(Green-DialogBG)">ff007c09</value>
		<value condition="Skin.HasSetting(Blue-DialogBG)">ff06456e</value>
		<value condition="Skin.HasSetting(Indigo-DialogBG)">ff000e60</value>
		<value condition="Skin.HasSetting(Violet-DialogBG)">ff310096</value>
		<value condition="!String.IsEmpty(DialogBGcolor)">Skin.String(DialogBGcolor)</value>
		<value>$VAR[OtherColor]</value>
    </variable>		
	
	<!--variable name="DialogPattern">	
        <value condition="!IsEmpty(Skin.String(CustomDialogPattern))">$INFO[Skin.String(CustomDialogPattern)]</value>	
		<value condition="IsEmpty(Skin.String(CustomDialogPattern)) + !Skin.HasTheme(White) + System.HasAddon(resource.images.tvOS-X) + !System.HasAddon(resource.images.tvOS-X-Big)">special://home/addons/resource.images.tvOS-X/resources/patterns/default.jpg</value>
		<value condition="IsEmpty(Skin.String(CustomDialogPattern)) + !Skin.HasTheme(White) + System.HasAddon(resource.images.tvOS-X-Big)">special://home/addons/resource.images.tvOS-X-Big/resources/patterns/default.jpg</value>
		<value condition="IsEmpty(Skin.String(CustomDialogPattern)) + Skin.HasTheme(White)">special://home/addons/resource.images.tvOS-X/resources/backgrounds/default_light.jpg</value>
    </variable-->

	<variable name="DialogPattern">	
        <value condition="!IsEmpty(Skin.String(CustomDialogPattern))">$INFO[Skin.String(CustomDialogPattern)]</value>	
		<value condition="IsEmpty(Skin.String(CustomDialogPattern)) + System.HasAddon(resource.images.tvOS-X) + !System.HasAddon(resource.images.tvOS-X-Big) + ![Skin.HasTheme(Dark)|Skin.HasTheme(White)]">special://home/addons/resource.images.tvOS-X/resources/patterns/default.jpg</value>
		<value condition="IsEmpty(Skin.String(CustomDialogPattern)) + System.HasAddon(resource.images.tvOS-X-Big) + ![Skin.HasTheme(Dark)|Skin.HasTheme(White)]">special://home/addons/resource.images.tvOS-X-Big/resources/patterns/default.jpg</value>
		<value condition="IsEmpty(Skin.String(CustomDialogPattern)) + Skin.HasTheme(Dark)">special://home/addons/resource.images.tvOS-X/resources/backgrounds/- tvOS/Dark/Sky Clouds.jpg</value>		
		<value condition="IsEmpty(Skin.String(CustomDialogPattern)) + Skin.HasTheme(White)">special://home/addons/resource.images.tvOS-X/resources/backgrounds/- tvOS/Light/Sky.jpg</value>
    </variable>		
	
	<variable name="DialogBG">	
        <value condition="!IsEmpty(Skin.String(CustomBgDialog))">$INFO[Skin.String(CustomBgDialog)]</value>	
        <value condition="!IsEmpty(Skin.String(CustomBgHome))">$INFO[Skin.String(CustomBgHome)]</value>			
		<value condition="IsEmpty(Skin.String(CustomBgDialog)) + ![Skin.HasTheme(Dark)|Skin.HasTheme(White)]">$VAR[DialogPattern]</value>
		<value condition="IsEmpty(Skin.String(CustomBgDialog)) + Skin.HasTheme(Dark)">special://home/addons/resource.images.tvOS-X/resources/backgrounds/- tvOS/Dark/Sky Clouds.jpg</value>
		<value condition="IsEmpty(Skin.String(CustomBgDialog)) + Skin.HasTheme(White)">special://home/addons/resource.images.tvOS-X/resources/backgrounds/- tvOS/Light/Sky.jpg</value>		
    </variable>
	
	<variable name="diffusedialog">
        <value condition="Skin.HasSetting(dialogdiffuse1)">22000000</value>	
        <value condition="Skin.HasSetting(dialogdiffuse2)">66000000</value>
        <value condition="Skin.HasSetting(dialogdiffuse3)">88000000</value>
        <value condition="Skin.HasSetting(dialogdiffuse4)">99000000</value>
        <value condition="Skin.HasSetting(dialogdiffuse5)">bb000000</value>
		<value>00464646</value>
    </variable>	

	<variable name="diffusefanart">
        <value condition="Skin.HasSetting(fanartdiffuse)+!Skin.HasTheme(White)">ffe8e8e8</value>	
        <value condition="Skin.HasSetting(fanartdiffuse2)+!Skin.HasTheme(White)">ff838383</value>
        <value condition="Skin.HasSetting(fanartdiffuse3)+!Skin.HasTheme(White)">ff525252</value>
        <value condition="Skin.HasSetting(fanartdiffuse4)+!Skin.HasTheme(White)">ff373737</value>
        <value condition="Skin.HasSetting(fanartdiffuse5)+!Skin.HasTheme(White)">ff262626</value>	
		<value condition="!Skin.HasTheme(White)+Control.IsVisible(53)+[![Skin.HasSetting(fanartdiffuse)|Skin.HasSetting(fanartdiffuse2)|Skin.HasSetting(fanartdiffuse3)|Skin.HasSetting(fanartdiffuse4)|Skin.HasSetting(fanartdiffuse5)]]">ff595959</value>
        <value condition="Skin.HasSetting(fanartdiffuse)+Skin.HasTheme(White)">90ffffff</value>	
        <value condition="Skin.HasSetting(fanartdiffuse2)+Skin.HasTheme(White)">60ffffff</value>
        <value condition="Skin.HasSetting(fanartdiffuse3)+Skin.HasTheme(White)">30ffffff</value>
        <value condition="Skin.HasSetting(fanartdiffuse4)+Skin.HasTheme(White)">20ffffff</value>
        <value condition="Skin.HasSetting(fanartdiffuse5)+Skin.HasTheme(White)">10ffffff</value>		
		<value condition="Skin.HasTheme(White)+[![Skin.HasSetting(fanartdiffuse)|Skin.HasSetting(fanartdiffuse2)|Skin.HasSetting(fanartdiffuse3)|Skin.HasSetting(fanartdiffuse4)|Skin.HasSetting(fanartdiffuse5)]]">10ffffff</value>	
		<value>ff404040</value>
    </variable>
	
	<variable name="diffuseshelffanart">
        <value condition="Skin.HasSetting(shelffanartdiffuse)+!Skin.HasTheme(White)">ffe8e8e8</value>	
        <value condition="Skin.HasSetting(shelffanartdiffuse2)+!Skin.HasTheme(White)">ff838383</value>
        <value condition="Skin.HasSetting(shelffanartdiffuse3)+!Skin.HasTheme(White)">ff525252</value>
        <value condition="Skin.HasSetting(shelffanartdiffuse4)+!Skin.HasTheme(White)">ff373737</value>
        <value condition="Skin.HasSetting(shelffanartdiffuse5)+!Skin.HasTheme(White)">ff262626</value>
		<value condition="!Skin.HasTheme(White)+String.IsEqual(Container(9000).ListItem.Property(viewtype),List)+![Skin.HasSetting(shelffanartdiffuse)|Skin.HasSetting(shelffanartdiffuse2)|Skin.HasSetting(shelffanartdiffuse3)|Skin.HasSetting(shelffanartdiffuse4)|Skin.HasSetting(shelffanartdiffuse5)]">ff404040</value>
        <value condition="Skin.HasSetting(shelffanartdiffuse)+Skin.HasTheme(White)">90ffffff</value>	
        <value condition="Skin.HasSetting(shelffanartdiffuse2)+Skin.HasTheme(White)">60ffffff</value>
        <value condition="Skin.HasSetting(shelffanartdiffuse3)+Skin.HasTheme(White)">30ffffff</value>
        <value condition="Skin.HasSetting(shelffanartdiffuse4)+Skin.HasTheme(White)">20ffffff</value>
        <value condition="Skin.HasSetting(shelffanartdiffuse5)+Skin.HasTheme(White)">10ffffff</value>
		<value condition="Skin.HasTheme(White)+[![Skin.HasSetting(shelffanartdiffuse)|Skin.HasSetting(shelffanartdiffuse2)|Skin.HasSetting(shelffanartdiffuse3)|Skin.HasSetting(shelffanartdiffuse4)|Skin.HasSetting(shelffanartdiffuse5)]]">20ffffff</value>
		<value>ff595959</value>
    </variable>	
	
<!--
	<variable name="diffusedialog">
        <value condition="Skin.HasSetting(dialogdiffuse1)">22000000</value>	
        <value condition="Skin.HasSetting(dialogdiffuse2)">66000000</value>
        <value condition="Skin.HasSetting(dialogdiffuse3)">88000000</value>
        <value condition="Skin.HasSetting(dialogdiffuse4)">99000000</value>
        <value condition="Skin.HasSetting(dialogdiffuse5)">BB000000</value>
		<value condition="![Skin.HasSetting(dialogdiffuse1) | Skin.HasSetting(dialogdiffuse2) | Skin.HasSetting(dialogdiffuse3)| Skin.HasSetting(dialogdiffuse4) | Skin.HasSetting(dialogdiffuse5)]  + !IsEmpty(Skin.String(CustomBgHome)) + IsEmpty(Skin.String(CustomBgOther))">$VAR[diffusehome]</value>
		<value>00464646</value>
    </variable>		
-->	
	<variable name="bannercolor">
        <value condition="Skin.HasSetting(graybanner)">66555555</value><!-- Sio2 Default -->
        <value condition="Skin.HasSetting(redbanner)">666C0000</value>
        <value condition="Skin.HasSetting(orangebanner)">66a50000</value>
        <value condition="Skin.HasSetting(yellowbanner)">66b09113</value>
        <value condition="Skin.HasSetting(greenbanner)">66007732</value>
        <value condition="Skin.HasSetting(bluebanner)">66005484</value>
        <value condition="Skin.HasSetting(indigobanner)">66150071</value>
        <value condition="Skin.HasSetting(violetbanner)">664300a7</value>
		<value condition="Skin.HasTheme(Dark)+[![Skin.HasSetting(graybanner)|Skin.HasSetting(redbanner)|Skin.HasSetting(orangebanner)|Skin.HasSetting(yellowbanner)|Skin.HasSetting(greenbanner)|Skin.HasSetting(bluebanner)|Skin.HasSetting(indigobanner)|Skin.HasSetting(violetbanner)]]">66555555</value><!-- Sio2 Default - Dark Theme -->
		<value condition="Skin.HasTheme(White)+[![Skin.HasSetting(graybanner)|Skin.HasSetting(redbanner)|Skin.HasSetting(orangebanner)|Skin.HasSetting(yellowbanner)|Skin.HasSetting(greenbanner)|Skin.HasSetting(bluebanner)|Skin.HasSetting(indigobanner)|Skin.HasSetting(violetbanner)]]">66FFFFFF</value><!-- Sio2 Default - White Theme -->	
		<value>77000000</value>
    </variable>	

	<variable name="bannercolor2"><!-- Video OSD + OSDinfo Menu -->
        <value condition="Skin.HasSetting(graybanner)">bb555555</value><!-- Sio2 Default -->
        <value condition="Skin.HasSetting(redbanner)">bb6C0000</value>
        <value condition="Skin.HasSetting(orangebanner)">bbA50000</value>
        <value condition="Skin.HasSetting(yellowbanner)">bbB09113</value>
        <value condition="Skin.HasSetting(greenbanner)">bb007732</value>
        <value condition="Skin.HasSetting(bluebanner)">bb005484</value>
        <value condition="Skin.HasSetting(indigobanner)">bb150071</value>
        <value condition="Skin.HasSetting(violetbanner)">bb4300A7</value>
		<value condition="Skin.HasTheme(White)">bb555555</value><!-- Sio2 Default -->
		<value>bb000000</value>
    </variable>		

<!--	
	<variable name="ContextMenu">				
		<value condition="!Skin.HasTheme(White)">images/ContextMenu-Dark.png</value>
		<value condition="Skin.HasTheme(White)">images/ContextMenu-White.png</value>		
    </variable>	
-->	
	<variable name="ContextMenu">
        <value condition="!IsEmpty(Skin.String(CustomBgOther))">$INFO[Skin.String(CustomBgOther)]</value>	
        <value condition="!IsEmpty(Skin.String(CustomBgHome))">$INFO[Skin.String(CustomBgHome)]</value>			
		<value condition="IsEmpty(Skin.String(CustomBgOther)) + !Skin.HasTheme(White)">$VAR[OtherPattern]</value>
		<value condition="IsEmpty(Skin.String(CustomBgOther)) + Skin.HasTheme(White)">special://home/addons/resource.images.tvOS-X/resources/backgrounds/default_light.jpg</value>	
	
<!--	

LATEST
        <value condition="!IsEmpty(Skin.String(CustomBgDialog))">$INFO[Skin.String(CustomBgDialog)]</value>
		<value condition="IsEmpty(Skin.String(CustomBgDialog)) + !Skin.HasTheme(White)">$VAR[OtherBG]</value>


---------------
        <value condition="!IsEmpty(Skin.String(CustomBgOther))">$INFO[Skin.String(CustomBgOther)]</value>	
        <value condition="!IsEmpty(Skin.String(CustomBgHome))">$INFO[Skin.String(CustomBgHome)]</value>			
		<value condition="IsEmpty(Skin.String(CustomBgOther)) + Skin.HasTheme(White)">special://home/addons/resource.images.tvOS-X/resources/backgrounds/default_light.jpg</value>
-->	


		
    </variable>		
	
	
	
	<variable name="filebrowserthumb">
        <value condition="SubString(Control.GetLabel(412),jpg) | SubString(Control.GetLabel(412),png) | SubString(Control.GetLabel(412),gif)">$INFO[Control.GetLabel(412)]</value>
        <value>$INFO[ListItem.Icon]</value>
    </variable>	

    <variable name="WatchStatus">
        <value condition="ListItem.IsResumable + !Control.IsVisible(53)">inprogress.png</value>
        <value>$INFO[ListItem.Overlay]</value>
    </variable>

    <variable name="RootLabel" description="Windows Name and Items details">
        <value condition="Container.content(movies) + String.IsEqual(Container.FolderName,$LOCALIZE[369])">$LOCALIZE[20342]</value>
        <value condition="Container.content(tvshows) + String.IsEqual(Container.FolderName,$LOCALIZE[369])">$LOCALIZE[20343]</value>
        <value condition="Container.content(musicvideos) + String.IsEqual(Container.FolderName,$LOCALIZE[369])">$LOCALIZE[20389]</value>
        <value condition="Window.IsActive(AddonBrowser.xml) + String.IsEmpty(Container.FolderName)">$LOCALIZE[31037]</value>
        <value condition="Window.IsActive(MyVideoPlaylist.xml)">$LOCALIZE[20012]</value>
        <value condition="Window.IsActive(MyMusicPlaylist.xml)">$LOCALIZE[20011]</value>
        <value condition="Window.IsActive(DialogVideoInfo.xml)">$LOCALIZE[20159]</value>
        <value condition="Window.IsActive(DialogAlbumInfo.xml) + container.content(albums)">$LOCALIZE[13351]</value>
        <value condition="Window.IsActive(DialogAlbumInfo.xml) + container.content(artists)">$LOCALIZE[21891]</value>
        <value condition="Window.IsActive(DialogSongInfo.xml) + container.content(songs)">$LOCALIZE[658]</value>
        <value condition="Window.IsActive(DialogAddonInfo.xml)">$LOCALIZE[24003]</value>
        <value condition="Window.IsActive(weather)">$INFO[Window(Weather)]</value>
        <value condition="Window.IsActive(MyPics.xml)">$LOCALIZE[1]</value>
        <value condition="Window.IsActive(MyPrograms.xml)">$LOCALIZE[0]</value>
        <value condition="Window.IsActive(MyPVR.xml) + [Control.HasFocus(13) | Control.HasFocus(34) | Control.HasFocus(14) | Control.HasFocus(35) | Control.HasFocus(17) | Control.HasFocus(36)]">$INFO[Control.GetLabel(29)]</value>
        <value condition="Window.IsActive(MyPVR.xml)">$INFO[Control.GetLabel(30)]</value>
        <value>$INFO[Container.FolderName]</value>
    </variable>

    <variable name="TopLabel" description="Infos">
        <value condition="!Container.content(Addons) + Window.IsActive(MyPics.xml)">$INFO[ListItem.Date,, • ]$INFO[ListItem.Size]</value>
        <value condition="Container.content(Albums)">$INFO[ListItem.Label]</value>
        <value condition="Container.Content(Episodes)">$INFO[ListItem.Premiered,, • ]$INFO[ListItem.Duration,, $LOCALIZE[12391]]</value>
        <value condition="Container.Content(Addons)">$INFO[ListItem.Property(Addon.Creator),  ]</value>
        <value condition="Container.Content(songs)">$INFO[ListItem.Album]</value>
        <value condition="Container.Content(MusicVideos)">$INFO[ListItem.Label]</value>
        <value condition="Container.Content(Movies) + ListItem.IsCollection">$INFO[ListItem.Year]</value>
        <value condition="Container.Content(Movies) + String.IsEmpty(ListItem.Trailer)">$INFO[ListItem.Year,, • ]$INFO[ListItem.Duration,, $LOCALIZE[31038]]$VAR[MPAAS, • Rated ]</value>
        <value condition="Container.Content(Movies) + !String.IsEmpty(ListItem.Trailer)">$INFO[ListItem.Year,, • ]$INFO[ListItem.Duration,, $LOCALIZE[31038]] • $LOCALIZE[20410, • ]$VAR[MPAAS, • Rated ]</value>
        <value condition="Container.Content(Seasons) | Container.Content(TVShows)">$INFO[ListItem.Year,, • ]$INFO[ListItem.Property(TotalEpisodes),, $LOCALIZE[20453]]$INFO[ListItem.MPAA, • ]</value>
        <value>$INFO[ListItem.Label2]</value>
    </variable>

    <variable name="MPAAS">
        <value condition="substring(ListItem.MPAA,TV)">$INFO[ListItem.MPAA]</value>
        <value condition="substring(ListItem.MPAA,PG-13)">PG-13</value>
        <value condition="substring(ListItem.MPAA,Rated R)">R</value>
        <value condition="substring(ListItem.MPAA,PG)">PG</value>
        <value condition="substring(ListItem.MPAA,NC-17)">NC-17</value>
        <value condition="substring(ListItem.MPAA,G)">G</value>
        <value>NA</value>
    </variable>

    <variable name="Plots">
        <value condition="Container.Content(Addons) + !String.IsEmpty(ListItem.AddonDescription)">$INFO[ListItem.AddonDescription]</value>
        <value condition="SubString(ListItem.IsCollection)">$LOCALIZE[20457]</value>
        <value condition="[Container.Content(Movies) | Container.Content(TVShows) | Container.Content(Episodes)] + !String.IsEmpty(ListItem.Plot)">$INFO[ListItem.Plot]</value>
        <value condition="Container.Content(Seasons) + !String.IsEmpty(Container.ShowPlot)">$INFO[Container.ShowPlot]</value>
        <value condition="Container.Content(albums) + !String.IsEmpty(ListItem.Property(Album_Description))">$INFO[ListItem.Property(Album_Description)]</value>
        <value condition="Container.Content(artists) + !String.IsEmpty(ListItem.Property(Artist_Description))">$INFO[ListItem.Property(Artist_Description)]</value>
        <value condition="!String.IsEmpty(ListItem.Plot)">$INFO[ListItem.Plot]</value>
    </variable>

    <variable name="pvrosd" description="pvrOSDchoiche">
        <value condition="Skin.HasSetting(osdch)">$LOCALIZE[19069]</value>
        <value >$LOCALIZE[19019]</value>
    </variable>

    <variable name="nowplay">
        <value condition="Pvr.IsPlayingTV">$INFO[]</value>
        <value condition="String.IsEmpty(Player.Art(tvshow.poster))">$INFO[VideoPlayer.Cover]</value>
        <value>$INFO[Player.Art(tvshow.poster)]</value>
    </variable>

    <variable name="fanart">
        <value condition="String.IsEmpty(ListItem.Art(fanart)) | Container.Content(Albums) | Container.Content(episodes)">$INFO[ListItem.Icon]</value>
        <value>$INFO[ListItem.Art(fanart)]</value>
    </variable>

    <variable name="movieshelf">
        <value condition="String.IsEqual(Container(9000).ListItem.Property(defaultID),movies) + String.IsEqual(Skin.String(moviesshelf),WL)">special://skin/playlists/inprogress_movies.xsp</value>
        <value condition="String.IsEqual(Container(9000).ListItem.Property(defaultID),movies) + String.IsEqual(Skin.String(moviesshelf),RND)">special://skin/playlists/random_movies.xsp</value>
        <value condition="String.IsEqual(Container(9000).ListItem.Property(defaultID),movies)">videodb://recentlyaddedmovies/</value>
</variable>

    <variable name="epshelf">
        <value condition="String.IsEqual(Container(9000).ListItem.Property(defaultID),episodes) + StringCompare(Skin.String(TVshelf),1)">special://skin/playlists/random_episodes.xsp</value>
        <value condition="String.IsEqual(Container(9000).ListItem.Property(defaultID),episodes) + StringCompare(Skin.String(TVshelf),2)">plugin://service.library.data.provider?type=recommendedepisodes&limit=18&reload=$INFO[Window.Property(recommendedepisodes)]</value>
        <value condition="String.IsEqual(Container(9000).ListItem.Property(defaultID),episodes)">videodb://recentlyaddedepisodes</value>
    </variable>

    <variable name="musicshelf">
        <value condition="String.IsEqual(Container(9000).ListItem.Property(defaultID),music) + String.IsEqual(Skin.String(musicshelf),artists) + Library.HasContent(Music)">special://skin/playlists/random_albums.xsp</value>
        <value condition="String.IsEqual(Container(9000).ListItem.Property(defaultID),music) + String.IsEqual(Skin.String(musicshelf),albums) + Library.HasContent(Music)">musicdb://recentlyplayedalbums/</value>
        <value condition="String.IsEqual(Container(9000).ListItem.Property(defaultID),music) + Library.HasContent(Music)">musicdb://recentlyaddedalbums/</value>
    </variable>

    <variable name="squareshelf">
        <value condition="String.IsEqual(Container(9000).ListItem.Property(defaultID),addons)">addons://recently_updated/</value>
    </variable>

    <variable name="shelflabel">
        <!--UPCOMINGMOVIES-->
        <value condition="String.IsEqual(Container(9000).ListItem.Property(defaultID),upcomingmovies) + String.IsEqual(Skin.String(theatersshelf),1)">Popular Movies</value>
        <value condition="String.IsEqual(Container(9000).ListItem.Property(defaultID),upcomingmovies) + String.IsEqual(Skin.String(theatersshelf),2)">Upcoming Movies</value>
        <value condition="String.IsEqual(Container(9000).ListItem.Property(defaultID),upcomingmovies)">Movies in Theaters</value>
        <!--MOVIES-->
        <value condition="String.IsEqual(Container(9000).ListItem.Property(defaultID),movies) + String.IsEqual(Skin.String(moviesshelf),WL)">$LOCALIZE[31046]</value>
        <value condition="String.IsEqual(Container(9000).ListItem.Property(defaultID),movies) + String.IsEqual(Skin.String(moviesshelf),RND)">$LOCALIZE[590]</value>
        <value condition="String.IsEqual(Container(9000).ListItem.Property(defaultID),movies) + String.IsEqual(Skin.String(moviesshelf),)">$LOCALIZE[20386]</value>
        <!--TV-->
        <value condition="String.IsEqual(Container(9000).ListItem.Property(defaultID),episodes) + StringCompare(Skin.String(TVshelf),2)">$LOCALIZE[31048]</value>
        <value condition="String.IsEqual(Container(9000).ListItem.Property(defaultID),episodes) + StringCompare(Skin.String(TVshelf),1)">$LOCALIZE[590]</value>
        <value condition="String.IsEqual(Container(9000).ListItem.Property(defaultID),episodes)">$LOCALIZE[20387]</value>
        <!--MUSIC-->
        <value condition="String.IsEqual(Container(9000).ListItem.Property(defaultID),music) + Library.HasContent(Music) + StringCompare(Skin.String(musicshelf),albums)">$LOCALIZE[517]</value>
        <value condition="String.IsEqual(Container(9000).ListItem.Property(defaultID),music) + Library.HasContent(Music) + StringCompare(Skin.String(musicshelf),artists)">$LOCALIZE[590]</value>
        <value condition="String.IsEqual(Container(9000).ListItem.Property(defaultID),music) + Library.HasContent(Music)">$LOCALIZE[359]</value>
        <!--ADDONS-->
        <!--todo label-->
        <!--<value condition="String.IsEqual(Container(9000).ListItem.Property(defaultID),addons) + Skin.HasSetting(AddonsShelf_Custom)">$LOCALIZE[31051]</value>-->
        <!--<value condition="String.IsEqual(Container(9000).ListItem.Property(defaultID),addons) + StringCompare(Skin.String(addonsshelf),1)">$LOCALIZE[1038] </value>-->
        <!--<value condition="String.IsEqual(Container(9000).ListItem.Property(defaultID),addons) + StringCompare(Skin.String(addonsshelf),2)">$LOCALIZE[1043] </value>-->
        <!--<value condition="String.IsEqual(Container(9000).ListItem.Property(defaultID),addons) + StringCompare(Skin.String(addonsshelf),3)">$LOCALIZE[1039] </value>-->
        <value condition="String.IsEqual(Container(9000).ListItem.Property(defaultID),addons)">Recently Updated Addons</value>
        <!--PICTURES-->
        <value condition="Container(9000).HasFocus(344)"> </value>
        <!--LIVETV(RECORDINGS)-->
        <value condition="Container(9000).HasFocus(355)"> </value>
        <!--GENERAL-->
        <value>$INFO[Control.GetLabel(9000)]</value>
    </variable>

    <variable name="audiochannels">
        <value condition="String.IsEqual(ListItem.AudioChannels,8)">7.1</value>
        <value condition="String.IsEqual(ListItem.AudioChannels,6)">5.1</value>
        <value condition="String.IsEqual(ListItem.AudioChannels,5)">4.1</value>
        <value condition="String.IsEqual(ListItem.AudioChannels,3)">2.1</value>
        <value condition="String.IsEqual(ListItem.AudioChannels,2)">STEREO</value>
        <value>$INFO[ListItem.AudioChannels]</value>
    </variable>

    <variable name="infosuggestions">
        <value condition="Container.Content(movies)">plugin://script.extendedinfo?info=similarmovies&amp;&amp;dbid=$INFO[ListItem.DBID]&amp;&amp;limit=20</value>
        <value condition="Container.Content(tvshows) | Container.Content(episodes)">special://skin/playlists/random_tvshows.xsp</value>
    </variable>

    <variable name="locandine">
        <value condition="Container.Content(episodes)">$INFO[ListItem.Art(thumb)]</value>
        <value condition="!String.IsEmpty(ListItem.Art(season.poster))">$INFO[ListItem.Art(season.poster)]</value>
        <value condition="!String.IsEmpty(ListItem.Art(poster))">$INFO[ListItem.Art(poster)]</value>
        <value condition="Container.Content(studios)">resource://resource.images.studios.white/$INFO[ListItem.Label,,.png]</value>
        <value condition="Container.Content(years)">DefaultYear_Blank.png</value>
        <value condition="Container.Content(countries)">DefaultCountry_.png</value>
        <!--value condition="Container.Content(genres) + Window.IsActive(Music)">special://home/addons/sio2x.extrapack/music_extrapack/$INFO[ListItem.Label].jpg</value-->
        <value>$INFO[ListItem.Icon]</value>
    </variable>

</includes>
