<?xml version="1.0" encoding="UTF-8"?>
<window id="120">
    <defaultcontrol always="true">200</defaultcontrol>
    <include>OpenClose</include>
    <controls>
        <control type="grouplist" id="666" description="fakecontrol">
            <orientation>horizontal</orientation>
            <top>200</top>
            <centerleft>960</centerleft>
            <align>center</align>
            <width>1920</width>
            <onup>noop</onup>
            <ondown>102</ondown>
            <onright>noop</onright>
            <onleft>noop</onleft>
            <itemgap>30</itemgap>
            <control type="button" id="100">
                <enable>MusicPlayer.HasPrevious</enable>
                <width>540</width>
                <height>540</height>
                <texturefocus>-</texturefocus>
                <onclick>Playlist.PlayOffset(-1)</onclick>
                <onclick>right</onclick>
            </control>
            <control type="button" id="200">
                <width>600</width>
                <height>600</height>
                <texturefocus>-</texturefocus>
            </control>
            <control type="button" id="300">
                <enable>MusicPlayer.HasNext</enable>
                <width>540</width>
                <height>540</height>
                <texturefocus>-</texturefocus>
                <onclick>Playlist.PlayOffset(1)</onclick>
                <onclick>left</onclick>
            </control>
        </control>
        <control type="grouplist" id="777">
            <orientation>horizontal</orientation>
            <top>160</top>
            <centerleft>960</centerleft>
            <align>center</align>
            <width>1920</width>
            <itemgap>50</itemgap>
            <control type="group">
                <width>540</width>
                <animation condition="!Control.HasFocus(102) + Container(666).Position(0)" effect="zoom" center="300,270" start="100" end="105" time="150" tween="Back" easing="Out">Conditional</animation>
                <animation condition="Control.HasFocus(102) | !Container(666).Position(0)" effect="zoom" start="105" end="100" time="120" center="300,270" >Conditional</animation>
                <control type="image">
                    <width>540</width>
                    <height>540</height>
                    <texture>$INFO[MusicPlayer.offset(-1).Cover]</texture>
                </control>
                <control type="label">
                    <top>550</top>
                    <height>40</height>
                    <width>540</width>
                    <align>center</align>
                    <font>size30B</font>
                    <label>$INFO[MusicPlayer.offset(-1).Title]</label>
                </control>
                <control type="textbox">
                    <top>590</top>
                    <height>60</height>
                    <width>540</width>
                    <align>center</align>
                    <font>font12</font>
                    <label>[B]$INFO[MusicPlayer.offset(-1).Artist]$INFO[MusicPlayer.offset(-1).Album, -- ][/B]</label>
                </control>
            </control>
            <control type="group">
                <width>540</width>
                <animation condition="!Control.HasFocus(102) + Container(666).Position(1)" effect="zoom" center="300,270" start="100" end="105" time="150" tween="Back" easing="Out">Conditional</animation>
                <animation condition="Control.HasFocus(102) | !Container(666).Position(1)" effect="zoom" center="300,270" start="105" end="100" time="120" >Conditional</animation>
                <control type="image">
                    <width>540</width>
                    <height>540</height>
                    <texture>$INFO[MusicPlayer.Cover]</texture>
                </control>
                <control type="label">
                    <top>550</top>
                    <height>40</height>
                    <width>540</width>
                    <align>center</align>
                    <font>size30B</font>
                    <label>$INFO[MusicPlayer.Title]</label>
                </control>
                <control type="textbox">
                    <top>590</top>
                    <height>60</height>
                    <width>540</width>
                    <align>center</align>
                    <font>font12</font>
                    <label>[B]$INFO[MusicPlayer.Artist]$INFO[MusicPlayer.Album, -- ][/B]</label>
                </control>
            </control>
            <control type="group">
                <width>540</width>
                <animation condition="!Control.HasFocus(102) + Container(666).Position(2)" effect="zoom" center="300,270" start="100" end="105" time="150" tween="Back" easing="Out">Conditional</animation>
                <animation condition="Control.HasFocus(102) | !Container(666).Position(2)" effect="zoom" start="105" end="100" time="120" center="300,270" >Conditional</animation>
                <control type="image">
                    <width>540</width>
                    <height>540</height>
                    <texture>$INFO[MusicPlayer.offset(1).Cover]</texture>
                </control>
                <control type="label">
                    <top>550</top>
                    <height>40</height>
                    <width>540</width>
                    <align>center</align>
                    <font>size30B</font>
                    <label>$INFO[MusicPlayer.offset(1).Title]</label>
                </control>
                <control type="textbox">
                    <top>590</top>
                    <height>60</height>
                    <width>540</width>
                    <align>center</align>
                    <font>font12</font>
                    <label>[B]$INFO[MusicPlayer.offset(1).Artist]$INFO[MusicPlayer.offset(1).Album, -- ][/B]</label>
                </control>
            </control>
        </control>
        <control type="group" id="101">
            <top>990</top>
            <!--<control type="image">-->
                <!--<width>1920</width>-->
                <!--<height>100</height>-->
                <!--<aspectratio>stretch</aspectratio>-->
                <!--<texture border="8" colordiffuse="cc999999">images/White.png</texture>-->
            <!--</control>-->
            <control type="list" id="102">
                <centerleft>960</centerleft>
                <onright>102</onright>
                <onleft>102</onleft>
                <onup>200</onup>
                <ondown>noop</ondown>
                <onright>noop</onright>
                <onlet>noop</onlet>
                <width>1200</width>
                <height>80</height>
                <orientation>horizontal</orientation>
                <itemlayout width="90">
                    <control type="image">
                        <left>0</left>
                        <top>0</top>
                        <width>90</width>
                        <height>98</height>
                        <texture colordiffuse="dimgray">$INFO[ListItem.Art(thumb)]</texture>
                    </control>
                </itemlayout>
                <focusedlayout width="90">
                    <control type="image">
                        <left>0</left>
                        <top>0</top>
                        <width>90</width>
                        <height>98</height>
                        <texture>$INFO[ListItem.thumb]</texture>
                    </control>
                </focusedlayout>
                <content>
                    <item id="2">
                        <visible>!Playlist.IsRepeatOne + !Playlist.IsRepeat</visible>
                        <thumb>MusicOSD/OSDRepeat.png</thumb>
                        <onclick>XBMC.PlayerControl(Repeat)</onclick>
                    </item>
                    <item id="2">
                        <thumb>MusicOSD/OSDRepeatOne.png</thumb>
                        <onclick>XBMC.PlayerControl(Repeat)</onclick>
                        <visible>Playlist.IsRepeatOne</visible>
                    </item>
                    <item id="2">
                        <thumb>MusicOSD/OSDRepeatAll.png</thumb>
                        <onclick>XBMC.PlayerControl(Repeat)</onclick>
                        <visible>Playlist.IsRepeat</visible>
                    </item>
                    <item id="3">
                        <thumb>Seekbar/OSDPrevious.png</thumb>
                        <onclick>Playlist.PlayOffset(-1)</onclick>
                    </item>
                    <item id="4">
                        <thumb>Seekbar/OSDRW.png</thumb>
                        <onclick>PlayerControl(Rewind)</onclick>
                    </item>
                    <item id="5">
                        <visible>!Player.Paused + !Player.Forwarding + !Player.Rewinding</visible>
                        <thumb>Seekbar/OSDPause.png</thumb>
                        <onclick>PlayerControl(Play)</onclick>
                    </item>
                    <item id="5">
                        <visible>Player.Paused | Player.Forwarding | Player.Rewinding</visible>
                        <thumb>Seekbar/OSDPlay.png</thumb>
                        <onclick>PlayerControl(Play)</onclick>
                    </item>
                    <item id="6">
                        <thumb>Seekbar/OSDStop.png</thumb>
                        <onclick>PlayerControl(Stop)</onclick>
                    </item>
                    <item id="7">
                        <thumb>Seekbar/OSDFW.png</thumb>
                        <onclick>PlayerControl(Forward)</onclick>
                    </item>
                    <item id="8">
                        <thumb>Seekbar/OSDNext.png</thumb>
                        <onclick>Playlist.PlayOffset(1)</onclick>
                    </item>
                    <item id="9">
                        <visible>Playlist.IsRandom</visible>
                        <thumb>MusicOSD/OSDRandomOn.png</thumb>
                        <onclick>PlayerControl(Random)</onclick>
                    </item>
                    <item id="9">
                        <visible>!Playlist.IsRandom</visible>
                        <thumb>MusicOSD/OSDRandomOff.png</thumb>
                        <onclick>PlayerControl(Random)</onclick>
                    </item>
                    <!--TODO ITEMS-->
                    <item id="11">
                        <thumb>MusicOSD/OSDfanart.png</thumb>
                        <onclick>Skin.ToggleSetting(MusicPlayingFanart)</onclick>
                    </item>
                    <!--settings vis-->
                    <item id="12">
                        <thumb>MusicOSD/OSDvizsetting.png</thumb>
                        <onclick>Addon.Default.OpenSettings(xbmc.player.musicviz)</onclick>
                    </item>
                    <!--preset-->
                    <item id="13">
                        <thumb>MusicOSD/OSDvizpreset.png</thumb>
                        <onclick>ActivateWindow(122)</onclick>
                    </item>
                    <!--codec-->
                    <item id="14">
                        <thumb>MusicOSD/OSDcodec.png</thumb>
                        <onclick>PlayerProcessInfo</onclick>
                    </item>
                </content>
            </control>
        </control>
    </controls>
</window>
