<?xml version="1.0" encoding="UTF-8"?>
<window>
    <include>WindowOpenClose</include>
    <defaultcontrol always="true">9000</defaultcontrol>
    <controls>
        <control type="group" id="100">
            <control type="label" id="110">
                <font>-</font>
            </control>
            <control type="label" id="120">
                <font>-</font>
            </control>
            <control type="label" id="130">
                <font>-</font>
            </control>
            <control type="label" id="140">
                <font>-</font>
            </control>
            <control type="label" id="150">
                <font>-</font>
            </control>
            <control type="label" id="160">
                <font>-</font>
            </control>
            <control type="label" id="170">
                <font>-</font>
            </control>
            <control type="label" id="180">
                <font>-</font>
            </control>
            <control type="label" id="210">
                <font>-</font>
            </control>
            <control type="label" id="220">
                <font>-</font>
            </control>
            <control type="label" id="230">
                <font>-</font>
            </control>
            <include>OtherBackground</include>
            <control type="group">
                <animation effect="fade" start="100" end="0" time="200" condition="Window.IsVisible(script-globalsearch-infodialog.xml)">Conditional</animation>
                <control type="label" id="190">
                    <top>40</top>
                    <width>380</width>
                    <height>55</height>
                    <aligny>center</aligny>
                    <font>font13</font>
                    <label></label>
                </control>
                <control type="label" id="191">
                    <top>70</top>
                    <width>380</width>
                    <height>55</height>
                    <aligny>center</aligny>
                    <font>font13</font>
                    <label></label>
                </control>
                <control type="button" id="198">
                    <top>40</top>
                    <width>462</width>
                    <height>80</height>
                    <align>left</align>
                    <aligny>center</aligny>
                    <font>font14</font>
                    <onup>9000</onup>
                    <animation>Focus</animation>
                    <animation>unFocus</animation>
                    <ondown>9000</ondown>
                    <onleft>101</onleft>
                    <onright>101</onright>
                </control>
                <control type="group">
                    <control type="panel" id="9000">
                        <left>10</left>
                        <top>140</top>
                        <width>462</width>
                        <height>840</height>
                        <movement>6</movement>
                        <onup>198</onup>
                        <ondown>198</ondown>
                        <onleft>101</onleft>
                        <onright>101</onright>
                        <scrolltime tween="cubic" easing="out">500</scrolltime>
                        <itemlayout height="80" width="462">
                            <control type="label">
                                <left>104</left>
                                <height>80</height>
                                <width>560</width>
                                <aligny>center</aligny>
                                <textcolor>darktext</textcolor>
                                <label>$INFO[ListItem.Label]</label>
                            </control>
                        </itemlayout>
                        <focusedlayout height="80" width="462">
                            <control type="group">
                                <control type="image">
                                    <width>462</width>
                                    <height>80</height>
                                    <texture border="8">images/White.png</texture>
                                </control>
                            </control>
                            <control type="label">
                                <left>104</left>
                                <height>80</height>
                                <width>560</width>
                                <aligny>center</aligny>
                                <textcolor>darktext</textcolor>
                                <label>$INFO[ListItem.Label]</label>
                            </control>
                        </focusedlayout>
                        <content>
                            <item id="1">
                                <label>$LOCALIZE[342]</label>
                                <label2>$LOCALIZE[283]$INFO[Control.GetLabel(110),: ]</label2>
                                <thumb>globalsearch-icon-movies.png</thumb>
                                <onclick>noop</onclick>
                                <visible>Control.IsVisible(119)</visible>
                            </item>
                            <item id="2">
                                <label>$LOCALIZE[20343]</label>
                                <label2>$LOCALIZE[283]$INFO[Control.GetLabel(120),: ]</label2>
                                <thumb>globalsearch-icon-tvshows.png</thumb>
                                <onclick>noop</onclick>
                                <visible>Control.IsVisible(129)</visible>
                            </item>
                            <item id="3">
                                <label>$LOCALIZE[33054]</label>
                                <label2>$LOCALIZE[283]$INFO[Control.GetLabel(130),: ]</label2>
                                <thumb>globalsearch-icon-seasons.png</thumb>
                                <onclick>noop</onclick>
                                <visible>Control.IsVisible(139)</visible>
                            </item>
                            <item id="4">
                                <label>$LOCALIZE[20360]</label>
                                <label2>$LOCALIZE[283]$INFO[Control.GetLabel(140),: ]</label2>
                                <thumb>globalsearch-icon-episodes.png</thumb>
                                <onclick>noop</onclick>
                                <visible>Control.IsVisible(149)</visible>
                            </item>
                            <item id="5">
                                <label>$LOCALIZE[20389]</label>
                                <label2>$LOCALIZE[283]$INFO[Control.GetLabel(150),: ]</label2>
                                <thumb>globalsearch-icon-musicvideos.png</thumb>
                                <onclick>noop</onclick>
                                <visible>Control.IsVisible(159)</visible>
                            </item>
                            <item id="6">
                                <label>$LOCALIZE[133]</label>
                                <label2>$LOCALIZE[283]$INFO[Control.GetLabel(160),: ]</label2>
                                <thumb>globalsearch-icon-artists.png</thumb>
                                <onclick>noop</onclick>
                                <visible>Control.IsVisible(169)</visible>
                            </item>
                            <item id="7">
                                <label>$LOCALIZE[132]</label>
                                <label2>$LOCALIZE[283]$INFO[Control.GetLabel(170),: ]</label2>
                                <thumb>globalsearch-icon-albums.png</thumb>
                                <onclick>noop</onclick>
                                <visible>Control.IsVisible(179)</visible>
                            </item>
                            <item id="8">
                                <label>$LOCALIZE[134]</label>
                                <label2>$LOCALIZE[283]$INFO[Control.GetLabel(180),: ]</label2>
                                <thumb>globalsearch-icon-songs.png</thumb>
                                <onclick>noop</onclick>
                                <visible>Control.IsVisible(189)</visible>
                            </item>
                            <item id="9">
                                <label>$LOCALIZE[344]</label>
                                <label2>$LOCALIZE[283]$INFO[Control.GetLabel(210),: ]</label2>
                                <thumb>globalsearch-icon-actors.png</thumb>
                                <onclick>noop</onclick>
                                <visible>Control.IsVisible(219)</visible>
                            </item>
                            <item id="10">
                                <label>$LOCALIZE[20348]</label>
                                <label2>$LOCALIZE[283]$INFO[Control.GetLabel(230),: ]</label2>
                                <thumb>globalsearch-icon-directors.png</thumb>
                                <onclick>noop</onclick>
                                <visible>Control.IsVisible(239)</visible>
                            </item>
                            <item id="11">
                                <label>$LOCALIZE[19069]</label>
                                <label2>$LOCALIZE[283]$INFO[Control.GetLabel(220),: ]</label2>
                                <thumb>globalsearch-icon-livetv.png</thumb>
                                <onclick>noop</onclick>
                                <visible>Control.IsVisible(229)</visible>
                            </item>
                        </content>
                    </control>
                </control>
                <control type="group" id="101">
                    <left>460</left>
                    <control type="group" id="119" description="movies">
                        <control type="panel" id="111">
                            <width>1500</width>
                            <height>1080</height>
                            <onleft>9000</onleft>
                            <onright>531</onright>
                            <onup>101</onup>
                            <ondown>101</ondown>
                            <viewtype label="31102">icon</viewtype>
                            <preloaditems>4</preloaditems>
                            <pagecontrol>531</pagecontrol>
                            <scrolltime tween="cubic" easing="out">500</scrolltime>
                            <animation effect="fade" time="200">VisibleChange</animation>
                            <visible>Container(9000).HasFocus(1)</visible>
                            <itemlayout height="500" width="360">
                                <control type="image">
                                    <top>65</top>
                                    <centerleft>192</centerleft>
                                    <width>290</width>
                                    <height>420</height>
                                    <texture background="true" fallback="DefaultVideoCover.png">$VAR[locandine]</texture>
                                    <aspectratio>scale</aspectratio>
                                </control>
                                <control type="image" description="WatchStatus">
                                    <right>23</right>
                                    <bottom>15</bottom>
                                    <height>52</height>
                                    <width>52</width>
                                    <aspectratio align="left">keep</aspectratio>
                                    <texture>$VAR[WatchStatus]</texture>
                                </control>
                            </itemlayout>
                            <focusedlayout height="500" width="360">
                                <control type="group">
                                    <animation effect="zoom" start="100" end="120" time="120" center="180,275" tween="Back" easing="Out">Focus</animation>
                                    <animation effect="zoom" start="120" end="100" time="120" center="180,275">unFocus</animation>
                                    <control type="image">
                                        <animation effect="fade" start="0" end="100" time="150">Focus</animation>
                                        <animation effect="fade" start="100" end="0" time="150">unFocus</animation>
                                        <visible>!ListItem.IsParentFolder</visible>
                                        <top>50</top>
                                        <centerleft>192</centerleft>
                                        <width>380</width>
                                        <height>450</height>
                                        <texture>shadow.png</texture>
                                    </control>
                                    <control type="image">
                                        <top>65</top>
                                        <centerleft>192</centerleft>
                                        <width>290</width>
                                        <height>420</height>
                                        <texture background="true" fallback="DefaultVideoCover.png">$VAR[locandine]</texture>
                                        <aspectratio>scale</aspectratio>
                                    </control>
                                    <control type="image" description="WatchStatus">
                                        <right>23</right>
                                        <bottom>15</bottom>
                                        <height>52</height>
                                        <width>52</width>
                                        <aspectratio align="left">keep</aspectratio>
                                        <texture>$VAR[WatchStatus]</texture>
                                    </control>
                                </control>
                            </focusedlayout>
                        </control>
                    </control>
                    <control type="group" id="129" description="tvshows">
                        <control type="panel" id="121">ì
                            <width>1500</width>
                            <height>1080</height>
                            <onleft>9000</onleft>
                            <onright>531</onright>
                            <onup>noop</onup>
                            <ondown>noop</ondown>
                            <viewtype label="31102">icon</viewtype>
                            <preloaditems>4</preloaditems>
                            <pagecontrol>531</pagecontrol>
                            <scrolltime tween="cubic" easing="out">500</scrolltime>
                            <animation effect="fade" time="200">VisibleChange</animation>
                            <visible>Container(9000).HasFocus(2)</visible>
                            <itemlayout height="500" width="360">
                                <control type="image">
                                    <top>65</top>
                                    <centerleft>192</centerleft>
                                    <width>290</width>
                                    <height>420</height>
                                    <texture background="true" fallback="DefaultVideoCover.png">$VAR[locandine]</texture>
                                    <aspectratio>scale</aspectratio>
                                </control>
                                <control type="image" description="WatchStatus">
                                    <right>23</right>
                                    <bottom>15</bottom>
                                    <height>52</height>
                                    <width>52</width>
                                    <aspectratio align="left">keep</aspectratio>
                                    <texture>$VAR[WatchStatus]</texture>
                                </control>
                            </itemlayout>
                            <focusedlayout height="500" width="360">
                                <control type="group">
                                    <animation effect="zoom" start="100" end="120" time="120" center="180,275" tween="Back" easing="Out">Focus</animation>
                                    <animation effect="zoom" start="120" end="100" time="120" center="180,275">unFocus</animation>
                                    <control type="image">
                                        <animation effect="fade" start="0" end="100" time="150">Focus</animation>
                                        <animation effect="fade" start="100" end="0" time="150">unFocus</animation>
                                        <visible>!ListItem.IsParentFolder</visible>
                                        <top>50</top>
                                        <centerleft>192</centerleft>
                                        <width>380</width>
                                        <height>450</height>
                                        <texture>shadow.png</texture>
                                    </control>
                                    <control type="image">
                                        <top>65</top>
                                        <centerleft>192</centerleft>
                                        <width>290</width>
                                        <height>420</height>
                                        <texture background="true" fallback="DefaultVideoCover.png">$VAR[locandine]</texture>
                                        <aspectratio>scale</aspectratio>
                                    </control>
                                    <control type="image" description="WatchStatus">
                                        <right>23</right>
                                        <bottom>15</bottom>
                                        <height>52</height>
                                        <width>52</width>
                                        <aspectratio align="left">keep</aspectratio>
                                        <texture>$VAR[WatchStatus]</texture>
                                    </control>
                                </control>
                            </focusedlayout>
                        </control>
                    </control>
                    <control type="group" id="139" description="seasons">
                        <control type="panel" id="131">
                            <width>1500</width>
                            <height>1080</height>
                            <onleft>9000</onleft>
                            <onright>531</onright>
                            <onup>noop</onup>
                            <ondown>noop</ondown>
                            <viewtype label="31102">icon</viewtype>
                            <preloaditems>4</preloaditems>
                            <pagecontrol>531</pagecontrol>
                            <scrolltime tween="cubic" easing="out">500</scrolltime>
                            <animation effect="fade" time="200">VisibleChange</animation>
                            <visible>Container(9000).HasFocus(3)</visible>
                            <itemlayout height="500" width="360">
                                <control type="image">
                                    <top>65</top>
                                    <centerleft>192</centerleft>
                                    <width>290</width>
                                    <height>420</height>
                                    <texture background="true" fallback="DefaultVideoCover.png">$VAR[locandine]</texture>
                                    <aspectratio>scale</aspectratio>
                                </control>
                                <control type="image" description="WatchStatus">
                                    <right>23</right>
                                    <bottom>15</bottom>
                                    <height>52</height>
                                    <width>52</width>
                                    <aspectratio align="left">keep</aspectratio>
                                    <texture>$VAR[WatchStatus]</texture>
                                </control>
                            </itemlayout>
                            <focusedlayout height="500" width="360">
                                <control type="group">
                                    <animation effect="zoom" start="100" end="120" time="120" center="180,275" tween="Back" easing="Out">Focus</animation>
                                    <animation effect="zoom" start="120" end="100" time="120" center="180,275">unFocus</animation>
                                    <control type="image">
                                        <animation effect="fade" start="0" end="100" time="150">Focus</animation>
                                        <animation effect="fade" start="100" end="0" time="150">unFocus</animation>
                                        <visible>!ListItem.IsParentFolder</visible>
                                        <top>50</top>
                                        <centerleft>192</centerleft>
                                        <width>380</width>
                                        <height>450</height>
                                        <texture>shadow.png</texture>
                                    </control>
                                    <control type="image">
                                        <top>65</top>
                                        <centerleft>192</centerleft>
                                        <width>290</width>
                                        <height>420</height>
                                        <texture background="true" fallback="DefaultVideoCover.png">$VAR[locandine]</texture>
                                        <aspectratio>scale</aspectratio>
                                    </control>
                                    <control type="image" description="WatchStatus">
                                        <right>23</right>
                                        <bottom>15</bottom>
                                        <height>52</height>
                                        <width>52</width>
                                        <aspectratio align="left">keep</aspectratio>
                                        <texture>$VAR[WatchStatus]</texture>
                                    </control>
                                </control>
                            </focusedlayout>
                        </control>
                    </control>
                    <control type="group" id="149" description="episodes">
                        <control type="panel" id="141">
                            <left>18</left>
                            <top>0</top>
                            <width>1500</width>
                            <height>1080</height>
                            <onleft>9000</onleft>
                            <onright>531</onright>
                            <onup>noop</onup>
                            <ondown>noop</ondown>
                            <viewtype label="31102">icon</viewtype>
                            <preloaditems>4</preloaditems>
                            <pagecontrol>531</pagecontrol>
                            <scrolltime tween="cubic" easing="out">500</scrolltime>
                            <animation effect="fade" time="200">VisibleChange</animation>
                            <visible>Container(9000).HasFocus(4)</visible>
                            <itemlayout height="375" width="454">
                                <control type="image">
                                    <centerleft>227</centerleft>
                                    <top>44</top>
                                    <width>410</width>
                                    <height>280</height>
                                    <texture background="true">$INFO[ListItem.Icon]</texture>
                                    <aspectratio>scale</aspectratio>
                                </control>
                                <control type="image" description="WatchStatus">
                                    <left>18</left>
                                    <top>296</top>
                                    <height>32</height>
                                    <width>60</width>
                                    <aspectratio align="left">keep</aspectratio>
                                    <texture>$VAR[WatchStatus]</texture>
                                </control>
                                <control type="textbox">
                                    <centerleft>227</centerleft>
                                    <top>325</top>
                                    <width>410</width>
                                    <height>90</height>
                                    <align>center</align>
                                    <font>size24</font>
                                    <label>$INFO[ListItem.Property(TVShowTitle)][CR]$INFO[ListItem.Label]</label>
                                </control>
                            </itemlayout>
                            <focusedlayout height="375" width="454">
                                <control type="group">
                                    <animation effect="zoom" start="100" end="110" time="124" center="auto" tween="Back" easing="Out">Focus</animation>
                                    <animation effect="zoom" start="110" end="100" time="124" center="auto">unFocus</animation>
                                    <control type="image">
                                        <visible>!ListItem.IsParentFolder</visible>
                                        <animation effect="fade" start="0" end="100" time="150">Focus</animation>
                                        <animation effect="fade" start="100" end="0" time="150">unFocus</animation>
                                        <left>0</left>
                                        <top>0</top>
                                        <width>454</width>
                                        <height>375</height>
                                        <texture>shadow.png</texture>
                                    </control>
                                    <control type="image">
                                        <centerleft>227</centerleft>
                                        <top>44</top>
                                        <width>410</width>
                                        <height>280</height>
                                        <texture background="true">$INFO[ListItem.Icon]</texture>
                                        <aspectratio>scale</aspectratio>
                                    </control>
                                    <control type="image" description="WatchStatus">
                                        <left>18</left>
                                        <top>296</top>
                                        <height>32</height>
                                        <width>60</width>
                                        <aspectratio align="left">keep</aspectratio>
                                        <texture>$VAR[WatchStatus]</texture>
                                    </control>
                                    <control type="textbox">
                                        <centerleft>227</centerleft>
                                        <top>325</top>
                                        <width>410</width>
                                        <height>90</height>
                                        <align>center</align>
                                        <font>size24</font>
                                        <label>$INFO[ListItem.Property(TVShowTitle)][CR]$INFO[ListItem.Label]</label>
                                    </control>
                                </control>
                            </focusedlayout>
                        </control>
                    </control>
                    <control type="group" id="159" description="music videos">
                        <control type="panel" id="151">
                            <width>1500</width>
                            <height>1080</height>
                            <onleft>9000</onleft>
                            <onright>531</onright>
                            <onup>101</onup>
                            <ondown>101</ondown>
                            <viewtype label="31102">icon</viewtype>
                            <preloaditems>4</preloaditems>
                            <pagecontrol>531</pagecontrol>
                            <scrolltime tween="cubic" easing="out">500</scrolltime>
                            <animation effect="fade" time="200">VisibleChange</animation>
                            <visible>Container(9000).HasFocus(5)</visible>
                            <itemlayout height="500" width="360">
                                <control type="image">
                                    <top>65</top>
                                    <centerleft>192</centerleft>
                                    <width>290</width>
                                    <height>420</height>
                                    <texture background="true" fallback="DefaultVideoCover.png">$VAR[locandine]</texture>
                                    <aspectratio>scale</aspectratio>
                                </control>
                                <control type="image" description="WatchStatus">
                                    <right>23</right>
                                    <bottom>15</bottom>
                                    <height>52</height>
                                    <width>52</width>
                                    <aspectratio align="left">keep</aspectratio>
                                    <texture>$VAR[WatchStatus]</texture>
                                </control>
                            </itemlayout>
                            <focusedlayout height="500" width="360">
                                <control type="group">
                                    <animation effect="zoom" start="100" end="120" time="120" center="180,275" tween="Back" easing="Out">Focus</animation>
                                    <animation effect="zoom" start="120" end="100" time="120" center="180,275">unFocus</animation>
                                    <control type="image">
                                        <animation effect="fade" start="0" end="100" time="150">Focus</animation>
                                        <animation effect="fade" start="100" end="0" time="150">unFocus</animation>
                                        <visible>!ListItem.IsParentFolder</visible>
                                        <top>50</top>
                                        <centerleft>192</centerleft>
                                        <width>380</width>
                                        <height>450</height>
                                        <texture>shadow.png</texture>
                                    </control>
                                    <control type="image">
                                        <top>65</top>
                                        <centerleft>192</centerleft>
                                        <width>290</width>
                                        <height>420</height>
                                        <texture background="true" fallback="DefaultVideoCover.png">$VAR[locandine]</texture>
                                        <aspectratio>scale</aspectratio>
                                    </control>
                                    <control type="image" description="WatchStatus">
                                        <right>23</right>
                                        <bottom>15</bottom>
                                        <height>52</height>
                                        <width>52</width>
                                        <aspectratio align="left">keep</aspectratio>
                                        <texture>$VAR[WatchStatus]</texture>
                                    </control>
                                </control>
                            </focusedlayout>
                        </control>
                    </control>
                    <control type="group" id="169" description="artists">
                        <control type="panel" id="161">
                            <left>150</left>
                            <width>1400</width>
                            <height>1080</height>
                            <onleft>9000</onleft>
                            <onright>531</onright>
                            <onup>noop</onup>
                            <ondown>noop</ondown>
                            <viewtype label="31102">icon</viewtype>
                            <preloaditems>4</preloaditems>
                            <pagecontrol>531</pagecontrol>
                            <scrolltime tween="cubic" easing="out">500</scrolltime>
                            <animation effect="fade" time="200">VisibleChange</animation>
                            <visible>Container(9000).HasFocus(6)</visible>
                            <itemlayout height="448" width="358">
                                <control type="image">
                                    <left>90</left>
                                    <centertop>194</centertop>
                                    <width>310</width>
                                    <height>310</height>
                                    <texture fallback="DefaultAudio.png" background="true">$INFO[ListItem.Icon]</texture>
                                    <aspectratio>stretch</aspectratio>
                                </control>
                                <control type="label">
                                    <centerleft>245</centerleft>
                                    <top>360</top>
                                    <width>300</width>
                                    <height>20</height>
                                    <font>size30</font>
                                    <align>center</align>
                                    <textcolor>dimgray</textcolor>
                                    <label>[B]$INFO[ListItem.Label][/B]</label>
                                </control>
                            </itemlayout>
                            <focusedlayout height="448" width="358">
                                <control type="image">
                                    <animation effect="fade" start="0" end="80" time="150">Focus</animation>
                                    <animation effect="fade" start="80" end="0" time="150">unFocus</animation>
                                    <visible>!ListItem.IsParentFolder</visible>
                                    <left>10</left>
                                    <centertop>234</centertop>
                                    <width>500</width>
                                    <height>544</height>
                                    <texture>shadow.png</texture>
                                </control>
                                <control type="group">
                                    <animation effect="zoom" time="120" start="100" end="118" center="245,194" tween="Back" easing="Out">Focus</animation>
                                    <animation effect="zoom" start="118" end="100" time="120" center="245,194">unFocus</animation>
                                    <control type="image">
                                        <left>90</left>
                                        <centertop>194</centertop>
                                        <width>310</width>
                                        <height>310</height>
                                        <texture fallback="DefaultAudio.png" background="true">$INFO[ListItem.Icon]</texture>
                                        <aspectratio>stretch</aspectratio>
                                    </control>
                                </control>
                                <control type="label">
                                    <animation effect="slide" end="0,30" time="120" tween="Back" easing="Out">Focus</animation>
                                    <animation effect="slide" start="0,30" end="0,0" time="150">unFocus</animation>
                                    <centerleft>245</centerleft>
                                    <top>360</top>
                                    <width>600</width>
                                    <height>20</height>
                                    <font>size30</font>
                                    <align>center</align>
                                    <shadowcolor>dimgray</shadowcolor>
                                    <label>[B]$INFO[ListItem.Label][/B]</label>
                                </control>
                            </focusedlayout>
                        </control>
                    </control>
                    <control type="group" id="179" description="albums">
                        <control type="panel" id="171">
                            <left>150</left>
                            <width>1400</width>
                            <height>1080</height>
                            <onleft>9000</onleft>
                            <onright>531</onright>
                            <onup>noop</onup>
                            <ondown>noop</ondown>
                            <viewtype label="31102">icon</viewtype>
                            <preloaditems>4</preloaditems>
                            <pagecontrol>531</pagecontrol>
                            <scrolltime tween="cubic" easing="out">500</scrolltime>
                            <animation effect="fade" time="200">VisibleChange</animation>
                            <visible>Container(9000).HasFocus(7)</visible>
                            <itemlayout height="448" width="358">
                                <control type="image">
                                    <left>90</left>
                                    <centertop>194</centertop>
                                    <width>310</width>
                                    <height>310</height>
                                    <texture fallback="DefaultAudio.png" background="true">$INFO[ListItem.Icon]</texture>
                                    <aspectratio>stretch</aspectratio>
                                </control>
                                <control type="label">
                                    <centerleft>245</centerleft>
                                    <top>360</top>
                                    <width>300</width>
                                    <height>20</height>
                                    <font>size30</font>
                                    <align>center</align>
                                    <textcolor>dimgray</textcolor>
                                    <label>[B]$INFO[ListItem.Label][/B]</label>
                                </control>
                            </itemlayout>
                            <focusedlayout height="448" width="358">
                                <control type="image">
                                    <animation effect="fade" start="0" end="80" time="150">Focus</animation>
                                    <animation effect="fade" start="80" end="0" time="150">unFocus</animation>
                                    <visible>!ListItem.IsParentFolder</visible>
                                    <left>10</left>
                                    <centertop>234</centertop>
                                    <width>500</width>
                                    <height>544</height>
                                    <texture>shadow.png</texture>
                                </control>
                                <control type="group">
                                    <animation effect="zoom" time="120" start="100" end="118" center="245,194" tween="Back" easing="Out">Focus</animation>
                                    <animation effect="zoom" start="118" end="100" time="120" center="245,194">unFocus</animation>
                                    <control type="image">
                                        <left>90</left>
                                        <centertop>194</centertop>
                                        <width>310</width>
                                        <height>310</height>
                                        <texture fallback="DefaultAudio.png" background="true">$INFO[ListItem.Icon]</texture>
                                        <aspectratio>stretch</aspectratio>
                                    </control>
                                </control>
                                <control type="label">
                                    <animation effect="slide" end="0,30" time="120" tween="Back" easing="Out">Focus</animation>
                                    <animation effect="slide" start="0,30" end="0,0" time="150">unFocus</animation>
                                    <centerleft>245</centerleft>
                                    <top>360</top>
                                    <width>600</width>
                                    <height>20</height>
                                    <font>size30</font>
                                    <align>center</align>
                                    <shadowcolor>dimgray</shadowcolor>
                                    <label>[B]$INFO[ListItem.Label][/B]</label>
                                </control>
                            </focusedlayout>
                        </control>
                    </control>
                    <control type="group" id="189" description="songs">
                        <control type="panel" id="181">
                            <width>1500</width>
                            <height>1080</height>
                            <onleft>9000</onleft>
                            <onright>531</onright>
                            <onup>noop</onup>
                            <ondown>noop</ondown>
                            <viewtype label="31102">icon</viewtype>
                            <preloaditems>4</preloaditems>
                            <pagecontrol>531</pagecontrol>
                            <scrolltime tween="cubic" easing="out">500</scrolltime>
                            <animation effect="fade" time="200">VisibleChange</animation>
                            <visible>Container(9000).HasFocus(8)</visible>
                            <itemlayout width="1500" height="80">
                                <control type="image">
                                    <left>92</left>
                                    <top>5</top>
                                    <width>70</width>
                                    <height>70</height>
                                    <texture diffuse="images/White.png">$INFO[ListItem.Icon]</texture>
                                </control>
                                <control type="label">
                                    <left>180</left>
                                    <height>80</height>
                                    <width>620</width>
                                    <textcolor>darktext</textcolor>
                                    <info>ListItem.Label</info>
                                </control>
                                <control type="label">
                                    <left>810</left>
                                    <width>410</width>
                                    <height>80</height>
                                    <textcolor>darktext</textcolor>
                                    <info>ListItem.Property(Artist)</info>
                                </control>
                            </itemlayout>
                            <focusedlayout width="1500" height="80">
                                <control type="group">
                                    <animation effect="zoom" time="120" start="100" end="102" center="960,40" tween="Back" easing="Out">Focus</animation>
                                    <control type="image">
                                        <top>8</top>
                                        <height>80</height>
                                        <width>1400</width>
                                        <texture>shadow.png</texture>
                                        <colordiffuse>99ffffff</colordiffuse>
                                    </control>
                                    <control type="image">
                                        <top>5</top>
                                        <left>90</left>
                                        <height>70</height>
                                        <width>1300</width>
                                        <texture border="8">images/White.png</texture>
                                    </control>
                                    <control type="image">
                                        <left>92</left>
                                        <top>5</top>
                                        <width>70</width>
                                        <height>70</height>
                                        <texture diffuse="images/White.png">$INFO[ListItem.Icon]</texture>
                                    </control>
                                    <control type="label">
                                        <left>180</left>
                                        <height>80</height>
                                        <width>620</width>
                                        <textcolor>darktext</textcolor>
                                        <info>ListItem.Label</info>
                                    </control>
                                    <control type="label">
                                        <left>810</left>
                                        <width>410</width>
                                        <height>80</height>
                                        <textcolor>darktext</textcolor>
                                        <info>ListItem.Property(Artist)</info>
                                    </control>
                                </control>
                            </focusedlayout>
                        </control>
                    </control>
                </control>
                <control type="label" id="199">
                    <left>436</left>
                    <width>1484</width>
                    <height>1080</height>
                    <align>center</align>
                    <aligny>center</aligny>
                    <label>$LOCALIZE[284]</label>
                </control>
            </control>
        </control>
    </controls>
</window>
