<?xml version='1.0' encoding='UTF-8'?>
<includes>
	<include name="skinshortcuts-mainmenu">
		<item id="1">
			<property name="id">$NUMBER[1]</property>
			<label>$LOCALIZE[342]</label>
			<label2>-</label2>
			<icon>icons/movies.png</icon>
			<thumb>icons/movies.png</thumb>
			<property name="labelID">movies</property>
			<property name="defaultID">movies</property>
			<property name="widget">shelfmovies</property>
			<property name="widgetName">In progress Movies</property>
			<property name="widgetPath">$VAR[movieshelf]</property>
			<property name="widgetTarget">videos</property>
			<visible>Library.HasContent(Movies)</visible>
			<onclick>ActivateWindow(Videos,videodb://movies/titles/,return)</onclick>
			<property name="path">ActivateWindow(Videos,videodb://movies/titles/,return)</property>
			<property name="list">videodb://movies/titles/</property>
			<visible>String.IsEqual(System.ProfileName,Master user)</visible>
			<property name="submenuVisibility">movies</property>
			<property name="group">mainmenu</property>
			<property name="hasSubmenu">True</property>
		</item>
		<item id="2">
			<property name="id">$NUMBER[2]</property>
			<label>$LOCALIZE[20343]</label>
			<label2>-</label2>
			<icon>icons/tvshows.png</icon>
			<thumb>icons/tvshows.png</thumb>
			<property name="labelID">tvshows</property>
			<property name="defaultID">episodes</property>
			<property name="widget">shelfepisodes</property>
			<property name="widgetName">episodes</property>
			<property name="widgetPath">$VAR[epshelf]</property>
			<property name="widgetTarget">videos</property>
			<visible>Library.HasContent(TVShows)</visible>
			<onclick>ActivateWindow(Videos,videodb://tvshows/titles/,return)</onclick>
			<property name="path">ActivateWindow(Videos,videodb://tvshows/titles/,return)</property>
			<property name="list">videodb://tvshows/titles/</property>
			<visible>String.IsEqual(System.ProfileName,Master user)</visible>
			<property name="submenuVisibility">tvshows</property>
			<property name="group">mainmenu</property>
			<property name="hasSubmenu">False</property>
		</item>
		<item id="3">
			<property name="id">$NUMBER[3]</property>
			<label>$LOCALIZE[2]</label>
			<label2>-</label2>
			<icon>DefaultShortcut.png</icon>
			<thumb>icons/music.png</thumb>
			<property name="labelID">2</property>
			<property name="defaultID">music</property>
			<visible>Library.HasContent(Music)</visible>
			<onclick>ActivateWindow(Music,Musicdb://,return)</onclick>
			<property name="path">ActivateWindow(Music,Musicdb://,return)</property>
			<property name="list">Musicdb://</property>
			<visible>String.IsEqual(System.ProfileName,Master user)</visible>
			<property name="submenuVisibility">num-2</property>
			<property name="group">mainmenu</property>
			<property name="hasSubmenu">True</property>
		</item>
		<item id="4">
			<property name="id">$NUMBER[4]</property>
			<label>$LOCALIZE[24001]</label>
			<label2>-</label2>
			<icon>DefaultShortcut.png</icon>
			<thumb>icons/addons.png</thumb>
			<property name="labelID">24001</property>
			<property name="defaultID">addons</property>
			<onclick>ActivateWindow(1118)</onclick>
			<property name="path">ActivateWindow(1118)</property>
			<property name="list">1118</property>
			<visible>String.IsEqual(System.ProfileName,Master user)</visible>
			<property name="submenuVisibility">num-24001</property>
			<property name="group">mainmenu</property>
			<property name="hasSubmenu">False</property>
		</item>
		<item id="5">
			<property name="id">$NUMBER[5]</property>
			<label>$INFO[Weather.Temperature]</label>
			<label2>weather/31.png</label2>
			<icon>$INFO[Window(weather).Property(Current.FanartCode),weathershelf/,.png]</icon>
			<thumb>-</thumb>
			<property name="labelID">info-weather-temperature</property>
			<property name="defaultID">weather</property>
			<onclick>ActivateWindow(MyWeather)</onclick>
			<property name="path">ActivateWindow(MyWeather)</property>
			<property name="list">MyWeather</property>
			<visible>String.IsEqual(System.ProfileName,Master user)</visible>
			<property name="submenuVisibility">info-weather-temperature</property>
			<property name="group">mainmenu</property>
			<property name="hasSubmenu">False</property>
		</item>
		<item id="6">
			<property name="id">$NUMBER[6]</property>
			<label>$LOCALIZE[1]</label>
			<label2>-</label2>
			<icon>DefaultShortcut.png</icon>
			<thumb>icons/photos.png</thumb>
			<property name="labelID">1</property>
			<property name="defaultID">pictures</property>
			<onclick>ActivateWindow(2)</onclick>
			<property name="path">ActivateWindow(2)</property>
			<property name="list">2</property>
			<visible>String.IsEqual(System.ProfileName,Master user)</visible>
			<property name="submenuVisibility">num-1</property>
			<property name="group">mainmenu</property>
			<property name="hasSubmenu">True</property>
		</item>
		<item id="7">
			<property name="id">$NUMBER[7]</property>
			<label>$LOCALIZE[31059]</label>
			<label2>-</label2>
			<icon>DefaultShortcut.png</icon>
			<thumb>icons/LiveTV.png</thumb>
			<property name="labelID">31059</property>
			<property name="defaultID">livetv</property>
			<visible>!Pvr.IsRecording</visible>
			<onclick>ActivateWindow(1718)</onclick>
			<property name="path">ActivateWindow(1718)</property>
			<property name="list">1718</property>
			<visible>String.IsEqual(System.ProfileName,Master user)</visible>
			<property name="submenuVisibility">num-31059</property>
			<property name="group">mainmenu</property>
			<property name="hasSubmenu">True</property>
		</item>
		<item id="8">
			<property name="id">$NUMBER[8]</property>
			<label>$INFO[Pvr.NowRecordingTitle]</label>
			<label2>-</label2>
			<icon>DefaultShortcut.png</icon>
			<thumb>icons/LiveTVrec.png</thumb>
			<property name="labelID">info-pvr-nowrecordingtitle</property>
			<property name="defaultID">livetv</property>
			<visible>Pvr.IsRecording</visible>
			<onclick>SetFocus(10040)</onclick>
			<property name="path">SetFocus(10040)</property>
			<property name="list">SetFocus(10040)</property>
			<visible>String.IsEqual(System.ProfileName,Master user)</visible>
			<property name="submenuVisibility">info-pvr-nowrecordingtitle</property>
			<property name="group">mainmenu</property>
			<property name="hasSubmenu">True</property>
		</item>
		<item id="9">
			<property name="id">$NUMBER[9]</property>
			<label>$LOCALIZE[1036]</label>
			<label2>-</label2>
			<icon>DefaultShortcut.png</icon>
			<thumb>icons/favs.png</thumb>
			<property name="labelID">1036</property>
			<property name="defaultID">favourites</property>
			<property name="widget">shelffavs</property>
			<property name="widgetName">favs</property>
			<property name="widgetPath">favourites://</property>
			<property name="widgetTarget">videos</property>
			<onclick>ActivateWindow(134)</onclick>
			<property name="path">ActivateWindow(134)</property>
			<property name="list">134</property>
			<visible>String.IsEqual(System.ProfileName,Master user)</visible>
			<property name="submenuVisibility">num-1036</property>
			<property name="group">mainmenu</property>
			<property name="hasSubmenu">False</property>
		</item>
		<item id="10">
			<property name="id">$NUMBER[10]</property>
			<label>$LOCALIZE[31422]</label>
			<label2>-</label2>
			<icon>DefaultShortcut.png</icon>
			<thumb>icons/extendedinfotheater.png</thumb>
			<property name="labelID">31422</property>
			<property name="defaultID">upcomingmovies</property>
			<visible>System.HasAddon(script.extendedinfo) + Skin.HasSetting(upcomingmovies)</visible>
			<onclick>SetFocus(700)</onclick>
			<property name="path">SetFocus(700)</property>
			<property name="list">SetFocus(700)</property>
			<visible>String.IsEqual(System.ProfileName,Master user)</visible>
			<property name="submenuVisibility">num-31422</property>
			<property name="group">mainmenu</property>
			<property name="hasSubmenu">False</property>
		</item>
		<item id="11">
			<property name="id">$NUMBER[11]</property>
			<label>$LOCALIZE[31037]</label>
			<label2>-</label2>
			<icon>DefaultShortcut.png</icon>
			<thumb>icons/program.png</thumb>
			<property name="labelID">31037</property>
			<property name="defaultID">programs</property>
			<onclick>ActivateWindow(AddonBrowser,root)</onclick>
			<property name="path">ActivateWindow(AddonBrowser,root)</property>
			<property name="list">root</property>
			<visible>String.IsEqual(System.ProfileName,Master user)</visible>
			<property name="submenuVisibility">num-31037</property>
			<property name="group">mainmenu</property>
			<property name="hasSubmenu">False</property>
		</item>
		<item id="12">
			<property name="id">$NUMBER[12]</property>
			<label>$LOCALIZE[20094]</label>
			<label2>-</label2>
			<icon>DefaultShortcut.png</icon>
			<thumb>icons/sources.png</thumb>
			<property name="labelID">20094</property>
			<property name="defaultID">sources</property>
			<onclick>ActivateWindow(1115)</onclick>
			<property name="path">ActivateWindow(1115)</property>
			<property name="list">1115</property>
			<visible>String.IsEqual(System.ProfileName,Master user)</visible>
			<property name="submenuVisibility">num-20094</property>
			<property name="group">mainmenu</property>
			<property name="hasSubmenu">False</property>
		</item>
		<item id="13">
			<property name="id">$NUMBER[13]</property>
			<label>search</label>
			<label2>-</label2>
			<icon>DefaultShortcut.png</icon>
			<thumb>icons/search.png</thumb>
			<property name="labelID">script.globalsearch</property>
			<property name="defaultID">search</property>
			<visible>System.HasAddon(script.globalsearch)</visible>
			<onclick>RunScript(script.globalsearch)</onclick>
			<property name="path">RunScript(script.globalsearch)</property>
			<property name="list">RunScript(script.globalsearch)</property>
			<visible>String.IsEqual(System.ProfileName,Master user)</visible>
			<property name="submenuVisibility">script-globalsearch</property>
			<property name="group">mainmenu</property>
			<property name="hasSubmenu">False</property>
		</item>
		<item id="14">
			<property name="id">$NUMBER[14]</property>
			<label>$LOCALIZE[5]</label>
			<label2>-</label2>
			<icon>DefaultShortcut.png</icon>
			<thumb>icons/settings.png</thumb>
			<property name="labelID">5</property>
			<property name="defaultID">settings</property>
			<onclick>ActivateWindow(1120)</onclick>
			<property name="path">ActivateWindow(1120)</property>
			<property name="list">1120</property>
			<visible>String.IsEqual(System.ProfileName,Master user)</visible>
			<property name="submenuVisibility">num-5</property>
			<property name="group">mainmenu</property>
			<property name="hasSubmenu">True</property>
		</item>
		<item id="15">
			<property name="id">$NUMBER[15]</property>
			<label>$LOCALIZE[33060]</label>
			<label2>-</label2>
			<icon>DefaultShortcut.png</icon>
			<thumb>icons/quits.png</thumb>
			<property name="labelID">33060</property>
			<property name="defaultID">shutdownmenu</property>
			<property name="icon">-</property>
			<visible>!Player.HasMedia</visible>
			<onclick>ActivateWindow(ShutdownMenu)</onclick>
			<property name="path">ActivateWindow(ShutdownMenu)</property>
			<property name="list">ShutdownMenu</property>
			<visible>String.IsEqual(System.ProfileName,Master user)</visible>
			<property name="submenuVisibility">num-33060</property>
			<property name="group">mainmenu</property>
			<property name="hasSubmenu">False</property>
		</item>
		<item id="16">
			<property name="id">$NUMBER[16]</property>
			<label>$LOCALIZE[33060]</label>
			<label2>-</label2>
			<icon>DefaultShortcut.png</icon>
			<thumb>icons/full.png</thumb>
			<property name="labelID">33060--0</property>
			<property name="defaultID">shutdownmenu</property>
			<visible>Player.HasMedia</visible>
			<onclick>Action(fullscreen)</onclick>
			<property name="path">Action(fullscreen)</property>
			<property name="list">Action(fullscreen)</property>
			<visible>String.IsEqual(System.ProfileName,Master user)</visible>
			<property name="submenuVisibility">33060-0</property>
			<property name="group">mainmenu</property>
			<property name="hasSubmenu">False</property>
		</item>
	</include>
	<include />
	<include name="skinshortcuts-submenu">
		<item id="1">
			<property name="id">$NUMBER[1]</property>
			<property name="mainmenuid">1</property>
			<label>$LOCALIZE[20386]</label>
			<label2>$ADDON[script.skinshortcuts 32014]</label2>
			<icon>DefaultRecentlyAddedMovies.png</icon>
			<thumb />
			<property name="labelID">20386</property>
			<property name="defaultID">20386</property>
			<onclick>ActivateWindow(Videos,videodb://recentlyaddedmovies/,return)</onclick>
			<property name="path">ActivateWindow(Videos,videodb://recentlyaddedmovies/,return)</property>
			<property name="list">videodb://recentlyaddedmovies/</property>
			<visible>[String.IsEqual(System.ProfileName,Master user)] + String.IsEqual(Container(9000).ListItem.Property(submenuVisibility),movies)</visible>
			<property name="group">movies</property>
			<property name="isSubmenu">True</property>
		</item>
		<item id="2">
			<property name="id">$NUMBER[2]</property>
			<property name="mainmenuid">1</property>
			<label>$LOCALIZE[20434]</label>
			<label2>$LOCALIZE[342]</label2>
			<icon>DefaultSets.png</icon>
			<thumb />
			<property name="labelID">20434</property>
			<property name="defaultID">20434</property>
			<visible>[Library.HasContent(MovieSets)] + String.IsEqual(Container(9000).ListItem.Property(submenuVisibility),movies)</visible>
			<onclick>ActivateWindow(Videos,videodb://movies/sets/,return)</onclick>
			<property name="path">ActivateWindow(Videos,videodb://movies/sets/,return)</property>
			<property name="list">videodb://movies/sets/</property>
			<visible>String.IsEqual(System.ProfileName,Master user)</visible>
			<property name="group">movies</property>
			<property name="isSubmenu">True</property>
		</item>
		<item id="3">
			<property name="id">$NUMBER[3]</property>
			<property name="mainmenuid">1</property>
			<label>$LOCALIZE[369]</label>
			<label2>$LOCALIZE[342]</label2>
			<icon>DefaultMovieTitle.png</icon>
			<thumb />
			<property name="labelID">369</property>
			<property name="defaultID">369</property>
			<visible>[Library.HasContent(Movies)] + String.IsEqual(Container(9000).ListItem.Property(submenuVisibility),movies)</visible>
			<onclick>ActivateWindow(Videos,videodb://movies/titles/,return)</onclick>
			<property name="path">ActivateWindow(Videos,videodb://movies/titles/,return)</property>
			<property name="list">videodb://movies/titles/</property>
			<visible>String.IsEqual(System.ProfileName,Master user)</visible>
			<property name="group">movies</property>
			<property name="isSubmenu">True</property>
		</item>
		<item id="4">
			<property name="id">$NUMBER[4]</property>
			<property name="mainmenuid">1</property>
			<label>$LOCALIZE[135]</label>
			<label2>$LOCALIZE[342]</label2>
			<icon>DefaultGenre.png</icon>
			<thumb />
			<property name="labelID">135</property>
			<property name="defaultID">135</property>
			<visible>[Library.HasContent(Movies)] + String.IsEqual(Container(9000).ListItem.Property(submenuVisibility),movies)</visible>
			<onclick>ActivateWindow(Videos,videodb://movies/genres/,return)</onclick>
			<property name="path">ActivateWindow(Videos,videodb://movies/genres/,return)</property>
			<property name="list">videodb://movies/genres/</property>
			<visible>String.IsEqual(System.ProfileName,Master user)</visible>
			<property name="group">movies</property>
			<property name="isSubmenu">True</property>
		</item>
		<item id="5">
			<property name="id">$NUMBER[5]</property>
			<property name="mainmenuid">1</property>
			<label>$LOCALIZE[562]</label>
			<label2>$LOCALIZE[342]</label2>
			<icon>DefaultYear.png</icon>
			<thumb />
			<property name="labelID">562</property>
			<property name="defaultID">562</property>
			<visible>[Library.HasContent(Movies)] + String.IsEqual(Container(9000).ListItem.Property(submenuVisibility),movies)</visible>
			<onclick>ActivateWindow(Videos,videodb://movies/years/,return)</onclick>
			<property name="path">ActivateWindow(Videos,videodb://movies/years/,return)</property>
			<property name="list">videodb://movies/years/</property>
			<visible>String.IsEqual(System.ProfileName,Master user)</visible>
			<property name="group">movies</property>
			<property name="isSubmenu">True</property>
		</item>
		<item id="6">
			<property name="id">$NUMBER[6]</property>
			<property name="mainmenuid">1</property>
			<label>$LOCALIZE[344]</label>
			<label2>$LOCALIZE[342]</label2>
			<icon>DefaultActor.png</icon>
			<thumb />
			<property name="labelID">344</property>
			<property name="defaultID">344</property>
			<visible>[Library.HasContent(Movies)] + String.IsEqual(Container(9000).ListItem.Property(submenuVisibility),movies)</visible>
			<onclick>ActivateWindow(Videos,videodb://movies/actors/,return)</onclick>
			<property name="path">ActivateWindow(Videos,videodb://movies/actors/,return)</property>
			<property name="list">videodb://movies/actors/</property>
			<visible>String.IsEqual(System.ProfileName,Master user)</visible>
			<property name="group">movies</property>
			<property name="isSubmenu">True</property>
		</item>
		<item id="1">
			<property name="id">$NUMBER[1]</property>
			<property name="mainmenuid">3</property>
			<label>$LOCALIZE[744]</label>
			<label2>$ADDON[script.skinshortcuts 32019]</label2>
			<icon>DefaultFolder.png</icon>
			<thumb />
			<property name="labelID">744</property>
			<property name="defaultID">744</property>
			<onclick>ActivateWindow(Music,Files,Return)</onclick>
			<property name="path">ActivateWindow(Music,Files,Return)</property>
			<property name="list">Files</property>
			<visible>[String.IsEqual(System.ProfileName,Master user)] + String.IsEqual(Container(9000).ListItem.Property(submenuVisibility),num-2)</visible>
			<property name="group">2</property>
			<property name="isSubmenu">True</property>
		</item>
		<item id="2">
			<property name="id">$NUMBER[2]</property>
			<property name="mainmenuid">3</property>
			<label>$LOCALIZE[15100]</label>
			<label2>$ADDON[script.skinshortcuts 32019]</label2>
			<icon>DefaultFolder.png</icon>
			<thumb />
			<property name="labelID">15100</property>
			<property name="defaultID">15100</property>
			<onclick>ActivateWindow(Music,MusicLibrary,return)</onclick>
			<property name="path">ActivateWindow(Music,MusicLibrary,return)</property>
			<property name="list">MusicLibrary</property>
			<visible>[String.IsEqual(System.ProfileName,Master user)] + String.IsEqual(Container(9000).ListItem.Property(submenuVisibility),num-2)</visible>
			<property name="group">2</property>
			<property name="isSubmenu">True</property>
		</item>
		<item id="3">
			<property name="id">$NUMBER[3]</property>
			<property name="mainmenuid">3</property>
			<label>$LOCALIZE[1038]</label>
			<label2>$ADDON[script.skinshortcuts 32019]</label2>
			<icon>DefaultAddonMusic.png</icon>
			<thumb />
			<property name="labelID">1038</property>
			<property name="defaultID">1038</property>
			<onclick>ActivateWindow(Music,Addons,return)</onclick>
			<property name="path">ActivateWindow(Music,Addons,return)</property>
			<property name="list">Addons</property>
			<visible>[String.IsEqual(System.ProfileName,Master user)] + String.IsEqual(Container(9000).ListItem.Property(submenuVisibility),num-2)</visible>
			<property name="group">2</property>
			<property name="isSubmenu">True</property>
		</item>
		<item id="1">
			<property name="id">$NUMBER[1]</property>
			<property name="mainmenuid">6</property>
			<label>$LOCALIZE[1039]</label>
			<label2>$ADDON[script.skinshortcuts 32020]</label2>
			<icon>DefaultAddonPicture.png</icon>
			<thumb />
			<property name="labelID">1039</property>
			<property name="defaultID">1039</property>
			<onclick>ActivateWindow(Pictures,Addons,return)</onclick>
			<property name="path">ActivateWindow(Pictures,Addons,return)</property>
			<property name="list">Addons</property>
			<visible>[String.IsEqual(System.ProfileName,Master user)] + String.IsEqual(Container(9000).ListItem.Property(submenuVisibility),num-1)</visible>
			<property name="group">1</property>
			<property name="isSubmenu">True</property>
		</item>
		<item id="1">
			<property name="id">$NUMBER[1]</property>
			<property name="mainmenuid">7</property>
			<label>$LOCALIZE[22020]</label>
			<label2>$ADDON[script.skinshortcuts 32017]</label2>
			<icon>DefaultTVShows.png</icon>
			<thumb />
			<property name="labelID">22020</property>
			<property name="defaultID">22020</property>
			<visible>[System.HasPVRAddon] + String.IsEqual(Container(9000).ListItem.Property(submenuVisibility),num-31059)</visible>
			<onclick>ActivateWindow(TVGuide)</onclick>
			<property name="path">ActivateWindow(TVGuide)</property>
			<property name="list">TVGuide</property>
			<visible>String.IsEqual(System.ProfileName,Master user)</visible>
			<property name="group">31059</property>
			<property name="isSubmenu">True</property>
		</item>
		<item id="2">
			<property name="id">$NUMBER[2]</property>
			<property name="mainmenuid">7</property>
			<label>$LOCALIZE[19163]</label>
			<label2>$ADDON[script.skinshortcuts 32017]</label2>
			<icon>DefaultTVShows.png</icon>
			<thumb />
			<property name="labelID">19163</property>
			<property name="defaultID">19163</property>
			<visible>[System.HasPVRAddon] + String.IsEqual(Container(9000).ListItem.Property(submenuVisibility),num-31059)</visible>
			<onclick>ActivateWindow(TVRecordings)</onclick>
			<property name="path">ActivateWindow(TVRecordings)</property>
			<property name="list">TVRecordings</property>
			<visible>String.IsEqual(System.ProfileName,Master user)</visible>
			<property name="group">31059</property>
			<property name="isSubmenu">True</property>
		</item>
		<item id="3">
			<property name="id">$NUMBER[3]</property>
			<property name="mainmenuid">7</property>
			<label>$LOCALIZE[19040]</label>
			<label2>$ADDON[script.skinshortcuts 32017]</label2>
			<icon>DefaultTVShows.png</icon>
			<thumb />
			<property name="labelID">19040</property>
			<property name="defaultID">19040</property>
			<visible>[System.HasPVRAddon] + String.IsEqual(Container(9000).ListItem.Property(submenuVisibility),num-31059)</visible>
			<onclick>ActivateWindow(TVTimers)</onclick>
			<property name="path">ActivateWindow(TVTimers)</property>
			<property name="list">TVTimers</property>
			<visible>String.IsEqual(System.ProfileName,Master user)</visible>
			<property name="group">31059</property>
			<property name="isSubmenu">True</property>
		</item>
		<item id="4">
			<property name="id">$NUMBER[4]</property>
			<property name="mainmenuid">7</property>
			<label>$LOCALIZE[137]</label>
			<label2>$ADDON[script.skinshortcuts 32017]</label2>
			<icon>DefaultTVShows.png</icon>
			<thumb />
			<property name="labelID">137</property>
			<property name="defaultID">137</property>
			<visible>[System.HasPVRAddon] + String.IsEqual(Container(9000).ListItem.Property(submenuVisibility),num-31059)</visible>
			<onclick>ActivateWindow(TVSearch)</onclick>
			<property name="path">ActivateWindow(TVSearch)</property>
			<property name="list">TVSearch</property>
			<visible>String.IsEqual(System.ProfileName,Master user)</visible>
			<property name="group">31059</property>
			<property name="isSubmenu">True</property>
		</item>
		<item id="1">
			<property name="id">$NUMBER[1]</property>
			<property name="mainmenuid">8</property>
			<label>$LOCALIZE[22020]</label>
			<label2>$ADDON[script.skinshortcuts 32017]</label2>
			<icon>DefaultTVShows.png</icon>
			<thumb />
			<property name="labelID">22020</property>
			<property name="defaultID">22020</property>
			<visible>[System.HasPVRAddon] + String.IsEqual(Container(9000).ListItem.Property(submenuVisibility),info-pvr-nowrecordingtitle)</visible>
			<onclick>ActivateWindow(TVGuide)</onclick>
			<property name="path">ActivateWindow(TVGuide)</property>
			<property name="list">TVGuide</property>
			<visible>String.IsEqual(System.ProfileName,Master user)</visible>
			<property name="group">info-pvr-nowrecordingtitle</property>
			<property name="isSubmenu">True</property>
		</item>
		<item id="2">
			<property name="id">$NUMBER[2]</property>
			<property name="mainmenuid">8</property>
			<label>$LOCALIZE[19163]</label>
			<label2>$ADDON[script.skinshortcuts 32017]</label2>
			<icon>DefaultTVShows.png</icon>
			<thumb />
			<property name="labelID">19163</property>
			<property name="defaultID">19163</property>
			<visible>[System.HasPVRAddon] + String.IsEqual(Container(9000).ListItem.Property(submenuVisibility),info-pvr-nowrecordingtitle)</visible>
			<onclick>ActivateWindow(TVRecordings)</onclick>
			<property name="path">ActivateWindow(TVRecordings)</property>
			<property name="list">TVRecordings</property>
			<visible>String.IsEqual(System.ProfileName,Master user)</visible>
			<property name="group">info-pvr-nowrecordingtitle</property>
			<property name="isSubmenu">True</property>
		</item>
		<item id="3">
			<property name="id">$NUMBER[3]</property>
			<property name="mainmenuid">8</property>
			<label>$LOCALIZE[19040]</label>
			<label2>$ADDON[script.skinshortcuts 32017]</label2>
			<icon>DefaultTVShows.png</icon>
			<thumb />
			<property name="labelID">19040</property>
			<property name="defaultID">19040</property>
			<visible>[System.HasPVRAddon] + String.IsEqual(Container(9000).ListItem.Property(submenuVisibility),info-pvr-nowrecordingtitle)</visible>
			<onclick>ActivateWindow(TVTimers)</onclick>
			<property name="path">ActivateWindow(TVTimers)</property>
			<property name="list">TVTimers</property>
			<visible>String.IsEqual(System.ProfileName,Master user)</visible>
			<property name="group">info-pvr-nowrecordingtitle</property>
			<property name="isSubmenu">True</property>
		</item>
		<item id="4">
			<property name="id">$NUMBER[4]</property>
			<property name="mainmenuid">8</property>
			<label>$LOCALIZE[137]</label>
			<label2>$ADDON[script.skinshortcuts 32017]</label2>
			<icon>DefaultTVShows.png</icon>
			<thumb />
			<property name="labelID">137</property>
			<property name="defaultID">137</property>
			<visible>[System.HasPVRAddon] + String.IsEqual(Container(9000).ListItem.Property(submenuVisibility),info-pvr-nowrecordingtitle)</visible>
			<onclick>ActivateWindow(TVSearch)</onclick>
			<property name="path">ActivateWindow(TVSearch)</property>
			<property name="list">TVSearch</property>
			<visible>String.IsEqual(System.ProfileName,Master user)</visible>
			<property name="group">info-pvr-nowrecordingtitle</property>
			<property name="isSubmenu">True</property>
		</item>
		<item id="1">
			<property name="id">$NUMBER[1]</property>
			<property name="mainmenuid">14</property>
			<label>$LOCALIZE[7]</label>
			<label2>$ADDON[script.skinshortcuts 32034]</label2>
			<icon>DefaultFolder.png</icon>
			<thumb />
			<property name="labelID">7</property>
			<property name="defaultID">7</property>
			<onclick>ActivateWindow(FileManager)</onclick>
			<property name="path">ActivateWindow(FileManager)</property>
			<property name="list">FileManager</property>
			<visible>[String.IsEqual(System.ProfileName,Master user)] + String.IsEqual(Container(9000).ListItem.Property(submenuVisibility),num-5)</visible>
			<property name="group">5</property>
			<property name="isSubmenu">True</property>
		</item>
		<item id="2">
			<property name="id">$NUMBER[2]</property>
			<property name="mainmenuid">14</property>
			<label>$LOCALIZE[13200]</label>
			<label2>$ADDON[script.skinshortcuts 32034]</label2>
			<icon>DefaultShortcut.png</icon>
			<thumb />
			<property name="labelID">13200</property>
			<property name="defaultID">13200</property>
			<onclick>ActivateWindow(Profiles)</onclick>
			<property name="path">ActivateWindow(Profiles)</property>
			<property name="list">Profiles</property>
			<visible>[String.IsEqual(System.ProfileName,Master user)] + String.IsEqual(Container(9000).ListItem.Property(submenuVisibility),num-5)</visible>
			<property name="group">5</property>
			<property name="isSubmenu">True</property>
		</item>
		<item id="3">
			<property name="id">$NUMBER[3]</property>
			<property name="mainmenuid">14</property>
			<label>$LOCALIZE[10007]</label>
			<label2>$ADDON[script.skinshortcuts 32034]</label2>
			<icon>DefaultShortcut.png</icon>
			<thumb />
			<property name="labelID">10007</property>
			<property name="defaultID">10007</property>
			<onclick>ActivateWindow(SystemInfo)</onclick>
			<property name="path">ActivateWindow(SystemInfo)</property>
			<property name="list">SystemInfo</property>
			<visible>[String.IsEqual(System.ProfileName,Master user)] + String.IsEqual(Container(9000).ListItem.Property(submenuVisibility),num-5)</visible>
			<property name="group">5</property>
			<property name="isSubmenu">True</property>
		</item>
		<item id="4">
			<property name="id">$NUMBER[4]</property>
			<property name="mainmenuid">14</property>
			<label>$LOCALIZE[14111]</label>
			<label2>$ADDON[script.skinshortcuts 32034]</label2>
			<icon>DefaultShortcut.png</icon>
			<thumb />
			<property name="labelID">14111</property>
			<property name="defaultID">14111</property>
			<visible>[system.getbool(eventlog.enabled)] + String.IsEqual(Container(9000).ListItem.Property(submenuVisibility),num-5)</visible>
			<onclick>ActivateWindow(EventLog,events://,return)</onclick>
			<property name="path">ActivateWindow(EventLog,events://,return)</property>
			<property name="list">events://</property>
			<visible>String.IsEqual(System.ProfileName,Master user)</visible>
			<property name="group">5</property>
			<property name="isSubmenu">True</property>
		</item>
	</include>
	<include name="skinshortcuts-group-movies">
		<item id="1">
			<property name="id">$NUMBER[1]</property>
			<property name="mainmenuid">1</property>
			<label>$LOCALIZE[20386]</label>
			<label2>$ADDON[script.skinshortcuts 32014]</label2>
			<icon>DefaultRecentlyAddedMovies.png</icon>
			<thumb />
			<property name="labelID">20386</property>
			<property name="defaultID">20386</property>
			<onclick>ActivateWindow(Videos,videodb://recentlyaddedmovies/,return)</onclick>
			<property name="path">ActivateWindow(Videos,videodb://recentlyaddedmovies/,return)</property>
			<property name="list">videodb://recentlyaddedmovies/</property>
			<visible>String.IsEqual(System.ProfileName,Master user)</visible>
			<property name="group">movies</property>
			<property name="isSubmenu">True</property>
		</item>
		<item id="2">
			<property name="id">$NUMBER[2]</property>
			<property name="mainmenuid">1</property>
			<label>$LOCALIZE[20434]</label>
			<label2>$LOCALIZE[342]</label2>
			<icon>DefaultSets.png</icon>
			<thumb />
			<property name="labelID">20434</property>
			<property name="defaultID">20434</property>
			<visible>Library.HasContent(MovieSets)</visible>
			<onclick>ActivateWindow(Videos,videodb://movies/sets/,return)</onclick>
			<property name="path">ActivateWindow(Videos,videodb://movies/sets/,return)</property>
			<property name="list">videodb://movies/sets/</property>
			<visible>String.IsEqual(System.ProfileName,Master user)</visible>
			<property name="group">movies</property>
			<property name="isSubmenu">True</property>
		</item>
		<item id="3">
			<property name="id">$NUMBER[3]</property>
			<property name="mainmenuid">1</property>
			<label>$LOCALIZE[369]</label>
			<label2>$LOCALIZE[342]</label2>
			<icon>DefaultMovieTitle.png</icon>
			<thumb />
			<property name="labelID">369</property>
			<property name="defaultID">369</property>
			<visible>Library.HasContent(Movies)</visible>
			<onclick>ActivateWindow(Videos,videodb://movies/titles/,return)</onclick>
			<property name="path">ActivateWindow(Videos,videodb://movies/titles/,return)</property>
			<property name="list">videodb://movies/titles/</property>
			<visible>String.IsEqual(System.ProfileName,Master user)</visible>
			<property name="group">movies</property>
			<property name="isSubmenu">True</property>
		</item>
		<item id="4">
			<property name="id">$NUMBER[4]</property>
			<property name="mainmenuid">1</property>
			<label>$LOCALIZE[135]</label>
			<label2>$LOCALIZE[342]</label2>
			<icon>DefaultGenre.png</icon>
			<thumb />
			<property name="labelID">135</property>
			<property name="defaultID">135</property>
			<visible>Library.HasContent(Movies)</visible>
			<onclick>ActivateWindow(Videos,videodb://movies/genres/,return)</onclick>
			<property name="path">ActivateWindow(Videos,videodb://movies/genres/,return)</property>
			<property name="list">videodb://movies/genres/</property>
			<visible>String.IsEqual(System.ProfileName,Master user)</visible>
			<property name="group">movies</property>
			<property name="isSubmenu">True</property>
		</item>
		<item id="5">
			<property name="id">$NUMBER[5]</property>
			<property name="mainmenuid">1</property>
			<label>$LOCALIZE[562]</label>
			<label2>$LOCALIZE[342]</label2>
			<icon>DefaultYear.png</icon>
			<thumb />
			<property name="labelID">562</property>
			<property name="defaultID">562</property>
			<visible>Library.HasContent(Movies)</visible>
			<onclick>ActivateWindow(Videos,videodb://movies/years/,return)</onclick>
			<property name="path">ActivateWindow(Videos,videodb://movies/years/,return)</property>
			<property name="list">videodb://movies/years/</property>
			<visible>String.IsEqual(System.ProfileName,Master user)</visible>
			<property name="group">movies</property>
			<property name="isSubmenu">True</property>
		</item>
		<item id="6">
			<property name="id">$NUMBER[6]</property>
			<property name="mainmenuid">1</property>
			<label>$LOCALIZE[344]</label>
			<label2>$LOCALIZE[342]</label2>
			<icon>DefaultActor.png</icon>
			<thumb />
			<property name="labelID">344</property>
			<property name="defaultID">344</property>
			<visible>Library.HasContent(Movies)</visible>
			<onclick>ActivateWindow(Videos,videodb://movies/actors/,return)</onclick>
			<property name="path">ActivateWindow(Videos,videodb://movies/actors/,return)</property>
			<property name="list">videodb://movies/actors/</property>
			<visible>String.IsEqual(System.ProfileName,Master user)</visible>
			<property name="group">movies</property>
			<property name="isSubmenu">True</property>
		</item>
	</include>
	<include name="skinshortcuts-group-alt-movies">
		<item id="1">
			<property name="id">$NUMBER[1]</property>
			<property name="mainmenuid">1</property>
			<label>$LOCALIZE[20386]</label>
			<label2>$ADDON[script.skinshortcuts 32014]</label2>
			<icon>DefaultRecentlyAddedMovies.png</icon>
			<thumb />
			<property name="labelID">20386</property>
			<property name="defaultID">20386</property>
			<onclick>ActivateWindow(Videos,videodb://recentlyaddedmovies/,return)</onclick>
			<property name="path">ActivateWindow(Videos,videodb://recentlyaddedmovies/,return)</property>
			<property name="list">videodb://recentlyaddedmovies/</property>
			<visible>[String.IsEqual(System.ProfileName,Master user)] + String.IsEqual(Window(10000).Property(submenuVisibility),movies)</visible>
			<property name="group">movies</property>
			<property name="isSubmenu">True</property>
		</item>
		<item id="2">
			<property name="id">$NUMBER[2]</property>
			<property name="mainmenuid">1</property>
			<label>$LOCALIZE[20434]</label>
			<label2>$LOCALIZE[342]</label2>
			<icon>DefaultSets.png</icon>
			<thumb />
			<property name="labelID">20434</property>
			<property name="defaultID">20434</property>
			<visible>[Library.HasContent(MovieSets)] + String.IsEqual(Window(10000).Property(submenuVisibility),movies)</visible>
			<onclick>ActivateWindow(Videos,videodb://movies/sets/,return)</onclick>
			<property name="path">ActivateWindow(Videos,videodb://movies/sets/,return)</property>
			<property name="list">videodb://movies/sets/</property>
			<visible>String.IsEqual(System.ProfileName,Master user)</visible>
			<property name="group">movies</property>
			<property name="isSubmenu">True</property>
		</item>
		<item id="3">
			<property name="id">$NUMBER[3]</property>
			<property name="mainmenuid">1</property>
			<label>$LOCALIZE[369]</label>
			<label2>$LOCALIZE[342]</label2>
			<icon>DefaultMovieTitle.png</icon>
			<thumb />
			<property name="labelID">369</property>
			<property name="defaultID">369</property>
			<visible>[Library.HasContent(Movies)] + String.IsEqual(Window(10000).Property(submenuVisibility),movies)</visible>
			<onclick>ActivateWindow(Videos,videodb://movies/titles/,return)</onclick>
			<property name="path">ActivateWindow(Videos,videodb://movies/titles/,return)</property>
			<property name="list">videodb://movies/titles/</property>
			<visible>String.IsEqual(System.ProfileName,Master user)</visible>
			<property name="group">movies</property>
			<property name="isSubmenu">True</property>
		</item>
		<item id="4">
			<property name="id">$NUMBER[4]</property>
			<property name="mainmenuid">1</property>
			<label>$LOCALIZE[135]</label>
			<label2>$LOCALIZE[342]</label2>
			<icon>DefaultGenre.png</icon>
			<thumb />
			<property name="labelID">135</property>
			<property name="defaultID">135</property>
			<visible>[Library.HasContent(Movies)] + String.IsEqual(Window(10000).Property(submenuVisibility),movies)</visible>
			<onclick>ActivateWindow(Videos,videodb://movies/genres/,return)</onclick>
			<property name="path">ActivateWindow(Videos,videodb://movies/genres/,return)</property>
			<property name="list">videodb://movies/genres/</property>
			<visible>String.IsEqual(System.ProfileName,Master user)</visible>
			<property name="group">movies</property>
			<property name="isSubmenu">True</property>
		</item>
		<item id="5">
			<property name="id">$NUMBER[5]</property>
			<property name="mainmenuid">1</property>
			<label>$LOCALIZE[562]</label>
			<label2>$LOCALIZE[342]</label2>
			<icon>DefaultYear.png</icon>
			<thumb />
			<property name="labelID">562</property>
			<property name="defaultID">562</property>
			<visible>[Library.HasContent(Movies)] + String.IsEqual(Window(10000).Property(submenuVisibility),movies)</visible>
			<onclick>ActivateWindow(Videos,videodb://movies/years/,return)</onclick>
			<property name="path">ActivateWindow(Videos,videodb://movies/years/,return)</property>
			<property name="list">videodb://movies/years/</property>
			<visible>String.IsEqual(System.ProfileName,Master user)</visible>
			<property name="group">movies</property>
			<property name="isSubmenu">True</property>
		</item>
		<item id="6">
			<property name="id">$NUMBER[6]</property>
			<property name="mainmenuid">1</property>
			<label>$LOCALIZE[344]</label>
			<label2>$LOCALIZE[342]</label2>
			<icon>DefaultActor.png</icon>
			<thumb />
			<property name="labelID">344</property>
			<property name="defaultID">344</property>
			<visible>[Library.HasContent(Movies)] + String.IsEqual(Window(10000).Property(submenuVisibility),movies)</visible>
			<onclick>ActivateWindow(Videos,videodb://movies/actors/,return)</onclick>
			<property name="path">ActivateWindow(Videos,videodb://movies/actors/,return)</property>
			<property name="list">videodb://movies/actors/</property>
			<visible>String.IsEqual(System.ProfileName,Master user)</visible>
			<property name="group">movies</property>
			<property name="isSubmenu">True</property>
		</item>
	</include>
	<include name="skinshortcuts-group-tvshows">
		<description>No items</description>
	</include>
	<include name="skinshortcuts-group-alt-tvshows">
		<description>No items</description>
	</include>
	<include name="skinshortcuts-group-num-2">
		<item id="1">
			<property name="id">$NUMBER[1]</property>
			<property name="mainmenuid">3</property>
			<label>$LOCALIZE[744]</label>
			<label2>$ADDON[script.skinshortcuts 32019]</label2>
			<icon>DefaultFolder.png</icon>
			<thumb />
			<property name="labelID">744</property>
			<property name="defaultID">744</property>
			<onclick>ActivateWindow(Music,Files,Return)</onclick>
			<property name="path">ActivateWindow(Music,Files,Return)</property>
			<property name="list">Files</property>
			<visible>String.IsEqual(System.ProfileName,Master user)</visible>
			<property name="group">2</property>
			<property name="isSubmenu">True</property>
		</item>
		<item id="2">
			<property name="id">$NUMBER[2]</property>
			<property name="mainmenuid">3</property>
			<label>$LOCALIZE[15100]</label>
			<label2>$ADDON[script.skinshortcuts 32019]</label2>
			<icon>DefaultFolder.png</icon>
			<thumb />
			<property name="labelID">15100</property>
			<property name="defaultID">15100</property>
			<onclick>ActivateWindow(Music,MusicLibrary,return)</onclick>
			<property name="path">ActivateWindow(Music,MusicLibrary,return)</property>
			<property name="list">MusicLibrary</property>
			<visible>String.IsEqual(System.ProfileName,Master user)</visible>
			<property name="group">2</property>
			<property name="isSubmenu">True</property>
		</item>
		<item id="3">
			<property name="id">$NUMBER[3]</property>
			<property name="mainmenuid">3</property>
			<label>$LOCALIZE[1038]</label>
			<label2>$ADDON[script.skinshortcuts 32019]</label2>
			<icon>DefaultAddonMusic.png</icon>
			<thumb />
			<property name="labelID">1038</property>
			<property name="defaultID">1038</property>
			<onclick>ActivateWindow(Music,Addons,return)</onclick>
			<property name="path">ActivateWindow(Music,Addons,return)</property>
			<property name="list">Addons</property>
			<visible>String.IsEqual(System.ProfileName,Master user)</visible>
			<property name="group">2</property>
			<property name="isSubmenu">True</property>
		</item>
	</include>
	<include name="skinshortcuts-group-alt-num-2">
		<item id="1">
			<property name="id">$NUMBER[1]</property>
			<property name="mainmenuid">3</property>
			<label>$LOCALIZE[744]</label>
			<label2>$ADDON[script.skinshortcuts 32019]</label2>
			<icon>DefaultFolder.png</icon>
			<thumb />
			<property name="labelID">744</property>
			<property name="defaultID">744</property>
			<onclick>ActivateWindow(Music,Files,Return)</onclick>
			<property name="path">ActivateWindow(Music,Files,Return)</property>
			<property name="list">Files</property>
			<visible>[String.IsEqual(System.ProfileName,Master user)] + String.IsEqual(Window(10000).Property(submenuVisibility),num-2)</visible>
			<property name="group">2</property>
			<property name="isSubmenu">True</property>
		</item>
		<item id="2">
			<property name="id">$NUMBER[2]</property>
			<property name="mainmenuid">3</property>
			<label>$LOCALIZE[15100]</label>
			<label2>$ADDON[script.skinshortcuts 32019]</label2>
			<icon>DefaultFolder.png</icon>
			<thumb />
			<property name="labelID">15100</property>
			<property name="defaultID">15100</property>
			<onclick>ActivateWindow(Music,MusicLibrary,return)</onclick>
			<property name="path">ActivateWindow(Music,MusicLibrary,return)</property>
			<property name="list">MusicLibrary</property>
			<visible>[String.IsEqual(System.ProfileName,Master user)] + String.IsEqual(Window(10000).Property(submenuVisibility),num-2)</visible>
			<property name="group">2</property>
			<property name="isSubmenu">True</property>
		</item>
		<item id="3">
			<property name="id">$NUMBER[3]</property>
			<property name="mainmenuid">3</property>
			<label>$LOCALIZE[1038]</label>
			<label2>$ADDON[script.skinshortcuts 32019]</label2>
			<icon>DefaultAddonMusic.png</icon>
			<thumb />
			<property name="labelID">1038</property>
			<property name="defaultID">1038</property>
			<onclick>ActivateWindow(Music,Addons,return)</onclick>
			<property name="path">ActivateWindow(Music,Addons,return)</property>
			<property name="list">Addons</property>
			<visible>[String.IsEqual(System.ProfileName,Master user)] + String.IsEqual(Window(10000).Property(submenuVisibility),num-2)</visible>
			<property name="group">2</property>
			<property name="isSubmenu">True</property>
		</item>
	</include>
	<include name="skinshortcuts-group-num-24001">
		<description>No items</description>
	</include>
	<include name="skinshortcuts-group-alt-num-24001">
		<description>No items</description>
	</include>
	<include name="skinshortcuts-group-info-weather-temperature">
		<description>No items</description>
	</include>
	<include name="skinshortcuts-group-alt-info-weather-temperature">
		<description>No items</description>
	</include>
	<include name="skinshortcuts-group-num-1">
		<item id="1">
			<property name="id">$NUMBER[1]</property>
			<property name="mainmenuid">6</property>
			<label>$LOCALIZE[1039]</label>
			<label2>$ADDON[script.skinshortcuts 32020]</label2>
			<icon>DefaultAddonPicture.png</icon>
			<thumb />
			<property name="labelID">1039</property>
			<property name="defaultID">1039</property>
			<onclick>ActivateWindow(Pictures,Addons,return)</onclick>
			<property name="path">ActivateWindow(Pictures,Addons,return)</property>
			<property name="list">Addons</property>
			<visible>String.IsEqual(System.ProfileName,Master user)</visible>
			<property name="group">1</property>
			<property name="isSubmenu">True</property>
		</item>
	</include>
	<include name="skinshortcuts-group-alt-num-1">
		<item id="1">
			<property name="id">$NUMBER[1]</property>
			<property name="mainmenuid">6</property>
			<label>$LOCALIZE[1039]</label>
			<label2>$ADDON[script.skinshortcuts 32020]</label2>
			<icon>DefaultAddonPicture.png</icon>
			<thumb />
			<property name="labelID">1039</property>
			<property name="defaultID">1039</property>
			<onclick>ActivateWindow(Pictures,Addons,return)</onclick>
			<property name="path">ActivateWindow(Pictures,Addons,return)</property>
			<property name="list">Addons</property>
			<visible>[String.IsEqual(System.ProfileName,Master user)] + String.IsEqual(Window(10000).Property(submenuVisibility),num-1)</visible>
			<property name="group">1</property>
			<property name="isSubmenu">True</property>
		</item>
	</include>
	<include name="skinshortcuts-group-num-31059">
		<item id="1">
			<property name="id">$NUMBER[1]</property>
			<property name="mainmenuid">7</property>
			<label>$LOCALIZE[22020]</label>
			<label2>$ADDON[script.skinshortcuts 32017]</label2>
			<icon>DefaultTVShows.png</icon>
			<thumb />
			<property name="labelID">22020</property>
			<property name="defaultID">22020</property>
			<visible>System.HasPVRAddon</visible>
			<onclick>ActivateWindow(TVGuide)</onclick>
			<property name="path">ActivateWindow(TVGuide)</property>
			<property name="list">TVGuide</property>
			<visible>String.IsEqual(System.ProfileName,Master user)</visible>
			<property name="group">31059</property>
			<property name="isSubmenu">True</property>
		</item>
		<item id="2">
			<property name="id">$NUMBER[2]</property>
			<property name="mainmenuid">7</property>
			<label>$LOCALIZE[19163]</label>
			<label2>$ADDON[script.skinshortcuts 32017]</label2>
			<icon>DefaultTVShows.png</icon>
			<thumb />
			<property name="labelID">19163</property>
			<property name="defaultID">19163</property>
			<visible>System.HasPVRAddon</visible>
			<onclick>ActivateWindow(TVRecordings)</onclick>
			<property name="path">ActivateWindow(TVRecordings)</property>
			<property name="list">TVRecordings</property>
			<visible>String.IsEqual(System.ProfileName,Master user)</visible>
			<property name="group">31059</property>
			<property name="isSubmenu">True</property>
		</item>
		<item id="3">
			<property name="id">$NUMBER[3]</property>
			<property name="mainmenuid">7</property>
			<label>$LOCALIZE[19040]</label>
			<label2>$ADDON[script.skinshortcuts 32017]</label2>
			<icon>DefaultTVShows.png</icon>
			<thumb />
			<property name="labelID">19040</property>
			<property name="defaultID">19040</property>
			<visible>System.HasPVRAddon</visible>
			<onclick>ActivateWindow(TVTimers)</onclick>
			<property name="path">ActivateWindow(TVTimers)</property>
			<property name="list">TVTimers</property>
			<visible>String.IsEqual(System.ProfileName,Master user)</visible>
			<property name="group">31059</property>
			<property name="isSubmenu">True</property>
		</item>
		<item id="4">
			<property name="id">$NUMBER[4]</property>
			<property name="mainmenuid">7</property>
			<label>$LOCALIZE[137]</label>
			<label2>$ADDON[script.skinshortcuts 32017]</label2>
			<icon>DefaultTVShows.png</icon>
			<thumb />
			<property name="labelID">137</property>
			<property name="defaultID">137</property>
			<visible>System.HasPVRAddon</visible>
			<onclick>ActivateWindow(TVSearch)</onclick>
			<property name="path">ActivateWindow(TVSearch)</property>
			<property name="list">TVSearch</property>
			<visible>String.IsEqual(System.ProfileName,Master user)</visible>
			<property name="group">31059</property>
			<property name="isSubmenu">True</property>
		</item>
	</include>
	<include name="skinshortcuts-group-alt-num-31059">
		<item id="1">
			<property name="id">$NUMBER[1]</property>
			<property name="mainmenuid">7</property>
			<label>$LOCALIZE[22020]</label>
			<label2>$ADDON[script.skinshortcuts 32017]</label2>
			<icon>DefaultTVShows.png</icon>
			<thumb />
			<property name="labelID">22020</property>
			<property name="defaultID">22020</property>
			<visible>[System.HasPVRAddon] + String.IsEqual(Window(10000).Property(submenuVisibility),num-31059)</visible>
			<onclick>ActivateWindow(TVGuide)</onclick>
			<property name="path">ActivateWindow(TVGuide)</property>
			<property name="list">TVGuide</property>
			<visible>String.IsEqual(System.ProfileName,Master user)</visible>
			<property name="group">31059</property>
			<property name="isSubmenu">True</property>
		</item>
		<item id="2">
			<property name="id">$NUMBER[2]</property>
			<property name="mainmenuid">7</property>
			<label>$LOCALIZE[19163]</label>
			<label2>$ADDON[script.skinshortcuts 32017]</label2>
			<icon>DefaultTVShows.png</icon>
			<thumb />
			<property name="labelID">19163</property>
			<property name="defaultID">19163</property>
			<visible>[System.HasPVRAddon] + String.IsEqual(Window(10000).Property(submenuVisibility),num-31059)</visible>
			<onclick>ActivateWindow(TVRecordings)</onclick>
			<property name="path">ActivateWindow(TVRecordings)</property>
			<property name="list">TVRecordings</property>
			<visible>String.IsEqual(System.ProfileName,Master user)</visible>
			<property name="group">31059</property>
			<property name="isSubmenu">True</property>
		</item>
		<item id="3">
			<property name="id">$NUMBER[3]</property>
			<property name="mainmenuid">7</property>
			<label>$LOCALIZE[19040]</label>
			<label2>$ADDON[script.skinshortcuts 32017]</label2>
			<icon>DefaultTVShows.png</icon>
			<thumb />
			<property name="labelID">19040</property>
			<property name="defaultID">19040</property>
			<visible>[System.HasPVRAddon] + String.IsEqual(Window(10000).Property(submenuVisibility),num-31059)</visible>
			<onclick>ActivateWindow(TVTimers)</onclick>
			<property name="path">ActivateWindow(TVTimers)</property>
			<property name="list">TVTimers</property>
			<visible>String.IsEqual(System.ProfileName,Master user)</visible>
			<property name="group">31059</property>
			<property name="isSubmenu">True</property>
		</item>
		<item id="4">
			<property name="id">$NUMBER[4]</property>
			<property name="mainmenuid">7</property>
			<label>$LOCALIZE[137]</label>
			<label2>$ADDON[script.skinshortcuts 32017]</label2>
			<icon>DefaultTVShows.png</icon>
			<thumb />
			<property name="labelID">137</property>
			<property name="defaultID">137</property>
			<visible>[System.HasPVRAddon] + String.IsEqual(Window(10000).Property(submenuVisibility),num-31059)</visible>
			<onclick>ActivateWindow(TVSearch)</onclick>
			<property name="path">ActivateWindow(TVSearch)</property>
			<property name="list">TVSearch</property>
			<visible>String.IsEqual(System.ProfileName,Master user)</visible>
			<property name="group">31059</property>
			<property name="isSubmenu">True</property>
		</item>
	</include>
	<include name="skinshortcuts-group-info-pvr-nowrecordingtitle">
		<item id="1">
			<property name="id">$NUMBER[1]</property>
			<property name="mainmenuid">8</property>
			<label>$LOCALIZE[22020]</label>
			<label2>$ADDON[script.skinshortcuts 32017]</label2>
			<icon>DefaultTVShows.png</icon>
			<thumb />
			<property name="labelID">22020</property>
			<property name="defaultID">22020</property>
			<visible>System.HasPVRAddon</visible>
			<onclick>ActivateWindow(TVGuide)</onclick>
			<property name="path">ActivateWindow(TVGuide)</property>
			<property name="list">TVGuide</property>
			<visible>String.IsEqual(System.ProfileName,Master user)</visible>
			<property name="group">info-pvr-nowrecordingtitle</property>
			<property name="isSubmenu">True</property>
		</item>
		<item id="2">
			<property name="id">$NUMBER[2]</property>
			<property name="mainmenuid">8</property>
			<label>$LOCALIZE[19163]</label>
			<label2>$ADDON[script.skinshortcuts 32017]</label2>
			<icon>DefaultTVShows.png</icon>
			<thumb />
			<property name="labelID">19163</property>
			<property name="defaultID">19163</property>
			<visible>System.HasPVRAddon</visible>
			<onclick>ActivateWindow(TVRecordings)</onclick>
			<property name="path">ActivateWindow(TVRecordings)</property>
			<property name="list">TVRecordings</property>
			<visible>String.IsEqual(System.ProfileName,Master user)</visible>
			<property name="group">info-pvr-nowrecordingtitle</property>
			<property name="isSubmenu">True</property>
		</item>
		<item id="3">
			<property name="id">$NUMBER[3]</property>
			<property name="mainmenuid">8</property>
			<label>$LOCALIZE[19040]</label>
			<label2>$ADDON[script.skinshortcuts 32017]</label2>
			<icon>DefaultTVShows.png</icon>
			<thumb />
			<property name="labelID">19040</property>
			<property name="defaultID">19040</property>
			<visible>System.HasPVRAddon</visible>
			<onclick>ActivateWindow(TVTimers)</onclick>
			<property name="path">ActivateWindow(TVTimers)</property>
			<property name="list">TVTimers</property>
			<visible>String.IsEqual(System.ProfileName,Master user)</visible>
			<property name="group">info-pvr-nowrecordingtitle</property>
			<property name="isSubmenu">True</property>
		</item>
		<item id="4">
			<property name="id">$NUMBER[4]</property>
			<property name="mainmenuid">8</property>
			<label>$LOCALIZE[137]</label>
			<label2>$ADDON[script.skinshortcuts 32017]</label2>
			<icon>DefaultTVShows.png</icon>
			<thumb />
			<property name="labelID">137</property>
			<property name="defaultID">137</property>
			<visible>System.HasPVRAddon</visible>
			<onclick>ActivateWindow(TVSearch)</onclick>
			<property name="path">ActivateWindow(TVSearch)</property>
			<property name="list">TVSearch</property>
			<visible>String.IsEqual(System.ProfileName,Master user)</visible>
			<property name="group">info-pvr-nowrecordingtitle</property>
			<property name="isSubmenu">True</property>
		</item>
	</include>
	<include name="skinshortcuts-group-alt-info-pvr-nowrecordingtitle">
		<item id="1">
			<property name="id">$NUMBER[1]</property>
			<property name="mainmenuid">8</property>
			<label>$LOCALIZE[22020]</label>
			<label2>$ADDON[script.skinshortcuts 32017]</label2>
			<icon>DefaultTVShows.png</icon>
			<thumb />
			<property name="labelID">22020</property>
			<property name="defaultID">22020</property>
			<visible>[System.HasPVRAddon] + String.IsEqual(Window(10000).Property(submenuVisibility),info-pvr-nowrecordingtitle)</visible>
			<onclick>ActivateWindow(TVGuide)</onclick>
			<property name="path">ActivateWindow(TVGuide)</property>
			<property name="list">TVGuide</property>
			<visible>String.IsEqual(System.ProfileName,Master user)</visible>
			<property name="group">info-pvr-nowrecordingtitle</property>
			<property name="isSubmenu">True</property>
		</item>
		<item id="2">
			<property name="id">$NUMBER[2]</property>
			<property name="mainmenuid">8</property>
			<label>$LOCALIZE[19163]</label>
			<label2>$ADDON[script.skinshortcuts 32017]</label2>
			<icon>DefaultTVShows.png</icon>
			<thumb />
			<property name="labelID">19163</property>
			<property name="defaultID">19163</property>
			<visible>[System.HasPVRAddon] + String.IsEqual(Window(10000).Property(submenuVisibility),info-pvr-nowrecordingtitle)</visible>
			<onclick>ActivateWindow(TVRecordings)</onclick>
			<property name="path">ActivateWindow(TVRecordings)</property>
			<property name="list">TVRecordings</property>
			<visible>String.IsEqual(System.ProfileName,Master user)</visible>
			<property name="group">info-pvr-nowrecordingtitle</property>
			<property name="isSubmenu">True</property>
		</item>
		<item id="3">
			<property name="id">$NUMBER[3]</property>
			<property name="mainmenuid">8</property>
			<label>$LOCALIZE[19040]</label>
			<label2>$ADDON[script.skinshortcuts 32017]</label2>
			<icon>DefaultTVShows.png</icon>
			<thumb />
			<property name="labelID">19040</property>
			<property name="defaultID">19040</property>
			<visible>[System.HasPVRAddon] + String.IsEqual(Window(10000).Property(submenuVisibility),info-pvr-nowrecordingtitle)</visible>
			<onclick>ActivateWindow(TVTimers)</onclick>
			<property name="path">ActivateWindow(TVTimers)</property>
			<property name="list">TVTimers</property>
			<visible>String.IsEqual(System.ProfileName,Master user)</visible>
			<property name="group">info-pvr-nowrecordingtitle</property>
			<property name="isSubmenu">True</property>
		</item>
		<item id="4">
			<property name="id">$NUMBER[4]</property>
			<property name="mainmenuid">8</property>
			<label>$LOCALIZE[137]</label>
			<label2>$ADDON[script.skinshortcuts 32017]</label2>
			<icon>DefaultTVShows.png</icon>
			<thumb />
			<property name="labelID">137</property>
			<property name="defaultID">137</property>
			<visible>[System.HasPVRAddon] + String.IsEqual(Window(10000).Property(submenuVisibility),info-pvr-nowrecordingtitle)</visible>
			<onclick>ActivateWindow(TVSearch)</onclick>
			<property name="path">ActivateWindow(TVSearch)</property>
			<property name="list">TVSearch</property>
			<visible>String.IsEqual(System.ProfileName,Master user)</visible>
			<property name="group">info-pvr-nowrecordingtitle</property>
			<property name="isSubmenu">True</property>
		</item>
	</include>
	<include name="skinshortcuts-group-num-1036">
		<description>No items</description>
	</include>
	<include name="skinshortcuts-group-alt-num-1036">
		<description>No items</description>
	</include>
	<include name="skinshortcuts-group-num-31422">
		<description>No items</description>
	</include>
	<include name="skinshortcuts-group-alt-num-31422">
		<description>No items</description>
	</include>
	<include name="skinshortcuts-group-num-31037">
		<description>No items</description>
	</include>
	<include name="skinshortcuts-group-alt-num-31037">
		<description>No items</description>
	</include>
	<include name="skinshortcuts-group-num-20094">
		<description>No items</description>
	</include>
	<include name="skinshortcuts-group-alt-num-20094">
		<description>No items</description>
	</include>
	<include name="skinshortcuts-group-script-globalsearch">
		<description>No items</description>
	</include>
	<include name="skinshortcuts-group-alt-script-globalsearch">
		<description>No items</description>
	</include>
	<include name="skinshortcuts-group-num-5">
		<item id="1">
			<property name="id">$NUMBER[1]</property>
			<property name="mainmenuid">14</property>
			<label>$LOCALIZE[7]</label>
			<label2>$ADDON[script.skinshortcuts 32034]</label2>
			<icon>DefaultFolder.png</icon>
			<thumb />
			<property name="labelID">7</property>
			<property name="defaultID">7</property>
			<onclick>ActivateWindow(FileManager)</onclick>
			<property name="path">ActivateWindow(FileManager)</property>
			<property name="list">FileManager</property>
			<visible>String.IsEqual(System.ProfileName,Master user)</visible>
			<property name="group">5</property>
			<property name="isSubmenu">True</property>
		</item>
		<item id="2">
			<property name="id">$NUMBER[2]</property>
			<property name="mainmenuid">14</property>
			<label>$LOCALIZE[13200]</label>
			<label2>$ADDON[script.skinshortcuts 32034]</label2>
			<icon>DefaultShortcut.png</icon>
			<thumb />
			<property name="labelID">13200</property>
			<property name="defaultID">13200</property>
			<onclick>ActivateWindow(Profiles)</onclick>
			<property name="path">ActivateWindow(Profiles)</property>
			<property name="list">Profiles</property>
			<visible>String.IsEqual(System.ProfileName,Master user)</visible>
			<property name="group">5</property>
			<property name="isSubmenu">True</property>
		</item>
		<item id="3">
			<property name="id">$NUMBER[3]</property>
			<property name="mainmenuid">14</property>
			<label>$LOCALIZE[10007]</label>
			<label2>$ADDON[script.skinshortcuts 32034]</label2>
			<icon>DefaultShortcut.png</icon>
			<thumb />
			<property name="labelID">10007</property>
			<property name="defaultID">10007</property>
			<onclick>ActivateWindow(SystemInfo)</onclick>
			<property name="path">ActivateWindow(SystemInfo)</property>
			<property name="list">SystemInfo</property>
			<visible>String.IsEqual(System.ProfileName,Master user)</visible>
			<property name="group">5</property>
			<property name="isSubmenu">True</property>
		</item>
		<item id="4">
			<property name="id">$NUMBER[4]</property>
			<property name="mainmenuid">14</property>
			<label>$LOCALIZE[14111]</label>
			<label2>$ADDON[script.skinshortcuts 32034]</label2>
			<icon>DefaultShortcut.png</icon>
			<thumb />
			<property name="labelID">14111</property>
			<property name="defaultID">14111</property>
			<visible>system.getbool(eventlog.enabled)</visible>
			<onclick>ActivateWindow(EventLog,events://,return)</onclick>
			<property name="path">ActivateWindow(EventLog,events://,return)</property>
			<property name="list">events://</property>
			<visible>String.IsEqual(System.ProfileName,Master user)</visible>
			<property name="group">5</property>
			<property name="isSubmenu">True</property>
		</item>
	</include>
	<include name="skinshortcuts-group-alt-num-5">
		<item id="1">
			<property name="id">$NUMBER[1]</property>
			<property name="mainmenuid">14</property>
			<label>$LOCALIZE[7]</label>
			<label2>$ADDON[script.skinshortcuts 32034]</label2>
			<icon>DefaultFolder.png</icon>
			<thumb />
			<property name="labelID">7</property>
			<property name="defaultID">7</property>
			<onclick>ActivateWindow(FileManager)</onclick>
			<property name="path">ActivateWindow(FileManager)</property>
			<property name="list">FileManager</property>
			<visible>[String.IsEqual(System.ProfileName,Master user)] + String.IsEqual(Window(10000).Property(submenuVisibility),num-5)</visible>
			<property name="group">5</property>
			<property name="isSubmenu">True</property>
		</item>
		<item id="2">
			<property name="id">$NUMBER[2]</property>
			<property name="mainmenuid">14</property>
			<label>$LOCALIZE[13200]</label>
			<label2>$ADDON[script.skinshortcuts 32034]</label2>
			<icon>DefaultShortcut.png</icon>
			<thumb />
			<property name="labelID">13200</property>
			<property name="defaultID">13200</property>
			<onclick>ActivateWindow(Profiles)</onclick>
			<property name="path">ActivateWindow(Profiles)</property>
			<property name="list">Profiles</property>
			<visible>[String.IsEqual(System.ProfileName,Master user)] + String.IsEqual(Window(10000).Property(submenuVisibility),num-5)</visible>
			<property name="group">5</property>
			<property name="isSubmenu">True</property>
		</item>
		<item id="3">
			<property name="id">$NUMBER[3]</property>
			<property name="mainmenuid">14</property>
			<label>$LOCALIZE[10007]</label>
			<label2>$ADDON[script.skinshortcuts 32034]</label2>
			<icon>DefaultShortcut.png</icon>
			<thumb />
			<property name="labelID">10007</property>
			<property name="defaultID">10007</property>
			<onclick>ActivateWindow(SystemInfo)</onclick>
			<property name="path">ActivateWindow(SystemInfo)</property>
			<property name="list">SystemInfo</property>
			<visible>[String.IsEqual(System.ProfileName,Master user)] + String.IsEqual(Window(10000).Property(submenuVisibility),num-5)</visible>
			<property name="group">5</property>
			<property name="isSubmenu">True</property>
		</item>
		<item id="4">
			<property name="id">$NUMBER[4]</property>
			<property name="mainmenuid">14</property>
			<label>$LOCALIZE[14111]</label>
			<label2>$ADDON[script.skinshortcuts 32034]</label2>
			<icon>DefaultShortcut.png</icon>
			<thumb />
			<property name="labelID">14111</property>
			<property name="defaultID">14111</property>
			<visible>[system.getbool(eventlog.enabled)] + String.IsEqual(Window(10000).Property(submenuVisibility),num-5)</visible>
			<onclick>ActivateWindow(EventLog,events://,return)</onclick>
			<property name="path">ActivateWindow(EventLog,events://,return)</property>
			<property name="list">events://</property>
			<visible>String.IsEqual(System.ProfileName,Master user)</visible>
			<property name="group">5</property>
			<property name="isSubmenu">True</property>
		</item>
	</include>
	<include name="skinshortcuts-group-num-33060">
		<description>No items</description>
	</include>
	<include name="skinshortcuts-group-alt-num-33060">
		<description>No items</description>
	</include>
	<include name="skinshortcuts-group-33060-0">
		<description>No items</description>
	</include>
	<include name="skinshortcuts-group-alt-33060-0">
		<description>No items</description>
	</include>
</includes>
