<?xml version="1.0" encoding="UTF-8"?>
<window>
    <allowoverlay>no</allowoverlay>
    <onunload>RunScript(script.skinshortcuts,type=buildxml&amp;mainmenuID=9000&amp;level=0)</onunload>
    <defaultcontrol always="true">211</defaultcontrol>
    <controls>
        <include>OtherBackground</include>
        <control type="group" id="200">
            <!-- id 211 - Current shortcuts -->
            <control type="panel" id="211">
                <width>1800</width>
                <height>980</height>
                <top>120</top>
                <left>60</left>
                <onleft>noop</onleft>
                <onright>noop</onright>
                <onup>300</onup>
                <ondown>noop</ondown>
                <scrolltime tween="sine" easing="inout">280</scrolltime>
                <itemlayout height="290" width="360">
                    <control type="image" description="shade_base">
                        <centerleft>180</centerleft>
                        <top>10</top>
                        <width>350</width>
                        <height>250</height>
                        <texture>icons/iconbase.png</texture>
                    </control>
                    <control type="image" description="color base">
                        <centerleft>180</centerleft>
                        <centertop>130</centertop>
                        <width>287</width>
                        <height>179</height>
                        <texture diffuse="icons/diffusehomeicon.png">$INFO[ListItem.label2]</texture>
                    </control>
                    <control type="image" description="THMBSICONS">
                        <centerleft>180</centerleft>
                        <centertop>130</centertop>
                        <width>287</width>
                        <height>179</height>
                        <texture diffuse="icons/diffusehomeicon.png">$INFO[ListItem.Icon]</texture>
                        <aspectratio scalediffuse="false">scale</aspectratio>
                    </control>
                    <control type="image">
                        <visible>String.IsEqual(ListItem.Property(skinshortcuts-disabled),True)</visible>
                        <centerleft>180</centerleft>
                        <centertop>130</centertop>
                        <width>287</width>
                        <height>179</height>
                        <texture colordiffuse="aa000000" border="8">images/White.png</texture>
                    </control>					
                    <control type="label" description="label">
                        <centerleft>180</centerleft>
                        <top>232</top>
                        <width>364</width>
                        <height>24</height>
                        <font>size28</font>
                        <align>center</align>
						<textcolor>darktextunfo</textcolor>
                        <label>$INFO[ListItem.label]</label>
                    </control>					
                </itemlayout>
                <focusedlayout height="290" width="360">
                    <control type="group">
                        <!--animation effect="zoom" start="100" end="130" time="120" center="180,210" tween="Back" easing="Out">Focus</animation>
                        <animation effect="zoom" start="130" end="100" time="120" center="180,210">unFocus</animation-->
						<include condition="Skin.HasSetting(HomeIconZoom)">HomeIconZoom</include>
						<include condition="Skin.HasSetting(HomeIconZoom)">HomeIconZoomShadow</include>
                        <!--control type="image" description="shade_base">
                            <centerleft>180</centerleft>
                            <animation effect="slide" start="0,0" end="0,34" time="240" reversible="true" tween="Back" easing="Out">Focus</animation>
                            <top>10</top>
                            <width>350</width>
                            <height>250</height>
                            <texture>icons/iconbase.png</texture>
                        </control-->
                        <control type="image" description="color base">
                            <centerleft>180</centerleft>
                            <centertop>130</centertop>
                            <width>287</width>
                            <height>179</height>
                            <texture diffuse="icons/diffusehomeicon.png">$INFO[ListItem.label2]</texture>
                        </control>
                        <control type="image" description="THMBSICONS">
                            <centerleft>180</centerleft>
                            <centertop>130</centertop>
                            <width>287</width>
                            <height>179</height>
                            <texture diffuse="icons/diffusehomeicon.png">$INFO[ListItem.Icon]</texture>
                            <aspectratio scalediffuse="false">scale</aspectratio>
                        </control>
                        <control type="image">
                            <visible>String.IsEqual(ListItem.Property(skinshortcuts-disabled),True)</visible>
                            <centerleft>180</centerleft>
                            <centertop>130</centertop>
                            <width>287</width>
                            <height>179</height>
                            <texture colordiffuse="aa000000" border="8">images/White.png</texture>
                        </control>
                    </control>
                    <control type="label" description="label">
                        <animation effect="fade" start="0" end="100" time="180">Focus</animation>
                        <animation effect="fade" start="100" end="0" time="100">unFocus</animation>
                        <centerleft>180</centerleft>
                        <top>252</top>
                        <width>368</width>
                        <height>24</height>
                        <font>size28</font>
                        <align>center</align>
						<textcolor>darktext</textcolor>
                        <label>[B]$INFO[ListItem.label][/B]</label>
                    </control>
                </focusedlayout>
                <content></content>
            </control>
			<include condition="!Skin.HasSetting(HomeIconZoom)">HomeSliderCustom</include>			
        </control>
        <control type="grouplist" id="300" description="Top Options">
			<visible>Container(211).Row(0)</visible>
			<!--visible allowhiddenfocus="true">Control.HasFocus(300)</visible-->
			<centerleft>960</centerleft>
            <top>40</top>
            <width>600</width>
            <ondown>211</ondown>
            <onup>noop</onup>
            <align>center</align>
            <orientation>horizontal</orientation>
            <control type="button" id="404">
				<!--animation effect="zoom" start="100" end="116" time="120" center="180,275" tween="Back" easing="Out">Focus</animation>
				<animation effect="zoom" start="116" end="100" time="120" center="180,275">unFocus</animation-->	
				<centerleft>960</centerleft>
				<include>DialogButt</include>
                <description>Viewtype</description>			
                <onclick>SetProperty(chooseProperty,viewtype)</onclick>
				<onclick>SendClick(404)</onclick>
                <label>Shelf Viewtype</label>
            </control>
            <!--control type="button" id="301">
                <visible>Integer.IsLessOrEqual(Container(211).NumItems,29)</visible>
                <description>Add a new shortcut</description>
                <include>osdtopbutton</include>
                <onclick></onclick>
                <label>$ADDON[script.skinshortcuts 32000]</label>
            </control>
            <!--<control type="togglebutton" id="313">-->
            <!--<usealttexture>String.IsEqual(Container(211).ListItem.Property(skinshortcuts-disabled),False)</usealttexture>-->
            <!--<description>Move shortcut up</description>-->
            <!--<include>osdtopbutton</include>-->
            <!--<onclick>SetFocus(211)</onclick>-->
            <!--<label>$LOCALIZE[24022]</label>-->
            <!--<altlabel>$LOCALIZE[24021]</altlabel>-->
            <!--</control>-->			
            <!--<control type="button" id="303">
                <description>Move shortcut up</description>
                <include>osdtopbutton</include>
                <onclick>noop</onclick>
                <label>$ADDON[script.skinshortcuts 32002]</label>
            </control>
            <!--<control type="button" id="304">
                <description>Move shortcut down</description>
                <include>osdtopbutton</include>
                <onclick>noop</onclick>
                <label>$ADDON[script.skinshortcuts 32003]</label>
            </control>
            <!--<control type="button" id="305">-->
            <!--<description>Change shortcut label</description>-->
            <!--<include>osdtopbutton</include>-->
            <!--<onclick>noop</onclick>-->
            <!--<label>$ADDON[script.skinshortcuts 32025]</label>-->
            <!--</control>-->
            <!--<control type="button" id="306">-->
            <!--<description>Change shortcut thumbnail</description>-->
            <!--<include>osdtopbutton</include>-->
            <!--<onclick>noop</onclick>-->
            <!--<label>$ADDON[script.skinshortcuts 32026]</label>-->
            <!--</control>-->
            <!--<control type="button" id="307">-->
            <!--<description>Change shortcut action</description>-->
            <!--<include>osdtopbutton</include>-->
            <!--<onclick>noop</onclick>-->
            <!--<label>$ADDON[script.skinshortcuts 32027]</label>-->
            <!--</control>-->
            <!--<control type="button" id="401">-->
            <!--<description>function</description>-->
            <!--<include>osdtopbutton</include>-->
            <!--<onclick>SetFocus(211)</onclick>-->
            <!--<label>$ADDON[script.skinshortcuts 32048]</label>-->
            <!--</control>-->
            <!--<control type="button" id="302">-->
            <!--<description>Delete shortcut</description>-->
            <!--<include>osdtopbutton</include>-->
            <!--<onclick>noop</onclick>-->
            <!--<label>$ADDON[script.skinshortcuts 32001]</label>-->
            <!--</control>-->
            <!--<control type="button" id="313">
                <description>Disable shortcut</description>
                <include>osdtopbutton</include>
                <onclick>noop</onclick>
                <label>$LOCALIZE[24021]</label>
            </control>
            <!--<control type="button" id="308">
                <description>Reset shortcuts</description>
                <include>osdtopbutton</include>
                <onclick>noop</onclick>
                <label>$ADDON[script.skinshortcuts 32028]</label>
            </control-->
        </control>
        <control type="image">
            <width>480</width>
            <height>80</height>
            <bottom>10</bottom>
            <texture colordiffuse="osdoverlay" border="8">images/White.png</texture>
        </control>
        <control type="label">
            <left>60</left>
            <bottom>12</bottom>
            <width>470</width>
            <label>Long Press to Edit Item</label>
        </control>
        <control type="group">
            <visible>!Integer.IsLessOrEqual(Container(211).NumItems,29)</visible>
            <control type="image">
                <width>480</width>
                <height>80</height>
                <bottom>10</bottom>
                <right>0</right>
                <texture colordiffuse="red" border="8">images/White.png</texture>
            </control>
            <control type="label">
                <right>60</right>
                <width>410</width>
                <bottom>12</bottom>
                <align>right</align>
                <label>Max Item Number</label>
            </control>
        </control>
    </controls>
</window>
