<?xml version="1.0" encoding="UTF-8"?>
<window id="34">
  <defaultcontrol always="true">2</defaultcontrol>
  <allowoverlay>no</allowoverlay>
  <include>OpenClose</include>
  <controls>
    <include>OtherBackground</include>
    <control type="label" description="Heading">
      <top>70</top>
      <include>Heading</include>
      <label>10034</label>
    </control>
    <control type="togglebutton" id="4" description="Toggle Login Screen">
      <left>610</left>
      <top>160</top>
      <height>81</height>
      <width>700</width>
      <label>$LOCALIZE[20096]:  $LOCALIZE[1223]</label>
      <altlabel>$LOCALIZE[20096]:  $LOCALIZE[305]</altlabel>
      <align>center</align>
      <onright>noop</onright>
      <onleft>noop</onleft>
      <onup>2</onup>
      <ondown>2</ondown>
      <font>size36</font>
      <textoffsetx>20</textoffsetx>
    </control>
    <control type="image">
      <animation effect="fade" time="300">VisibleChange</animation>
      <top>256</top>
      <width>1920</width>
      <height>1</height>
      <texture>images/Line.png</texture>
      <aspectratio>stretch</aspectratio>
    </control>
    <control type="group" description="List">
      <left>510</left>
      <top>282</top>
      <control type="list" id="2">
        <left>0</left>
        <top>0</top>
        <width>900</width>
        <height>730</height>
        <onleft>noop</onleft>
        <onright>noop</onright>
        <onup>4</onup>
        <ondown>noop</ondown>
        <pagecontrol>60</pagecontrol>
        <scrolltime>280</scrolltime>
        <itemlayout height="81">
          <control type="label" description="Main Label">
            <left>30</left>
            <height>81</height>
            <width>900</width>
            <aligny>center</aligny>
            <font>size36</font>
            <label>$INFO[ListItem.Label]</label>
          </control>
        </itemlayout>
        <focusedlayout height="81">
          <control type="image">
            <visible>!Control.HasFocus(4)</visible>
            <width>900</width>
            <height>81</height>
            <texture border="8">images/Buttonselect.png</texture>
            <aspectratio>stretch</aspectratio>
          </control>
          <control type="label" description="Main Label">
            <left>30</left>
            <height>81</height>
            <width>900</width>
            <aligny>center</aligny>
            <font>size36</font>
            <textcolor>White2</textcolor>
            <label>$INFO[ListItem.Label]</label>
          </control>
        </focusedlayout>
      </control>
    </control>
    <control type="image">
      <top>30</top>
      <left>30</left>
      <width>80</width>
      <height>80</height>
      <texture diffuse="images/logindiffuse.png">$INFO[System.ProfileThumb]</texture>
      <aspectratio>stretch</aspectratio>
    </control>
  </controls>
</window>
