<?xml version="1.0" encoding="UTF-8"?>
<window id="129">
    <defaultcontrol always="true">9001</defaultcontrol>
    <allowoverlay>no</allowoverlay>
    <include>DialogOpenClose</include>
    <controls>
        <control type="image">
            <top>90</top>
            <centerleft>960</centerleft>
            <width>1530</width>
            <height>870</height>
            <texture border="8">images/White.png</texture>
            <colordiffuse>dialog</colordiffuse>
        </control>
        <control type="group">
            <top>150</top>
            <control type="label">
                <description>header label</description>
                <centerleft>960</centerleft>
                <width>1140</width>
                <font>size39B</font>
                <align>center</align>
                <label>21421</label>
            </control>
            <control type="label" description="Rule match label">
                <centerleft>960</centerleft>
                <top>66</top>
                <width>1080</width>
                <align>center</align>
                <textcolor>gray</textcolor>
                <label>21422</label>
            </control>
            <control type="grouplist" id="9001">
                <centerleft>960</centerleft>
                <top>150</top>
                <width>1100</width>
                <ondown>9002</ondown>
                <control type="button" id="15">
                    <description>Rule Field</description>
                    <width>1100</width>
                </control>
                <control type="button" id="16">
                    <description>Rule operator</description>
                    <width>1100</width>
                </control>
                <control type="edit" id="17">
                    <description>Value Button</description>
                    <width>1100</width>
                    <onup>9001</onup>
                    <onleft>20</onleft>
                    <onright>20</onright>
                    <ondown>9000</ondown>
                </control>
                <control type="button" id="20">
                    <description>Browse Button</description>
                    <left>938</left>
                    <top>234</top>
                    <width>1100</width>
                    <label>1024</label>
                    <onup>9001</onup>
                    <onleft>17</onleft>
                    <onright>17</onright>
                    <ondown>9000</ondown>
                </control>
            </control>
            <control type="grouplist" id="9002">
                <orientation>horizontal</orientation>
                <top>700</top>
                <centerleft>960</centerleft>
                <width>1100</width>
                <align>center</align>
                <onup>9001</onup>
                <control type="button" id="18">
                    <description>Ok Button</description>
                    <left>278</left>
                    <top>366</top>
                    <width>300</width>
                    <label>186</label>
                </control>
                <control type="button" id="19">
                    <description>Cancel Button</description>
                    <left>622</left>
                    <top>366</top>
                    <width>300</width>
                    <label>222</label>
                </control>
            </control>

        </control>
    </controls>
</window>
