<?xml version='1.0' encoding='UTF-8'?>
<shortcuts>
    <shortcut>
        <defaultID>movies</defaultID>
        <label>342</label>
        <icon>-</icon>
        <label2>-</label2>
        <thumb>icons/movies.png</thumb>
        <action>ActivateWindow(Videos,videodb://movies/titles/,return)</action>
		<visible>Library.HasContent(Video)</visible>
    </shortcut>
    <shortcut>
        <defaultID>episodes</defaultID>
        <label>20343</label>
        <icon>-</icon>
        <label2>-</label2>
        <thumb>icons/tvshows.png</thumb>
        <action>ActivateWindow(Videos,videodb://tvshows/titles/,return)</action>
		<visible>Library.HasContent(TVShows)</visible>
    </shortcut>
    <shortcut>
        <defaultID>music</defaultID>
        <label>2</label>
        <icon>-</icon>
        <label2>-</label2>
        <thumb>icons/music.png</thumb>
        <action>ActivateWindow(Music,Musicdb://,return)</action>
		<visible>Library.HasContent(Music)</visible>
    </shortcut>
    <shortcut>
        <defaultID>addons</defaultID>
        <label>24001</label>
        <icon>-</icon>
        <label2>-</label2>
        <thumb>icons/addons.png</thumb>
        <action>ActivateWindow(1118)</action>
    </shortcut>
    <shortcut>
        <defaultID>weather</defaultID>
        <label>$INFO[Weather.Temperature]</label>
        <!--icon>$INFO[Weather.Conditions]</icon-->
		<icon>$INFO[Window(weather).Property(Current.FanartCode),weathershelf/,.png]</icon>
        <!--label2>icons/white.png</label2-->
		<label2>$INFO[Window(weather).Property(Current.FanartCode),weather/,.png]</label2>
        <thumb>-</thumb>
        <!--action>SetFocus(700)</action-->
		<action>ActivateWindow(MyWeather)</action>
    </shortcut>
    <shortcut>
        <defaultID>pictures</defaultID>
        <label>1</label>
        <icon>-</icon>
        <label2>-</label2>
        <thumb>icons/photos.png</thumb>
        <action>ActivateWindow(2)</action>
    </shortcut>
    <shortcut>
        <defaultID>livetv</defaultID>
        <label>31059</label>
        <icon>-</icon>
        <label2>-</label2>
        <thumb>icons/LiveTV.png</thumb>
        <!--<action>SetFocus(10040)</action>-->
        <action>ActivateWindow(1718)</action>
        <visible>!Pvr.IsRecording + Pvr.HasTVChannels</visible>
    </shortcut>
    <shortcut>
        <defaultID>livetv</defaultID>
        <label>$INFO[Pvr.NowRecordingTitle]</label>
        <icon>-</icon>
        <label2>-</label2>
        <thumb>icons/LiveTVrec.png</thumb>
        <action>SetFocus(10040)</action>
        <visible>Pvr.IsRecording + Pvr.HasTVChannels</visible>
    </shortcut>
    <shortcut>
        <defaultID>favourites</defaultID>
        <label>1036</label>
        <icon>-</icon>
        <label2>-</label2>
        <thumb>icons/favs.png</thumb>
        <action>ActivateWindow(134)</action>
    </shortcut>
    <shortcut>
        <defaultID>upcomingmovies</defaultID>
        <label>31422</label>
        <icon>-</icon>
        <label2>-</label2>
        <thumb>icons/extendedinfotheater.png</thumb>
        <action>SetFocus(700)</action>
        <visible>System.HasAddon(script.extendedinfo) + Skin.HasSetting(upcomingmovies)</visible>
    </shortcut>
    <shortcut>
        <defaultID>programs</defaultID>
        <label>31037</label>
        <icon>-</icon>
        <label2>-</label2>
        <thumb>icons/program.png</thumb>
        <action>ActivateWindow(AddonBrowser,root)</action>
    </shortcut>
    <shortcut>
        <defaultID>sources</defaultID>
        <label>20094</label>
        <icon>-</icon>
        <label2>-</label2>
        <thumb>icons/sources.png</thumb>
        <!--<action>SetFocus(10010)</action>-->
        <action>ActivateWindow(1115)</action>
    </shortcut>
    <shortcut>
        <defaultID>search</defaultID>
        <label>search</label>
        <icon>-</icon>
        <label2>-</label2>
        <thumb>icons/search.png</thumb>
        <action>RunScript(script.globalsearch)</action>
		<visible>System.HasAddon(script.globalsearch)</visible>
    </shortcut>
    <shortcut>
        <defaultID>settings</defaultID>
        <label>5</label>
        <label2>-</label2>
        <icon>-</icon>
        <thumb>icons/settings.png</thumb>
        <action>ActivateWindow(1120)</action>
        <!--<action>SetFocus(10020)</action>-->
    </shortcut>
    <shortcut>
        <defaultID>shutdownmenu</defaultID>
        <label>33060</label>
        <icon>-</icon>
        <label2>-</label2>
        <thumb>icons/quits.png</thumb>
        <visible>!Player.HasMedia</visible>
        <action>ActivateWindow(ShutdownMenu)</action>
    </shortcut>
    <shortcut>
        <defaultID>shutdownmenu</defaultID>
        <label>33060</label>
        <icon>-</icon>
        <label2>-</label2>
        <thumb>icons/full.png</thumb>
        <visible>Player.HasMedia</visible>
        <action>Action(fullscreen)</action>
    </shortcut>
</shortcuts>