<?xml version="1.0" encoding="UTF-8"?>
<includes> 
		<!-- ====================== -->
		<!-- Main Home List Buttons -->
		<!-- ====================== -->
		<include name="HomeMenuWraplist">
			<control type="group">
		    <visible allowhiddenfocus="true">!Window.IsActive(1110) + !Window.IsActive(1113) + !Window.IsActive(1114) + !Window.IsActive(1115) + !Window.IsActive(selectdialog) + !Window.IsActive(virtualkeyboard) + !Window.IsActive(ShutdownMenu) + !Window.IsActive(Favourites) + !Window.IsActive(ProgressDialog) + !Window.IsActive(PlayerControls) + !Window.IsActive(script-globalsearch-main.xml) + !Window.IsActive(script-Actors-DialogInfo.xml) + !Window.IsActive(script-Actors-DialogVideoInfo.xml) + !Window.IsActive(script-skinshortcuts.xml)</visible>
		    <include>HomeSlideAnimations</include>
			  <control type="group">
		      <include>HomeSlideAnimations</include>
			  <include>PULSE</include> 					
					<control type="wraplist" id="20">
					 <description>Home Container</description>
					 <left>-10</left>
					 <top>110</top>
					 <width>1500</width>
					 <height>720</height>
					 <align>center</align>
				   <onup>SetFocus(21)</onup>
			     <ondown condition="IntegerGreaterThan(Container(23).NumItems,0)">SetFocus(23)</ondown>
					 <onleft>20</onleft>
					 <onright>20</onright>
					 <itemgap>0</itemgap>
					 <orientation>horizontal</orientation>
					 <focusposition>1</focusposition>
           <scrolltime tween="Quadratic" easing="out">300</scrolltime>
					 <itemlayout width="400">
  					 <control type="label">
  					  <left>0</left>
  						<top>200</top>
  						<width>400</width>
  	          <textcolor>55white</textcolor>
  			      <shadowcolor>55000000</shadowcolor>
  						<font>FontSize_65</font>
  						<align>center</align>
  						<label>$INFO[ListItem.Label]</label>
  					 </control>
					 </itemlayout>
					 <focusedlayout width="500">
			       <control type="group">
  		        <animation type="Conditional" condition="!ControlGroup(21).HasFocus">
  		          <effect type="zoom" start="80" end="100" time="200" tween="sine" easing="out" center="318,200" />
  		          <effect type="fade" start="35" end="100" time="200" tween="sine" easing="out" />
  		        </animation>
  						<control type="label">
  						  <left>-15</left>
  							<top>200</top>
  							<width>530</width>
  		          <textcolor>white</textcolor>
  				      <shadowcolor>55000000</shadowcolor>
  							<font>FontSize_100</font>
  							<align>center</align>
  						  <label>$INFO[ListItem.Label]</label>
  						</control>
  						<control type="image">
  						  <left>240</left>
  							<top>265</top>
  							<width>21</width>
  							<height>18</height>
  							<texture background="true">buttons/arrow.png</texture>
                <colordiffuse>CCFFFFFF</colordiffuse>
  		          <visible>!ControlGroup(21).HasFocus + !Control.HasFocus(23)</visible>
      			    <visible>IntegerGreaterThan(Container(23).NumItems,0)</visible>		          
  							<animation effect="fade" time="100" reversible="false">Visible</animation>
  							<animation effect="fade" time="100" reversible="false">Hidden</animation>
  						</control>
						 </control>
					 </focusedlayout>
		      <content>
	          <include>skinshortcuts-mainmenu</include>
		      </content>
				  </control>
			  </control>		  
			</control>
	  </include>

	  <!-- =========== -->
	  <!-- TopHomeMenu -->
	  <!-- =========== -->
		<include name="TopHomeMenu">
		  <control type="group">
				<left>45</left>
				<top>25</top>
				<visible>![Window.IsActive(1113) | Window.IsActive(1114) | Window.IsActive(1115) | Window.IsActive(ShutdownMenu) | Window.IsActive(ContextMenu) | Window.IsActive(script-globalsearch-main.xml) | Window.IsActive(Favourites)]</visible>
		    <include>HomeSlideAnimations</include>
				<control type="grouplist" id="21">
					<left>0</left>
					<top>0</top>
					<height>0</height>
					<width>0</width>
					<itemgap>0</itemgap>
					<onleft>21</onleft>
					<onright>21</onright>
					<onup>20</onup>
					<ondown>20</ondown>
					<align>left</align>
	        <orientation>horizontal</orientation>
					<control type="button" id="210">
						<description>Favorites</description>
				    <include>TopButton</include>
				    <onclick>SetFocus(20)</onclick>
				    <onclick>ActivateWindow(favourites)</onclick>
					</control>
					<control type="button" id="211">
						<description>Search</description>
				    <include>TopButton</include>
				    <onclick>SetFocus(20)</onclick>
				    <onclick>RunScript(script.globalsearch)</onclick>
					</control>
					<control type="button" id="212">
						<description>Power</description>
				    <include>TopButton</include>
				    <onclick>SetFocus(20)</onclick>
				    <onclick>ActivateWindow(shutdownmenu)</onclick>
					</control>
				</control>
				<control type="grouplist">
					<left>0</left>
					<top>0</top>
					<height>70</height>
					<width>1190</width>
					<itemgap>20</itemgap>
					<align>left</align>
					<orientation>horizontal</orientation>
		      <include>HomeSlideAnimations</include>
					<control type="label">
					  <include>TopBigLabel</include>
						<label>10000</label>
					</control>
					<control type="label">
					  <include>TopSmallLabel</include>
						<label>$LOCALIZE[1036]</label>
						<animation effect="fade" start="100" end="70" time="100" tween="sine" easing="in" condition="!Control.HasFocus(210)" reversible="true">Conditional</animation>
	          <animation effect="zoom"  start="100" end="95" time="100" tween="sine" easing="in" center="auto" condition="!Control.HasFocus(210)" reversible="true">Conditional</animation>
					</control>
					<control type="label">
					  <include>TopSmallLabel</include>
						<label>$LOCALIZE[137]</label>
						<animation effect="fade" start="100" end="70" time="100" tween="sine" easing="in" condition="!Control.HasFocus(211)" reversible="true">Conditional</animation>
	          <animation effect="zoom"  start="100" end="95" time="100" tween="sine" easing="in" center="auto" condition="!Control.HasFocus(211)" reversible="true">Conditional</animation>
					</control>
					<control type="label">
					  <include>TopSmallLabel</include>
						<label>$LOCALIZE[33060]</label>
						<animation effect="fade" start="100" end="70" time="100" tween="sine" easing="in" condition="!Control.HasFocus(212)" reversible="true">Conditional</animation>
	          <animation effect="zoom"  start="100" end="95" time="100" tween="sine" easing="in" center="auto" condition="!Control.HasFocus(212)" reversible="true">Conditional</animation>
					</control>
				</control>
				<control type="group">
				  <visible>Skin.HasSetting(ShowLibraryTotals)</visible>
		      <animation effect="slide" end="-3,3" reversible="false" condition="stringcompare(System.Language,Greek) | stringcompare(System.Language,Italian)">Conditional</animation>
		      <include>HomeSlideAnimations</include>
					<control type="fadelabel">
						<left>3</left>
						<top>45</top>
						<width>500</width>
						<height>20</height>
						<font>FontSize_18</font>
						<textcolor>blue</textcolor>
			      <shadowcolor>55000000</shadowcolor>
						<align>left</align>
						<aligny>center</aligny>
						<label>$INFO[Window(Home).Property(Movies.Count),$LOCALIZE[20342]: ]</label>
						<label>$INFO[Window(Home).Property(TVShows.Count),$LOCALIZE[31002]: ]</label>
						<label>$INFO[Window(Home).Property(Music.AlbumsCount),$LOCALIZE[132]: ]</label>
						<label>$INFO[Window(Home).Property(Music.SongsCount),$LOCALIZE[134]: ]</label>
            <scroll>false</scroll>
            <scrollout>false</scrollout>
            <scrollspeed>100</scrollspeed>
            <pauseatend>8000</pauseatend>
					</control>
		    </control>
		  </control>
	  </include>

</includes>