<?xml version="1.0" encoding="UTF-8"?>
<includes>

	<include name="PULSE">
	<!--- PULSE MOD -->			  			  
					<!--control type="image">
						<height>720</height>
						<width>3280</width>
						<texture>$VAR[darkpulse]</texture>
						<visible>!Skin.HasSetting(HomeMenuAnimation)</visible>
					</control>					
					<control type="image">
						<posx>-620</posx>
						<height>720</height>
						<width>3280</width>
						<texture>$VAR[lightpulse]</texture>
						<visible>!Skin.HasSetting(HomeMenuAnimation)</visible>
					</control-->					
					<control type="image">
					<include>FullscreenDimensions</include>
						<texture>windows/bg/dark_pulse.png</texture>
						<visible>!Skin.HasSetting(HomeMenuAnimation)</visible>
					</control>					
					<control type="image">
					<include>FullscreenDimensions</include>
						<texture>windows/bg/light_pulse.png</texture>
						<visible>!Skin.HasSetting(HomeMenuAnimation)</visible>
					</control>	
					<control type="image">
						<height>1080</height>
						<width>1920</width>
						<texture>windows/bg/darkspot.png</texture>
							<animation type="Conditional" condition="true" loop="true" reversible="false">
								<effect type="fade" start="40" end="95" time="5000"/>  
								<effect type="fade" start="95" end="40" time="5000" delay="30350"/>             
							</animation>
						<visible>!Skin.HasSetting(HomeMenuAnimation)</visible>
					</control>					
			<!-- DARK PULSE -->									
					<control type="image">
						<height>720</height>
						<width>3280</width>
						<texture>windows/bg/dark_pulse.png</texture>
							<animation type="Conditional" condition="true" loop="true" reversible="false">
								<effect type="slide" start="-2000,0" end="0,0" time="30350" />
								<effect type="slide" start="0,0" end="-2000,0" time="30350" delay="30350"/>
							</animation>
						<visible>Skin.HasSetting(HomeMenuAnimation)</visible>
					</control>	
			<!-- LIGHT PULSE -->						
					<control type="image">
						<height>720</height>
						<width>3280</width>
						<texture>windows/bg/light_pulse.png</texture>
							<animation type="Conditional" condition="true" loop="true" reversible="false">
								<effect type="slide" start="0,0" end="-2000,0" time="30350" />
								<effect type="slide" start="0,0" end="2000,0" time="30350" delay="30350"/>
							</animation>
						<visible>Skin.HasSetting(HomeMenuAnimation)</visible>
					</control>
			<!-- DARKSPOT -->					
					<control type="image">
						<height>1080</height>
						<width>1920</width>
						<texture>windows/bg/darkspot.png</texture>
							<animation type="Conditional" condition="true" loop="true" reversible="false">
								<effect type="fade" start="40" end="90" time="5000"/>  
								<effect type="fade" start="90" end="40" time="5000" delay="30350"/>             
							</animation>
						<visible>Skin.HasSetting(HomeMenuAnimation)</visible>
					</control>
	<!--- PULSE MOD END -->
	</include>

</includes>