<?xml version="1.0" encoding="UTF-8"?>
<window id="20">
    <backgroundcolor>lightgray</backgroundcolor>
    <defaultcontrol always="true">50</defaultcontrol>
    <allowoverlay>no</allowoverlay>
    <views>50</views>
	
    <controls>
        <include>OtherBackground</include>	
        <control type="image">
			<visible>!Skin.HasSetting(Fanart)</visible>
            <include>Dimensions_Fullscreen</include>
            <include>Fanart_Fade</include>
            <texture background="true">$INFO[ListItem.Property(fanart_image)]</texture>
            <colordiffuse>10ffffff</colordiffuse>
            <aspectratio>stretch</aspectratio>
        </control>	
        <control type="group" id="5000">
            <top>80</top>
            <!--<animation condition="ControlGroup(9000).HasFocus" effect="slide" time="300" end="0,150">Conditional</animation>-->
            <control type="group">
                <visible>Control.HasFocus(602) | Control.HasFocus(50)</visible>
                <control type="panel" id="50">
                    <top>80</top>
                    <width>1920</width>
                    <height>1080</height>
                    <onleft>50</onleft>
                    <onright>50</onright>
                    <onup>666</onup>
                    <ondown>5007</ondown>
                    <onclick>info</onclick>
                    <viewtype label="50">List</viewtype>
                    <focusposition>5</focusposition>
                    <movement>5</movement>
                    <preloaditems>4</preloaditems>
                    <scrolltime tween="sine" easing="inout">280</scrolltime>
                    <itemlayout width="350" height="400">
                        <control type="image">
                            <left>80</left>
                            <width>300</width>
                            <height>300</height>
                            <texture fallback="DefaultAddon.png">$INFO[ListItem.Icon]</texture>
                        </control>
                        <control type="textbox" description="Label2">
                            <left>80</left>
                            <top>310</top>
                            <height>81</height>
                            <width>300</width>
                            <font>size27</font>
                            <align>center</align>
                            <scroll>false</scroll>
                            <textcolor>infos</textcolor>
                            <label>$INFO[ListItem.Label][CR]$INFO[ListItem.Label2]</label>
                        </control>
                    </itemlayout>
                    <focusedlayout width="350" height="400">
                        <control type="group">
                            <animation effect="zoom" time="120" start="100" end="118" center="230,300" tween="Back" easing="Out">Focus</animation>
                            <control type="image">
                                <top>40</top>
                                <left>80</left>
                                <height>300</height>
                                <width>300</width>
                                <texture>shadow.png</texture>
                                <visible>!String.IsEmpty(ListItem.Thumb)</visible>
                            </control>
                            <control type="image">
                                <left>80</left>
                                <width>300</width>
                                <height>300</height>
                                <texture fallback="DefaultAddon.png">$INFO[ListItem.Icon]</texture>
                            </control>
                            <control type="textbox" description="Label2">
                                <left>80</left>
                                <top>310</top>
                                <height>81</height>
                                <width>300</width>
                                <font>size27</font>
                                <align>center</align>
                                <scroll>false</scroll>
                                <textcolor>infos</textcolor>
                                <label>$INFO[ListItem.Label][CR]$INFO[ListItem.Label2]</label>
                            </control>
                        </control>
                    </focusedlayout>
                </control>
            </control>
            <control type="grouplist" id="5001">
                <itemgap>5</itemgap>
                <visible>Control.HasFocus(601) | ControlGroup(5001).HasFocus</visible>
                <onup>666</onup>
                <ondown>noop</ondown>
                <control type="label" id="502">
                    <textcolor>infos</textcolor>
                    <textoffsetx>140</textoffsetx>
                    <label>VIDEO ADDONS</label>
                </control>
                <control type="list" id="5007">
                    <focusposition>2</focusposition>
                    <include>adbrowserlists</include>
                    <content target="programs">addons://all/xbmc.addon.video</content>
                </control>
                <control type="label" id="503">
                    <textcolor>infos</textcolor>
                    <textoffsetx>140</textoffsetx>
                    <label>AUDIO ADDONS</label>
                </control>
                <control type="list" id="5008">
                    <include>adbrowserlists</include>
                    <content target="programs">addons://all/xbmc.addon.audio</content>
                </control>
                <control type="label" id="501">
                    <textcolor>infos</textcolor>
                    <textoffsetx>140</textoffsetx>
                    <label>SKINS</label>
                </control>
                <control type="list" id="5006">
                    <include>adbrowserlists</include>
                    <content target="programs">addons://all/xbmc.gui.skin</content>
                </control>
                <control type="label" id="504">
                    <textcolor>infos</textcolor>
                    <textoffsetx>140</textoffsetx>
                    <label>WEATHER ADDONS</label>
                </control>
                <control type="list" id="5009">
                    <include>adbrowserlists</include>
                    <content target="programs">addons://all/xbmc.python.weather</content>
                </control>
                <control type="label" id="505">
                    <textcolor>infos</textcolor>
                    <textoffsetx>140</textoffsetx>
                    <label>SCREENSAVERS ADDONS</label>
                </control>
                <control type="list" id="5010">
                    <include>adbrowserlists</include>
                    <content target="programs">addons://all/xbmc.ui.screensaver</content>
                </control>
            </control>
            <control type="grouplist" id="5002">
                <itemgap>5</itemgap>
                <visible>Control.HasFocus(600) | ControlGroup(5002).HasFocus</visible>
                <onup>666</onup>
                <ondown>noop</ondown>
                <control type="label" id="502">
                    <textoffsetx>140</textoffsetx>
                    <label>VIDEO ADDONS</label>
                </control>
                <control type="panel" id="5007">
                    <include>adbrowserlists</include>
                    <content target="programs">addons://user/xbmc.addon.video</content>
                </control>
                <control type="label" id="503">
                    <textoffsetx>140</textoffsetx>
                    <label>AUDIO ADDONS</label>
                </control>
                <control type="panel" id="5008">
                    <include>adbrowserlists</include>
                    <content target="programs">addons://user/xbmc.addon.audio</content>
                </control>
                <control type="label" id="501">
                    <textoffsetx>140</textoffsetx>
                    <label>SKINS</label>
                </control>
                <control type="panel" id="5006">
                    <include>adbrowserlists</include>
                    <content target="programs">addons://user/xbmc.gui.skin</content>
                </control>
                <control type="label" id="504">
                    <textoffsetx>140</textoffsetx>
                    <label>WEATHER ADDONS</label>
                </control>
                <control type="panel" id="5009">
                    <include>adbrowserlists</include>
                    <content target="programs">addons://user/xbmc.python.weather</content>
                </control>
                <control type="label" id="505">
                    <textoffsetx>140</textoffsetx>
                    <label>SCREENSAVERS ADDONS</label>
                </control>
                <control type="panel" id="5010">
                    <include>adbrowserlists</include>
                    <content target="programs">addons://user/xbmc.ui.screensaver</content>
                </control>
            </control>
            <control type="grouplist" id="5003">
                <visible>Control.HasFocus(604) | ControlGroup(5003).HasFocus</visible>
                <itemgap>10</itemgap>
                <onup>666</onup>
                <ondown>noop</ondown>
                <top>100</top>
                <centerleft>960</centerleft>
                <width>1700</width>
                <control type="radiobutton" id="7">
                    <font>size34</font>
                    <width>1700</width>
                    <texturenofocus border="8" colordiffuse="$VAR[bannercolor]">images/White.png</texturenofocus>
                    <align>left</align>
                    <label>25001</label>
                </control>
                <control type="radiobutton" id="8">
                    <font>size34</font>
                    <width>1700</width>
                    <texturenofocus border="8" colordiffuse="$VAR[bannercolor]">images/White.png</texturenofocus>
                    <align>left</align>
                    <label>24999</label>
                </control>
                <control type="button" id="5">
                    <font>size34</font>
                    <width>1700</width>
                    <texturenofocus border="8" colordiffuse="$VAR[bannercolor]">images/White.png</texturenofocus>
                    <align>left</align>
                    <label>MORE SETTINGS</label>
                </control>
                <control type="button" id="9">
                    <font>size34</font>
                    <width>1700</width>
                    <texturenofocus border="8" colordiffuse="$VAR[bannercolor]">images/White.png</texturenofocus>
                    <align>left</align>
                    <label>24034</label>
                </control>
            </control>
        </control>
        <include>WindowsTopInfos</include>
        <control type="group" id="9000">
            <visible allowhiddenfocus="true">ControlGroup(9000).HasFocus()</visible>
            <animation effect="slide" time ="300" start="0,-140" end="0,0">VisibleChange</animation>
            <control type="image">
                <centerleft>960</centerleft>
                <width>2000</width>
                <height>140</height>
                <texture border="8">images/White.png</texture>
                <colordiffuse>$VAR[bannercolor]</colordiffuse>
            </control>
            <control type="grouplist" id="666">
                <top>40</top>
                <align>center</align>
                <width>1920</width>
                <height>60</height>
                <itemgap>0</itemgap>
                <orientation>horizontal</orientation>
                <ondown>5000</ondown>
                <onleft>666</onleft>
                <onright>666</onright>
                <control type="button" id="602">
                    <height>60</height>
                    <include>musictopbutton</include>
                    <onclick></onclick>
                    <label>Kodi Addon System</label>
                </control>
                <control type="button" id="601">
                    <height>60</height>
                    <include>musictopbutton</include>
                    <onclick></onclick>
                    <label>Install from Repositories</label>
                </control>
                <control type="button" id="600">
                    <height>60</height>
                    <width>auto</width>
                    <include>musictopbutton</include>
                    <onclick></onclick>
                    <label>Installed</label>
                </control>
                <control type="button" id="604" description="Settings">
                    <height>60</height>
                    <width>auto</width>
                    <include>musictopbutton</include>
                    <!--<onclick>SendClick(5)</onclick>-->
                    <label>$LOCALIZE[10004]</label>
                </control>
            </control>
        </control>
    </controls>
</window>
