<?xml version="1.0" encoding="UTF-8"?>
<includes>
    <include name="Scrollanim">
        <animation condition="Control.HasFocus(60)" effect="fade" start="100" end="0" time="250" reversible="true">Conditional</animation>
    </include>
    <include name="Keyboardbuttons">
        <animation effect="zoom" start="100" end="120" time="120" center="auto" tween="Back" easing="Out">Focus</animation>
        <animation effect="zoom" start="120" end="100" time="120" center="auto">unFocus</animation>
        <width>125</width>
        <height>40</height>
        <align>center</align>
        <aligny>center</aligny>
        <font>size27</font>
    </include>
    <include name="left_Panel">
        <control type="group"  description="Thumb no info">
            <!--visible>String.IsEmpty(ListItem.Plot)</visible-->
            <animation effect="fade" delay="100" time="300">Visible</animation>
            <animation effect="fade" time="0">Hidden</animation>
            <control type="image" description="Thumb">
                <centerleft>500</centerleft>
                <centertop>540</centertop>
                <width>800</width>
                <height>800</height>
                <include>Icon_Fade</include>
                <texture diffuse="images/Diffuse.png" background="true">$VAR[locandine]</texture>
                <aspectratio aligny="center">keep</aspectratio>
            </control>
        </control>
        <control type="group" description="Thumbs with info">
            <!--visible>!String.IsEmpty(ListItem.Plot)</visible-->
            <visible>Skin.HasSetting(noname)</visible>			
            <animation effect="fade" time="400">Visible</animation>
            <animation effect="fade" time="0">Hidden</animation>
            <control type="image" description="Thumb">
                <centerleft>500</centerleft>
                <bottom>500</bottom>
                <width>756</width>
                <height>470</height>
                <include>Icon_Fade</include>
                <texture diffuse="images/Diffuse.png" background="true">$VAR[locandine]</texture>
                <aspectratio aligny="bottom">keep</aspectratio>
            </control>
            <control type="group">
                <top>550</top>
                <left>660</left>
                <visible>!String.IsEmpty(ListItem.Property(UnwatchedEpisodes)) + [container.content(TVshows) | container.content(seasons)] + !String.IsEqual(ListItem.Property(UnwatchedEpisodes),0)</visible>
                <animation effect="fade" time="200" delay="300">Visible</animation>
                <animation effect="fade" end="0">Hidden</animation>
                <!--control type="image">
                    <height>55</height>
                    <width>80</width>
                    <aspectratio>keep</aspectratio>
                    <texture>badges/Badgecount.png</texture>
                </control-->
                <control type="label" description="Label2">
					<top>-14</top>
					<left>-84</left>
                    <height>50</height>
                    <width>80</width>
                    <font>size30</font>
                    <align>right</align>
                    <textcolor>darktext</textcolor>
					<shadowcolor>invert1</shadowcolor>
                    <label>$INFO[ListItem.Property(UnwatchedEpisodes)]</label>
                </control>
            </control>
            <control type="grouplist">
                <centerleft>500</centerleft>
                <top>620</top>
                <width>750</width>
                <height>50</height>
                <orientation>horizontal</orientation>
                <itemgap>0</itemgap>
                <align>center</align>
                <control type="label">
                    <visible>!String.IsEmpty(ListItem.VideoResolution)</visible>
                    <height>35</height>
                    <width>auto</width>
                    <textcolor>infos</textcolor>
                    <label>$INFO[ListItem.VideoResolution]</label>
                </control>
                <control type="label">
                    <visible>!String.IsEmpty(ListItem.AudioCodec)</visible>
                    <height>35</height>
                    <width>auto</width>
                    <textcolor>infos</textcolor>
                    <label>$INFO[ListItem.AudioCodec, • ]</label>
                </control>
                <control type="label">
                    <visible>!String.IsEmpty(ListItem.VideoCodec)</visible>
                    <height>35</height>
                    <width>auto</width>
                    <textcolor>infos</textcolor>
                    <label>$INFO[ListItem.VideoCodec, • ]</label>
                </control>
                <control type="label">
                    <visible>!String.IsEmpty(ListItem.FileExtension)</visible>
                    <height>35</height>
                    <width>auto</width>
                    <textcolor>infos</textcolor>
                    <label>$INFO[ListItem.FileExtension, • ]</label>
                </control>
                <control type="label">
                    <visible>!String.IsEmpty(ListItem.MPAA)</visible>
                    <height>35</height>
                    <width>auto</width>
                    <textcolor>infos</textcolor>
                    <label>$VAR[MPAAS, • ]</label>
                </control>
            </control>
            <control type="image" description="Stars">
                <visible>!String.IsEmpty(ListItem.Rating)</visible>
                <centerleft>500</centerleft>
                <top>590</top>
                <height>24</height>
                <width>135</width>
                <aspectratio align="right">keep</aspectratio>
                <texture colordiffuse="infos">$INFO[ListItem.Rating,badges/,.png]</texture>
            </control>
            <control type="image">
                <centerleft>500</centerleft>
                <top>660</top>
                <width>756</width>
                <height>1</height>
                <texture>images/Line.png</texture>
            </control>
            <control type="textbox" description="plot">
                <centerleft>500</centerleft>
                <top>660</top>
                <width>756</width>
                <height>350</height>
                <align>justify</align>
                <textcolor>infos</textcolor>
                <label>$INFO[ListItem.Plot]</label>
            </control>
            <control type="image">
                <centerleft>960</centerleft>
                <top>1010</top>
                <width>1920</width>
                <height>1</height>
                <texture>images/Line.png</texture>
            </control>
        </control>
    </include>
    <include name="left_Panel_livetv">
        <control type="group" description="Thumbs with info">
            <top>80</top>
            <left>120</left>
            <animation effect="fade" time="400">Visible</animation>
            <animation effect="fade" time="0">Hidden</animation>
            <include>Unwatched</include>
            <control type="image">
                <top>550</top>
                <width>756</width>
                <height>1</height>
                <texture>images/Line.png</texture>
            </control>
            <control type="textbox" description="plot">
                <top>550</top>
                <width>756</width>
                <height>350</height>
                <align>justify</align>
                <label>$INFO[ListItem.Plot]</label>
            </control>
            <control type="image">
                <top>900</top>
                <width>756</width>
                <height>1</height>
                <texture>images/Line.png</texture>
            </control>
        </control>
    </include>
    <include name="left_Panel_plain">
        <control type="group" description="Thumbs no info">
            <animation effect="fade" delay="100" time="300">Visible</animation>
            <animation effect="fade" time="0">Hidden</animation>
            <control type="image" description="Thumb">
                <centerleft>480</centerleft>
                <centertop>540</centertop>
                <width>800</width>
                <height>800</height>
                <include>Icon_Fade</include>
                <texture diffuse="images/Diffuse.png" background="true">$INFO[ListItem.Icon]</texture>
                <aspectratio aligny="center">keep</aspectratio>
            </control>
        </control>
    </include>
    <include name="SlimListItemCount">
        <animation effect="slide" start="0,0" end="0,-405" time="0" condition="String.IsEqual(Container.NumItems,1)">conditional</animation>
        <animation effect="slide" start="0,0" end="0,-324" time="0" condition="String.IsEqual(Container.NumItems,2)">conditional</animation>
        <animation effect="slide" start="0,0" end="0,-324" time="0" condition="String.IsEqual(Container.NumItems,3)">conditional</animation>
        <animation effect="slide" start="0,0" end="0,-243" time="0" condition="String.IsEqual(Container.NumItems,4)">conditional</animation>
        <animation effect="slide" start="0,0" end="0,-243" time="0" condition="String.IsEqual(Container.NumItems,5)">conditional</animation>
        <animation effect="slide" start="0,0" end="0,-162" time="0" condition="String.IsEqual(Container.NumItems,6)">conditional</animation>
        <animation effect="slide" start="0,0" end="0,-162" time="0" condition="String.IsEqual(Container.NumItems,7)">conditional</animation>
        <animation effect="slide" start="0,0" end="0,-81" time="0" condition="String.IsEqual(Container.NumItems,8)">conditional</animation>
        <animation effect="slide" start="0,0" end="0,-81" time="0" condition="String.IsEqual(Container.NumItems,9)">conditional</animation>
    </include>
    <include name="LargeListItemCount">
        <animation effect="slide" start="0,0" end="0,-333" time="0" condition="String.IsEqual(Container.NumItems,1)">conditional</animation>
        <animation effect="slide" start="0,0" end="0,-222" time="0" condition="String.IsEqual(Container.NumItems,2)">conditional</animation>
        <animation effect="slide" start="0,0" end="0,-222" time="0" condition="String.IsEqual(Container.NumItems,3)">conditional</animation>
        <animation effect="slide" start="0,0" end="0,-111" time="0" condition="String.IsEqual(Container.NumItems,4)">conditional</animation>
        <animation effect="slide" start="0,0" end="0,-111" time="0" condition="String.IsEqual(Container.NumItems,5)">conditional</animation>
    </include>
    <include name="FullscreenInfoLabel">
        <left>400</left>
        <width>1120</width>
        <scroll>false</scroll>
        <align>center</align>
        <font>size42B</font>
        <textcolor>orange</textcolor>
    </include>
    <include name="MusicInfo">
        <control type="group" description="Songs and Music Videos">
            <visible>!ListItem.IsFolder</visible>
            <left>120</left>
            <top>57</top>
            <control type="group">
                <top>765</top>
                <control type="label" description="Title">
                    <top>-92</top>
                    <font>size30</font>
                    <textcolor>White2</textcolor>
                    <width>608</width>
                    <height>36</height>
                    <align>left</align>
                    <scroll>false</scroll>
                    <label>[B]$INFO[ListItem.Title][/B]</label>
                </control>
                <control type="image" description="Separator">
                    <left>0</left>
                    <height>1</height>
                    <width>780</width>
                    <aspectratio>stretch</aspectratio>
                    <texture>images/Liner.png</texture>
                </control>
                <control type="image" description="Separator">
                    <left>0</left>
                    <top>180</top>
                    <height>1</height>
                    <width>760</width>
                    <aspectratio>stretch</aspectratio>
                    <texture>images/LineL.png</texture>
                </control>
                <control type="grouplist" description="Labels">
                    <left>20</left>
                    <top>18</top>
                    <width>808</width>
                    <orientation>vertical</orientation>
                    <control type="label" description="Album">
                        <font>size30</font>
                        <width>750</width>
                        <height>30</height>
                        <textcolor>gray</textcolor>
                        <scroll>false</scroll>
                        <label>$LOCALIZE[558]:  [COLOR=White2]$INFO[ListItem.Album][/COLOR]</label>
                    </control>
                    <control type="label" description="Genre">
                        <font>size30</font>
                        <width>750</width>
                        <height>30</height>
                        <textcolor>gray</textcolor>
                        <label>$LOCALIZE[515]:  [COLOR=White2]$INFO[ListItem.Genre][/COLOR]</label>
                    </control>
                    <control type="label" description="Type">
                        <font>size30</font>
                        <width>750</width>
                        <height>30</height>
                        <textcolor>gray</textcolor>
                        <label>$LOCALIZE[564]:  [COLOR=White2][UPPERCASE]$INFO[ListItem.FileExtension][/UPPERCASE][/COLOR]</label>
                    </control>
                    <control type="label" description="Duration">
                        <font>size30</font>
                        <width>750</width>
                        <height>30</height>
                        <textcolor>gray</textcolor>
                        <label>$LOCALIZE[180]:  [COLOR=White2]$INFO[ListItem.Duration][/COLOR]</label>
                    </control>
                </control>
            </control>
        </control>
    </include>
    <include name="slider">
        <control type="image">
            <animation effect="fade" time="100">VisibleChange</animation>
            <left>-27</left>
            <top>383</top>
            <width>855</width>
            <height>126</height>
            <texture border="32">images/Slider.png</texture>
            <aspectratio>stretch</aspectratio>
        </control>
    </include>
    <include name="50Label">
        <left>45</left>
        <height>70</height>
        <width>630</width>
        <aligny>center</aligny>
        <scroll>false</scroll>
        <font>size36</font>
        <textcolor>darktext</textcolor>
        <shadowcolor></shadowcolor>
    </include>
    <include name="50LabelFO">
        <left>45</left>
        <height>70</height>
        <width>630</width>
        <aligny>center</aligny>
        <font>size36</font>
        <textcolor>black</textcolor>
        <shadowcolor></shadowcolor>
    </include>
    <include name="50Label2">
        <right>42</right>
        <height>70</height>
        <width>120</width>
        <font>size27</font>
        <scroll>false</scroll>
        <textcolor>gray</textcolor>
        <align>right</align>
    </include>
    <include name="50Label2FO">
        <right>42</right>
        <height>70</height>
        <width>120</width>
        <font>size27</font>
        <scroll>false</scroll>
        <textcolor>black</textcolor>
        <align>right</align>
    </include>
    <include name="BigListTitle">
        <left>128</left>
        <top>10</top>
        <height>40</height>
        <width>720</width>
        <textcolor>darktext</textcolor>
        <aligny>center</aligny>
        <font>size36</font>
        <scroll>false</scroll>
    </include>
    <include name="BigListTitleFO">
        <left>128</left>
        <top>10</top>
        <height>40</height>
        <width>720</width>
        <aligny>center</aligny>
        <textcolor>black</textcolor>
        <font>size36</font>
    </include>
    <include name="BigListDetails">
        <left>128</left>
        <top>58</top>
        <height>33</height>
        <width>350</width>
        <font>size27</font>
        <textcolor>gray</textcolor>
        <scroll>false</scroll>
    </include>
    <include name="BigListDetailsFO">
        <animation effect="fade" time="200" start="50" end="100" delay="100">Focus</animation>
        <left>128</left>
        <top>58</top>
        <height>33</height>
        <width>350</width>
        <font>size27</font>
        <textcolor>black</textcolor>
    </include>
    <include name="SettingsLabel2">
        <right>0</right>
        <top>0</top>
        <height>81</height>
        <width>450</width>
        <font>size27</font>
        <scroll>false</scroll>
        <haspath>true</haspath>
        <align>right</align>
        <textcolor>black</textcolor>
        <shadowcolor></shadowcolor>
    </include>
    <include name="Watched_Marks">
        <control type="image">
            <left>4</left>
            <height>81</height>
            <width>30</width>
            <texture>$VAR[WatchStatus,overlay/]</texture>
            <aspectratio>keep</aspectratio>
        </control>
    </include>
    <include name="Unwatched">
        <control type="group">
            <visible>!String.IsEmpty(ListItem.Property(UnwatchedEpisodes)) + [container.content(TVshows) | container.content(seasons)] + !String.IsEqual(ListItem.Property(UnwatchedEpisodes),0)</visible>
            <animation effect="fade" time="200" delay="300">Visible</animation>
            <animation effect="fade" end="0">Hidden</animation>
            <control type="image">
                <top>480</top>
                <left>140</left>
                <height>55</height>
                <width>80</width>
                <aspectratio>keep</aspectratio>
                <texture>badges/Badgecount.png</texture>
            </control>
            <control type="label" description="Label2">
                <top>480</top>
                <left>140</left>
                <height>44</height>
                <width>80</width>
                <font>size30</font>
                <align>center</align>
                <textcolor>black</textcolor>
                <label>$INFO[ListItem.Property(UnwatchedEpisodes)]</label>
            </control>
        </control>
    </include>
    <include name="ArrowSM">
        <control type="image" description="arrow small">
            <visible>[Window.IsActive(Settings.xml) | ListItem.IsFolder] + ![ListItem.IsParentFolder | ListItem.IsCollection | container.content(Movies) | container.content(TVshows) | container.content(Seasons) | container.content(Episodes) | container.content(musicvideos) | container.content(songs) | container.content(addons)]</visible>
			<!--top>15</top-->
            <right>0</right>
            <height>70</height>
            <width>54</width>
            <aspectratio>keep</aspectratio>
            <texture>images/Arrow.png</texture>
        </control>
    </include>	
    <include name="Arrow">
        <control type="image" description="arrow">
            <visible>[Window.IsActive(Settings.xml) | ListItem.IsFolder] + ![ListItem.IsParentFolder | ListItem.IsCollection | container.content(Movies) | container.content(TVshows) | container.content(Seasons) | container.content(Episodes) | container.content(musicvideos) | container.content(songs) | container.content(addons)]</visible>
			<top>15</top>
            <right>0</right>
            <height>70</height>
            <width>54</width>
            <aspectratio>keep</aspectratio>
            <texture>images/Arrow.png</texture>
        </control>
    </include>
    <include name="ButtonMenu">
        <width>525</width>
        <height>69</height>
        <font>size36</font>
        <align>left</align>
        <textoffsetx>20</textoffsetx>
        <texturefocus border="8">images/Buttonselect.png</texturefocus>
        <alttexturefocus border="8">images/Buttonselect.png</alttexturefocus>
    </include>
    <include name="SmallButt">
        <animation>Focus</animation>
        <animation>unFocus</animation>
        <width>200</width>
        <height>40</height>
        <font>size22</font>
        <align>center</align>
        <focusedcolor>white</focusedcolor>
        <texturefocus></texturefocus>
    </include>
    <include name="DialogGLs">
        <centerleft>960</centerleft>
        <centertop>540</centertop>
        <width>576</width>
        <height>380</height>
        <itemgap>10</itemgap>
        <onleft>50</onleft>
        <onright>50</onright>
        <onup>9000</onup>
        <ondown>9000</ondown>
        <scrolltime>200</scrolltime>
        <orientation>vertical</orientation>
    </include>
    <include name="DialogButt">
        <width>576</width>
        <textoffsetx>0</textoffsetx>
        <align>center</align>
        <aligny>center</aligny>
        <font>size36</font>
        <disabledcolor>gray</disabledcolor>
        <!--<alttexturenofocus border="8" colordiffuse="77FFFFFF">images/White.png</alttexturenofocus>-->
        <texturefocus border="8">images/White.png</texturefocus>
        <alttexturefocus border="8">images/White.png</alttexturefocus>		
    </include>
    <include name="Plot51Commons">
        <left>0</left>
        <top>48</top>
        <width>758</width>
        <height>168</height>
        <font>size30</font>
        <textcolor>whitesmoke</textcolor>
        <align>justify</align>
        <aligny>bottom</aligny>
        <autoscroll delay="8000" time="4300" repeat="10000"></autoscroll>
    </include>
    <include name="Genre51Commons">
        <top>-9</top>
        <font>size30</font>
        <textcolor>gray</textcolor>
        <width>758</width>
        <height>36</height>
        <align>left</align>
        <scroll>false</scroll>
    </include>
    <include name="TitleCommons">
        <font>size39B</font>
        <shadowcolor>black</shadowcolor>
    </include>
	
	
	
    <include name="KeyboardOG">
        <texturefocus border="8">images/Buttonselect.png</texturefocus>
        <align>center</align>
        <aligny>center</aligny>
        <textoffsetx>0</textoffsetx>
        <width>75</width>
        <height>75</height>
        <font>size42B</font>
    </include>
    <include name="Keyboard">
	 <texturefocus border="8">keyboard/select.png</texturefocus>
	 <texturenofocus colordiffuse="77FFFFFF">keyboard/transparent.png</texturenofocus>
     <align>center</align>
     <aligny>center</aligny>
     <width>75</width>
	 <height>84</height>
     <font>font45</font>
	 <textcolor>$VAR[xx]</textcolor>
    </include>
	<include name="Keyboard2">
	 <texturefocus border="8">keyboard/select2.png</texturefocus>
	 <texturenofocus colordiffuse="77FFFFFF">keyboard/transparent.png</texturenofocus>
     <align>center</align>
     <aligny>center</aligny>
     <width>125</width>
	 <height>50</height>
     <font>font35</font>
	 <textcolor>$VAR[xx]</textcolor>
    </include>


	
    <include name="DetailsVideoInfoCommons">
        <left>0</left>
        <width>270</width>
        <height>38</height>
        <align>left</align>
        <scroll>false</scroll>
        <font>size26</font>
    </include>
    <include name="Genre52Commons">
        <top>-24</top>
        <font>size27</font>
        <textcolor>whitesmoke</textcolor>
        <width>762</width>
        <height>36</height>
        <align>left</align>
        <scroll>false</scroll>
    </include>
    <include name="FlagsAudioInfo">
        <control type="group" description="Furniture">
            <control type="grouplist">
                <left>0</left>
                <width>690</width>
                <height>36</height>
                <itemgap>30</itemgap>
                <orientation>horizontal</orientation>
                <align>left</align>
                <aligny>center</aligny>
                <control type="image">
                    <visible>Container.content(songs) + !String.IsEmpty(ListItem.FileExtension)</visible>
                    <left>777</left>
                    <top>1034</top>
                    <height>45</height>
                    <width>90</width>
                    <bordersize>3</bordersize>
                    <aspectratio>keep</aspectratio>
                    <colordiffuse>whitesmoke</colordiffuse>
                    <texture>$INFO[ListItem.FileExtension,badges/audio/,.png]</texture>
                </control>
            </control>
        </control>
    </include>
    <include name="SettingsSubmenuButtons">
        <width>800</width>
        <textoffsetx>22</textoffsetx>
        <height>75</height>
        <align>left</align>
        <font>size30</font>
        <disabledcolor>gray</disabledcolor>
    </include>
    <include name="Help_Panel">
        <animation effect="fade" time="200">VisibleChange</animation>
        <width>460</width>
        <height>380</height>
        <aspectratio align="center" aligny="bottom">keep</aspectratio>
    </include>
    <include name="CustomizerList">
        <include>ShelfFade</include>
        <onup>303</onup>
        <ondown>50</ondown>
        <left>72</left>
        <top>120</top>
        <width>1776</width>
        <height>402</height>
        <orientation>horizontal</orientation>
        <scrolltime>400</scrolltime>
        <itemlayout height="357" width="354">
            <control type="label">
                <centerleft>178</centerleft>
                <top>178</top>
                <width>345</width>
                <height>30</height>
                <font>size26</font>
                <textcolor>White2</textcolor>
                <label>+ $INFO[ListItem.label2]</label>
                <align>center</align>
            </control>
            <control type="image">
                <left>27</left>
                <top>27</top>
                <width>303</width>
                <height>303</height>
                <texture background="true">default$INFO[ListItem.label2].png</texture>
                <colordiffuse>33FFFFFF</colordiffuse>
                <aspectratio>scale</aspectratio>
            </control>
            <control type="image">
                <left>27</left>
                <top>27</top>
                <width>303</width>
                <height>303</height>
                <texture background="true">$INFO[ListItem.Art(thumb)]</texture>
                <aspectratio>scale</aspectratio>
            </control>
        </itemlayout>
        <focusedlayout height="357" width="354">
            <control type="group">
                <animation effect="zoom" start="100" end="130" time="120" center="150,216" tween="Back" easing="Out">Focus</animation>
                <animation effect="zoom" start="130" end="100" time="120" center="150,216">unFocus</animation>
                <control type="label">
                    <centerleft>178</centerleft>
                    <top>178</top>
                    <width>345</width>
                    <height>30</height>
                    <font>size26</font>
                    <textcolor>White2</textcolor>
                    <label>+ $INFO[ListItem.Label2]</label>
                    <align>center</align>
                </control>
                <control type="image">
                    <left>27</left>
                    <top>27</top>
                    <width>303</width>
                    <height>303</height>
                    <texture background="true">default$INFO[ListItem.label2].png</texture>
                    <colordiffuse>33FFFFFF</colordiffuse>
                    <aspectratio>scale</aspectratio>
                </control>
                <control type="image">
                    <left>27</left>
                    <top>27</top>
                    <width>303</width>
                    <height>303</height>
                    <texture background="true">$INFO[ListItem.Art(thumb)]</texture>
                    <aspectratio>scale</aspectratio>
                </control>
                <control type="label" description="title">
                    <centerleft>177</centerleft>
                    <top>310</top>
                    <width>360</width>
                    <align>center</align>
                    <label>$INFO[ListItem.label]</label>
                </control>
            </control>
        </focusedlayout>
    </include>
    <include name="Left_Panel_Addons">
        <control type="group" description="Info thumbs">
            <animation effect="fade" time="400">Visible</animation>
            <animation effect="fade" time="10">Hidden</animation>
            <control type="image" description="Thumb">
                <top>80</top>
                <centerleft>480</centerleft>
                <width>250</width>
                <height>250</height>
                <include>Icon_Fade</include>
                <texture background="true" fallback="DefaultAddon.png">$INFO[ListItem.Art(thumb)]</texture>
                <aspectratio aligny="bottom">keep</aspectratio>
            </control>
            <control type="group" description="Addon Description">
                <animation effect="fade" delay="100" time="300">Visible</animation>
                <animation effect="fade" time="10">Hidden</animation>
                <control type="grouplist">
                    <centerleft>480</centerleft>
                    <width>760</width>
                    <top>360</top>
                    <control type="label">
                        <font>size33B</font>
                        <align>center</align>
                        <textcolor>infos</textcolor>
                        <label>$INFO[ListItem.Label]$INFO[ListItem.AddonVersion,  •  ]</label>
                    </control>
                    <control type="textbox">
                        <top>45</top>
                        <height>460</height>
                        <font>Size24</font>
                        <label>$VAR[Plots]</label>
                    </control>
                    <control type="textbox" description="Bottom Label">
                        <height>120</height>
                        <font>Size22</font>
                        <textcolor>red</textcolor>
                        <align>justify</align>
                        <scroll>true</scroll>
                        <label>$INFO[ListItem.AddonDisclaimer]</label>
                    </control>
                </control>
            </control>
        </control>
    </include>
    <include name="SlimListLayout">
        <itemlayout width="802" height="81">
            <control type="image">
                <height>70</height>
                <width>805</width>
                <texture border="8" colordiffuse="$VAR[bannercolor]">images/White.png</texture>
            </control>
            <include>Watched_Marks</include>
            <include>Arrow</include>
            <control type="label" description="Main Label">
                <visible>Integer.IsGreater(ListItem.VideoResolution,700) | ListItem.IsFolder</visible>
                <include>50Label</include>
                <label>$INFO[ListItem.Label]</label>
            </control>
            <control type="label" description="Main Label">
                <visible>![Integer.IsGreater(ListItem.VideoResolution,700) | ListItem.IsFolder]</visible>
                <width>711</width>
                <include>50Label</include>
                <label>$INFO[ListItem.Label]</label>
            </control>
            <control type="label" description="Label2">
                <visible>container.content(songs) | container.content(musicvideos)</visible>
                <include>50Label2</include>
                <label>$INFO[ListItem.Duration]</label>
            </control>
        </itemlayout>
        <focusedlayout width="802" height="81">
            <control type="group">
                <animation effect="zoom" time="120" start="100" end="105" center="auto" tween="Back" easing="Out">Focus</animation>
                <control type="image">
                    <top>12</top>
                    <left>-50</left>
                    <height>70</height>
                    <width>905</width>
                    <texture>shadow.png</texture>
                </control>
                <control type="image">
                    <height>70</height>
                    <width>805</width>
                    <texture border="8">images/White.png</texture>
                </control>
                <include>Watched_Marks</include>
                <include>Arrow</include>
                <control type="label" description="Main Label">
                    <visible>Integer.IsGreater(ListItem.VideoResolution,700) | ListItem.IsFolder</visible>
                    <include>50LabelFO</include>
                    <label>$INFO[ListItem.Label]</label>
                </control>
                <control type="label" description="Main Label">
                    <visible>![Integer.IsGreater(ListItem.VideoResolution,700) | ListItem.IsFolder]</visible>
                    <width>711</width>
                    <include>50LabelFO</include>
                    <label>$INFO[ListItem.Label]</label>
                </control>
                <control type="label" description="Label2">
                    <visible>container.content(songs) | container.content(musicvideos)</visible>
                    <include>50Label2FO</include>
                    <label>$INFO[ListItem.Duration]</label>
                </control>
            </control>
        </focusedlayout>
    </include>
</includes>
