<?xml version="1.0" encoding="UTF-8"?>
<window id="1709">
    <backgroundcolor>background</backgroundcolor>
    <defaultcontrol always="true">50</defaultcontrol>
    <allowoverlay>no</allowoverlay>
    <include>OpenClose</include>
    <controls>
        <include>OtherBackground</include>
        <control type="group">
            <left>1020</left>
            <top>130</top>
            <control type="grouplist" id="50">
                <width>902</width>
                <height>910</height>
                <onleft>noop</onleft>
                <onright>noop</onright>
                <onup>50</onup>
                <ondown>50</ondown>
                <itemgap>14</itemgap>
                <control type="radiobutton" id="1" description="Fanart">				
                    <width>840</width>
                    <align>left</align>
                    <label>$LOCALIZE[31075]</label>
                    <texturenofocus border="8" colordiffuse="$VAR[bannercolor]">images/White.png</texturenofocus>
                    <onclick>Skin.ToggleSetting(FanArt)</onclick>
                    <selected>!Skin.HasSetting(FanArt)</selected>
                </control>
                <control type="button" id="2" description="Fanart Darkness">
					<visible>!Skin.HasSetting(FanArt)</visible>
                    <width>840</width>
                    <align>left</align>
                    <label>$LOCALIZE[31099]</label>
                    <texturenofocus border="8" colordiffuse="$VAR[bannercolor]">images/White.png</texturenofocus>
                    <onclick>ActivateWindow(1708)</onclick>
                </control>				
                <control type="radiobutton" id="3" description="Shelf Fanart">				
                    <width>840</width>
                    <align>left</align>
                    <label>$LOCALIZE[31094]</label>
                    <texturenofocus border="8" colordiffuse="$VAR[bannercolor]">images/White.png</texturenofocus>
                    <onclick>Skin.ToggleSetting(ShelfFanart)</onclick>
                    <selected>!Skin.HasSetting(ShelfFanart)</selected>
                </control>
                <control type="button" id="4" description="Shelf Fanart Darkness">
					<visible>!Skin.HasSetting(ShelfFanart)</visible>
                    <width>840</width>
                    <align>left</align>
                    <label>$LOCALIZE[31100]</label>
                    <texturenofocus border="8" colordiffuse="$VAR[bannercolor]">images/White.png</texturenofocus>
                    <onclick>ActivateWindow(1710)</onclick>
                </control>				
            </control>
        </control>
        <control type="image">
            <centerleft>500</centerleft>
            <centertop>530</centertop>
            <height>520</height>
            <width>520</width>
            <texture>images/tvOS-X-logo.png</texture>
        </control>
        <control type="label">
            <include>Heading</include>
            <label>$LOCALIZE[31095]</label>
        </control>
    </controls>
</window>
