<?xml version="1.0" encoding="UTF-8"?>
<window id="1701">
	<!--onunload>Skin.Reset(passkey)</onunload-->
    <backgroundcolor>background</backgroundcolor>
    <defaultcontrol always="true">50</defaultcontrol>
    <!--onunload>RunScript(script.skinshortcuts,type=buildxml&amp;mainmenuID=9000&amp;level=1)</onunload-->
    <allowoverlay>no</allowoverlay>
    <include>OpenClose</include>
    <controls>
        <include>OtherBackground</include>
        <!--control type="group" description="Passkey Warning">
			<visible>!String.IsEqual(Skin.String(passkey),123321)</visible>
            <left>1020</left>
            <top>130</top>
            <control type="grouplist" id="50">
                <width>902</width>
                <height>910</height>
                <onleft>noop</onleft>
                <onright>noop</onright>
                <onup>50</onup>
                <ondown>50</ondown>
                <itemgap>14</itemgap>						
                <control type="button" id="1" description="Wrong Passkey">
                    <width>840</width>
                    <align>left</align>
					<textcolor>red</textcolor>
					<focusedcolor>red</focusedcolor>
                    <label>!!! You have entered an incorrect passkey !!!</label>
                    <texturenofocus border="8" colordiffuse="$VAR[bannercolor]">images/White.png</texturenofocus>
                    <onclick>Back</onclick>
                </control>		
			</control>
		</control-->
        <control type="group">
			<!--visible>String.IsEqual(Skin.String(passkey),123321)</visible-->
            <left>1020</left>
            <top>130</top>
            <control type="grouplist" id="50">
                <width>902</width>
                <height>910</height>
                <onleft>noop</onleft>
                <onright>noop</onright>
                <onup>50</onup>
                <ondown>50</ondown>
                <itemgap>14</itemgap>	
                <!--control type="button" id="98" description="TEST">
                    <width>840</width>
                    <align>left</align>
                    <label>RESET PASSKEY</label>
                    <texturenofocus border="8" colordiffuse="$VAR[bannercolor]">images/White.png</texturenofocus>
                    <onclick>Skin.Reset(passkey)</onclick>
                </control-->
                <control type="button" id="97" description="Default Video View">
                    <width>840</width>
                    <align>left</align>
                    <label>$LOCALIZE[31110] $LOCALIZE[31111]</label>
                    <texturenofocus border="8" colordiffuse="$VAR[bannercolor]">images/White.png</texturenofocus>
                    <onclick>ActivateWindow(1711)</onclick>
                </control>
                <control type="button" id="1" description="Lyrics">
                    <width>840</width>
                    <align>left</align>
                    <label>31062</label>
                    <label2>$INFO[Skin.String(LyricPath)]</label2>
                    <texturenofocus border="8" colordiffuse="$VAR[bannercolor]">images/White.png</texturenofocus>
                    <onclick>Skin.SetAddon(LyricPath,xbmc.python.lyrics)</onclick>
                </control>
                <control type="radiobutton" id="2">
                    <width>840</width>
                    <align>left</align>
                    <label>$LOCALIZE[31044]</label>
                    <texturenofocus border="8" colordiffuse="$VAR[bannercolor]">images/White.png</texturenofocus>
                    <onclick>Skin.ToggleSetting(ViewsMenuOff)</onclick>
                    <selected>Skin.HasSetting(ViewsMenuOff)</selected>
                </control>
                <control type="radiobutton" id="3">
                    <width>840</width>
                    <align>left</align>
                    <label>$LOCALIZE[31042]</label>
                    <texturenofocus border="8" colordiffuse="$VAR[bannercolor]">images/White.png</texturenofocus>
                    <onclick>Skin.ToggleSetting(hidejump)</onclick>
                    <selected>Skin.HasSetting(hidejump)</selected>
                </control>
                <control type="radiobutton" id="4" description="ScrollLetter">				
                    <width>840</width>
                    <align>left</align>
                    <label>$LOCALIZE[31074]</label>
                    <texturenofocus border="8" colordiffuse="$VAR[bannercolor]">images/White.png</texturenofocus>
                    <onclick>Skin.ToggleSetting(ScrollLetter)</onclick>
                    <selected>Skin.HasSetting(ScrollLetter)</selected>
                </control>
                <control type="radiobutton" id="5" description="StartupSplash">				
                    <width>840</width>
                    <align>left</align>
                    <label>$LOCALIZE[31076]</label>
                    <texturenofocus border="8" colordiffuse="$VAR[bannercolor]">images/White.png</texturenofocus>
                    <onclick>Skin.ToggleSetting(StartupSplash)</onclick>
                    <selected>Skin.HasSetting(StartupSplash)</selected>
                </control>
                <control type="radiobutton" id="6" description="Loading">				
                    <width>840</width>
                    <align>left</align>
                    <label>$LOCALIZE[31102]</label>
                    <texturenofocus border="8" colordiffuse="$VAR[bannercolor]">images/White.png</texturenofocus>
                    <onclick>Skin.ToggleSetting(loading)</onclick>
                    <selected>Skin.HasSetting(loading)</selected>
                </control>
                <control type="radiobutton" id="7" description="Label unfo">
					<visible>!Skin.HasTheme(White)</visible>				
                    <width>840</width>
                    <align>left</align>
                    <label>$LOCALIZE[31103]</label>
                    <texturenofocus border="8" colordiffuse="$VAR[bannercolor]">images/White.png</texturenofocus>
                    <onclick>Skin.ToggleSetting(labelunfo)</onclick>
                    <selected>!Skin.HasSetting(labelunfo)</selected>
                </control>
                <control type="radiobutton" id="8" description="Label unfo Invert">	
					<visible>Skin.HasTheme(White)</visible>
                    <width>840</width>
                    <align>left</align>
                    <label>$LOCALIZE[31103]</label>
                    <texturenofocus border="8" colordiffuse="$VAR[bannercolor]">images/White.png</texturenofocus>
                    <onclick>Skin.ToggleSetting(labelunfo)</onclick>
                    <selected>Skin.HasSetting(labelunfo)</selected>
                </control>
				
				
                <control type="radiobutton" id="20" description="Alternative Seekbar">	
					<!--visible>Skin.HasTheme(White)</visible-->
                    <width>840</width>
                    <align>left</align>
                    <label>$LOCALIZE[31124]</label>
                    <texturenofocus border="8" colordiffuse="$VAR[bannercolor]">images/White.png</texturenofocus>
                    <onclick>Skin.ToggleSetting(SeekBarALT)</onclick>
                    <selected>Skin.HasSetting(SeekBarALT)</selected>
                </control>				
				
				
                <control type="radiobutton" id="9" description="Video Preview BG">	
					<!--visible>Skin.HasTheme(White)</visible-->
                    <width>840</width>
                    <align>left</align>
                    <label>$LOCALIZE[31105]</label>
                    <texturenofocus border="8" colordiffuse="$VAR[bannercolor]">images/White.png</texturenofocus>
                    <onclick>Skin.ToggleSetting(PVRVideoBG)</onclick>
                    <selected>!Skin.HasSetting(PVRVideoBG)</selected>
                </control>
                <control type="radiobutton" id="10" description="PVR Icons">	
					<!--visible>Skin.HasTheme(White)</visible-->
                    <width>840</width>
                    <align>left</align>
                    <label>$VAR[pvriconlabel]</label>
                    <texturenofocus border="8" colordiffuse="$VAR[bannercolor]">images/White.png</texturenofocus>
                    <onclick>Skin.ToggleSetting(PVRicons)</onclick>
                    <selected>!Skin.HasSetting(PVRicons)|Skin.HasSetting(PVRicons)</selected>
                </control>	
                <control type="button" id="11" description="Reset ALL SkinSettings">
                    <width>840</width>
                    <align>left</align>
                    <label>$LOCALIZE[31036]</label>
                    <texturenofocus border="8" colordiffuse="$VAR[bannercolor]">images/White.png</texturenofocus>
                    <onclick>Skin.ResetSettings</onclick>
                    <onclick>RunScript(script.skinshortcuts,type=resetall)</onclick>
                    <onclick>XBMC.ReloadSkin()</onclick>
                </control>
                <control type="button" id="12" description="Reset HomeSettings Only">
                    <width>840</width>
                    <align>left</align>
                    <label>$LOCALIZE[31106]</label>
                    <texturenofocus border="8" colordiffuse="$VAR[bannercolor]">images/White.png</texturenofocus>
                    <!--onclick>Skin.ResetSettings</onclick-->
                    <onclick>RunScript(script.skinshortcuts,type=resetall)</onclick>
                    <onclick>XBMC.ReloadSkin()</onclick>
                </control>
                <control type="button" id="13" description="Reset SkinSettings Only">
                    <width>840</width>
                    <align>left</align>
                    <label>$LOCALIZE[31107]</label>
                    <texturenofocus border="8" colordiffuse="$VAR[bannercolor]">images/White.png</texturenofocus>
                    <onclick>Skin.ResetSettings</onclick>
                    <!--onclick>RunScript(script.skinshortcuts,type=resetall)</onclick-->
                    <onclick>XBMC.ReloadSkin()</onclick>
                </control>					
                <control type="button" id="14" description="Debug">
                    <width>840</width>
                    <align>left</align>
                    <label>$LOCALIZE[31068]</label>
                    <texturenofocus border="8" colordiffuse="$VAR[bannercolor]">images/White.png</texturenofocus>
                    <onclick>Skin.ToggleDebug</onclick>
                </control>				
            </control>
        </control>
        <control type="image">
            <centerleft>500</centerleft>
            <centertop>530</centertop>
            <height>520</height>
            <width>520</width>
            <texture>images/tvOS-X-logo.png</texture>
        </control>
        <control type="label">
            <include>Heading</include>
            <label>$LOCALIZE[31098] $LOCALIZE[31097]</label>
        </control>
    </controls>
</window>
