<?xml version="1.0" encoding="UTF-8"?>
<window id="1706">
    <backgroundcolor>background</backgroundcolor>
    <defaultcontrol always="true">50</defaultcontrol>
    <allowoverlay>no</allowoverlay>
    <include>OpenClose</include>
    <controls>
        <include>OtherBackground</include>
        <control type="group">
            <left>1020</left>
            <top>130</top>
            <control type="grouplist" id="50">
                <width>902</width>
                <height>910</height>
                <onleft>noop</onleft>
                <onright>noop</onright>
                <onup>50</onup>
                <ondown>50</ondown>
                <itemgap>14</itemgap>						
                <control type="button" id="1" description="Home BG Color">
					<enable>String.IsEmpty(Skin.String(CustomBgHome))</enable>
					<visible>![Skin.HasTheme(Dark)|Skin.HasTheme(White)]</visible>
                    <width>840</width>
                    <align>left</align>
                    <label>$LOCALIZE[31090]</label>
                    <texturenofocus border="8" colordiffuse="$VAR[bannercolor]">images/White.png</texturenofocus>
                    <onclick>ActivateWindow(1801)</onclick>
                </control>	
                <control type="radiobutton" id="2" description="Custom Home Pattern">
					<enable>String.IsEmpty(Skin.String(CustomBgHome))</enable>
					<visible>![Skin.HasTheme(Dark)|Skin.HasTheme(White)]</visible>
                    <width>840</width>
                    <align>left</align>
                    <label>$LOCALIZE[31079]</label>
                    <texturenofocus border="8" colordiffuse="$VAR[bannercolor]">images/White.png</texturenofocus>
                    <onclick condition="String.IsEmpty(Skin.String(CustomHomePattern))">Skin.SetFile(CustomHomePattern,.jpg|.png|.gif,$VAR[resourceimgvar]patterns)</onclick>
					<onclick condition="!String.IsEmpty(Skin.String(CustomHomePattern))">Skin.Reset(CustomHomePattern)</onclick>
					<onclick condition="!String.IsEmpty(Skin.String(CustomBgHome))">Skin.Reset(CustomBgHome)</onclick>
                    <selected>!String.IsEmpty(Skin.String(CustomHomePattern))</selected>
                </control>
                <control type="radiobutton" id="3" description="Custom Home Wallpaper">				
                    <width>840</width>
                    <align>left</align>
                    <label>$LOCALIZE[31069]</label>
                    <texturenofocus border="8" colordiffuse="$VAR[bannercolor]">images/White.png</texturenofocus>
					<onclick condition="String.IsEmpty(Skin.String(CustomBgHome))">Skin.SetFile(CustomBgHome,.jpg|.png|.gif,$VAR[resourceimgvar]backgrounds)</onclick>
					<onclick condition="!String.IsEmpty(Skin.String(CustomBgHome))">Skin.Reset(CustomBgHome)</onclick>
					<onclick condition="!String.IsEmpty(Skin.String(CustomHomePattern))">Skin.Reset(CustomHomePattern)</onclick>
                    <selected>!String.IsEmpty(Skin.String(CustomBgHome))</selected>
                </control>							
                <control type="button" id="4" description="Home BG Darkness">
                    <width>840</width>
                    <align>left</align>
                    <label>$LOCALIZE[31082]</label>
                    <texturenofocus border="8" colordiffuse="$VAR[bannercolor]">images/White.png</texturenofocus>
                    <onclick>ActivateWindow(1702)</onclick>
                </control>					
                <control type="button" id="5" description="Other BG Color">
					<enable>String.IsEmpty(Skin.String(CustomBgOther))</enable>
					<visible>![Skin.HasTheme(Dark)|Skin.HasTheme(White)]</visible>				
                    <width>840</width>
                    <align>left</align>
                    <label>$LOCALIZE[31091]</label>
                    <texturenofocus border="8" colordiffuse="$VAR[bannercolor]">images/White.png</texturenofocus>
                    <onclick>ActivateWindow(1802)</onclick>
                </control>
                <control type="radiobutton" id="6" description="Custom Other Pattern">
					<enable>String.IsEmpty(Skin.String(CustomBgOther))</enable>
					<visible>![Skin.HasTheme(Dark)|Skin.HasTheme(White)]</visible>					
                    <width>840</width>
                    <align>left</align>
                    <label>$LOCALIZE[31080]</label>
                    <texturenofocus border="8" colordiffuse="$VAR[bannercolor]">images/White.png</texturenofocus>
                    <onclick condition="String.IsEmpty(Skin.String(CustomOtherPattern))">Skin.SetFile(CustomOtherPattern,.jpg|.png|.gif,$VAR[resourceimgvar]patterns)</onclick>
					<onclick condition="!String.IsEmpty(Skin.String(CustomOtherPattern))">Skin.Reset(CustomOtherPattern)</onclick>
					<onclick condition="!String.IsEmpty(Skin.String(CustomBgOther))">Skin.Reset(CustomBgOther)</onclick>
                    <selected>!String.IsEmpty(Skin.String(CustomOtherPattern))</selected>
                </control>=
                <control type="radiobutton" id="7" description="Custom Other Wallpaper">			
                    <width>840</width>
                    <align>left</align>
                    <label>$LOCALIZE[31070]</label>
                    <texturenofocus border="8" colordiffuse="$VAR[bannercolor]">images/White.png</texturenofocus>		
					<onclick condition="String.IsEmpty(Skin.String(CustomBgOther))">Skin.SetFile(CustomBgOther,.jpg|.png|.gif,$VAR[resourceimgvar]backgrounds)</onclick>
					<onclick condition="!String.IsEmpty(Skin.String(CustomBgOther))">Skin.Reset(CustomBgOther)</onclick>
					<onclick condition="!String.IsEmpty(Skin.String(CustomOtherPattern))">Skin.Reset(CustomOtherPattern)</onclick>					
                    <selected>!String.IsEmpty(Skin.String(CustomBgOther))</selected>
                </control>								
                <control type="button" id="8" description="Other BG Darkness">
                    <width>840</width>
                    <align>left</align>
                    <label>$LOCALIZE[31083]</label>
                    <texturenofocus border="8" colordiffuse="$VAR[bannercolor]">images/White.png</texturenofocus>
                    <onclick>ActivateWindow(1703)</onclick>
                </control>	
                <control type="button" id="9" description="Dialog BG Color">
					<enable>String.IsEmpty(Skin.String(CustomBgDialog))</enable>
					<visible>![Skin.HasTheme(Dark)|Skin.HasTheme(White)]</visible>
                    <width>840</width>
                    <align>left</align>
                    <label>$LOCALIZE[31092]</label>
                    <texturenofocus border="8" colordiffuse="$VAR[bannercolor]">images/White.png</texturenofocus>
                    <onclick>ActivateWindow(1803)</onclick>
                </control>
                <control type="radiobutton" id="10" description="Custom Dialog Pattern">
					<enable>String.IsEmpty(Skin.String(CustomBgDialog))</enable>
					<visible>![Skin.HasTheme(Dark)|Skin.HasTheme(White)]</visible>					
                    <width>840</width>
                    <align>left</align>
                    <label>$LOCALIZE[31087]</label>
                    <texturenofocus border="8" colordiffuse="$VAR[bannercolor]">images/White.png</texturenofocus>
                    <onclick condition="String.IsEmpty(Skin.String(CustomDialogPattern))">Skin.SetFile(CustomDialogPattern,.jpg|.png|.gif,$VAR[resourceimgvar]patterns)</onclick>
					<onclick condition="!String.IsEmpty(Skin.String(CustomDialogPattern))">Skin.Reset(CustomDialogPattern)</onclick>
					<onclick condition="!String.IsEmpty(Skin.String(CustomBgDialog))">Skin.Reset(CustomBgDialog)</onclick>	
                    <selected>!String.IsEmpty(Skin.String(CustomDialogPattern))</selected>
                </control>				
                <control type="radiobutton" id="11" description="Custom Dialog Wallpaper">			
                    <width>840</width>
                    <align>left</align>
                    <label>$LOCALIZE[31085]</label>
                    <texturenofocus border="8" colordiffuse="$VAR[bannercolor]">images/White.png</texturenofocus>
					<onclick condition="String.IsEmpty(Skin.String(CustomBgDialog))">Skin.SetFile(CustomBgDialog,.jpg|.png|.gif,$VAR[resourceimgvar]backgrounds)</onclick>
					<onclick condition="!String.IsEmpty(Skin.String(CustomBgDialog))">Skin.Reset(CustomBgDialog)</onclick>
					<onclick condition="!String.IsEmpty(Skin.String(CustomDialogPattern))">Skin.Reset(CustomDialogPattern)</onclick>					
                    <selected>!String.IsEmpty(Skin.String(CustomBgDialog))</selected>
                </control>
                <control type="button" id="12" description="Dialog BG Darkness">
                    <width>840</width>
                    <align>left</align>
                    <label>$LOCALIZE[31086]</label>
                    <texturenofocus border="8" colordiffuse="$VAR[bannercolor]">images/White.png</texturenofocus>
                    <onclick>ActivateWindow(1705)</onclick>
                </control>	
                <!--control type="radiobutton" id="19" description="Fanart">				
                    <width>840</width>
                    <align>left</align>
                    <label>$LOCALIZE[31075]</label>
                    <texturenofocus border="8" colordiffuse="$VAR[bannercolor]">images/White.png</texturenofocus>
                    <onclick>Skin.ToggleSetting(FanArt)</onclick>
                    <selected>!Skin.HasSetting(FanArt)</selected>
                </control>
                <control type="radiobutton" id="20" description="Shelf Fanart">				
                    <width>840</width>
                    <align>left</align>
                    <label>$LOCALIZE[31094]</label>
                    <texturenofocus border="8" colordiffuse="$VAR[bannercolor]">images/White.png</texturenofocus>
                    <onclick>Skin.ToggleSetting(ShelfFanart)</onclick>
                    <selected>!Skin.HasSetting(ShelfFanart)</selected>
                </control-->							
            </control>
        </control>
		
		
		
		
		<control type="group" description="Left Panel Preview">
		
		
			<control type="image" description="Home Background preview">
				<visible>String.IsEmpty(Skin.String(CustomBgHome)) + [Controlgroup(50).HasFocus(1) | Controlgroup(50).HasFocus(2) | Controlgroup(50).HasFocus(3) | Controlgroup(50).HasFocus(4)]</visible>
				<visible>![Skin.HasTheme(Dark)|Skin.HasTheme(White)]</visible>
				<animation effect="fade" time="200">VisibleChange</animation>
				<centertop>530</centertop> 
				<centerleft>500</centerleft>
				<width>456</width>
				<height>256</height>															
				<texture colordiffuse="$VAR[HomeColor]">$VAR[HomeBG]</texture>
				<aspectratio align="center" aligny="center">keep</aspectratio>
			</control>
			
			
			<control type="image" description="Custom Home Wallpaper preview">
				<visible>[[!String.IsEmpty(Skin.String(CustomBgHome)) | [Skin.HasTheme(Dark)|Skin.HasTheme(White)]] + [Controlgroup(50).HasFocus(1) | Controlgroup(50).HasFocus(2) | Controlgroup(50).HasFocus(3) | Controlgroup(50).HasFocus(4)]] | [[!String.IsEmpty(Skin.String(CustomBgHome)) | [Skin.HasTheme(Dark)|Skin.HasTheme(White)]] + String.IsEmpty(Skin.String(CustomBgOther)) + [Controlgroup(50).HasFocus(5) | Controlgroup(50).HasFocus(6) | Controlgroup(50).HasFocus(7) | Controlgroup(50).HasFocus(8)]]</visible>
				<animation effect="fade" time="200">VisibleChange</animation>
				<centertop>530</centertop> 
				<centerleft>500</centerleft>
				<width>456</width>
				<height>256</height>															
				<texture>$VAR[HomeBG]</texture>
				<aspectratio align="center" aligny="center">keep</aspectratio>
			</control>
			
			
			
			
			<control type="image" description="Other Background preview">
				<visible>[String.IsEmpty(Skin.String(CustomBgHome)) + String.IsEmpty(Skin.String(CustomBgOther))] + [Controlgroup(50).HasFocus(5) | Controlgroup(50).HasFocus(6) | Controlgroup(50).HasFocus(7) | Controlgroup(50).HasFocus(8)]</visible>
				<visible>![Skin.HasTheme(Dark)|Skin.HasTheme(White)]</visible>
				<!--visible>String.IsEmpty(Skin.String(CustomBgHome)) + [Controlgroup(50).HasFocus(5) | Controlgroup(50).HasFocus(6) | Controlgroup(50).HasFocus(7) | Controlgroup(50).HasFocus(8)]</visible-->				
				<animation effect="fade" time="200">VisibleChange</animation>
				<centertop>530</centertop> 
				<centerleft>500</centerleft>
				<width>456</width>
				<height>256</height>															
				<texture colordiffuse="$VAR[OtherColor]">$VAR[OtherBG]</texture>
				<aspectratio align="center" aligny="center">keep</aspectratio>
			</control>
			
			<control type="image" description="Custom Other Wallpaper preview">
				<visible>!String.IsEmpty(Skin.String(CustomBgOther)) + [Controlgroup(50).HasFocus(5) | Controlgroup(50).HasFocus(6) | Controlgroup(50).HasFocus(7) | Controlgroup(50).HasFocus(8)]</visible>
				<animation effect="fade" time="200">VisibleChange</animation>
				<centertop>530</centertop> 
				<centerleft>500</centerleft>
				<width>456</width>
				<height>256</height>															
				<texture>$VAR[OtherBG]</texture>
				<aspectratio align="center" aligny="center">keep</aspectratio>
			</control>







			
			<control type="image" description="Dialog Background preview">
				<visible>String.IsEmpty(Skin.String(CustomBgHome)) + String.IsEmpty(Skin.String(CustomBgDialog)) + [Controlgroup(50).HasFocus(9) | Controlgroup(50).HasFocus(10) | Controlgroup(50).HasFocus(11) | Controlgroup(50).HasFocus(12)]</visible>
				<visible>![Skin.HasTheme(Dark)|Skin.HasTheme(White)]</visible>
				<animation effect="fade" time="200">VisibleChange</animation>
				<centertop>530</centertop> 
				<centerleft>500</centerleft>
				<width>566</width>
				<height>367</height>															
				<texture border="50" colordiffuse="$VAR[DialogColor]" diffuse="images/DialogDiffuse.png">$VAR[DialogBG]</texture>
				<aspectratio align="center" aligny="center">stretch</aspectratio>
			</control>
			
			
			
			
			<control type="image" description="Custom Dialog Wallpaper preview">
				<visible>[[!String.IsEmpty(Skin.String(CustomBgHome)) | !String.IsEmpty(Skin.String(CustomBgDialog))] | [Skin.HasTheme(Dark)|Skin.HasTheme(White)]] + [Controlgroup(50).HasFocus(9) | Controlgroup(50).HasFocus(10) | Controlgroup(50).HasFocus(11) | Controlgroup(50).HasFocus(12)]
				</visible>
				<animation effect="fade" time="200">VisibleChange</animation>
				<centertop>530</centertop> 
				<centerleft>500</centerleft>
				<width>566</width>
				<height>367</height>															
				<texture border="50" diffuse="images/DialogDiffuse.png">$VAR[DialogBG]</texture>
				<aspectratio align="center" aligny="center">stretch</aspectratio>
			</control>
			

			<!-- darkness -->
			<control type="image" description="Home BG Darkness">
				<visible>Controlgroup(50).HasFocus(1) | Controlgroup(50).HasFocus(2) | Controlgroup(50).HasFocus(3) | Controlgroup(50).HasFocus(4) | Controlgroup(50).HasFocus(5) | Controlgroup(50).HasFocus(6) | Controlgroup(50).HasFocus(7) | Controlgroup(50).HasFocus(8)</visible>
				<animation effect="fade" time="200">VisibleChange</animation>
				<centertop>530</centertop> 
				<centerleft>500</centerleft>
				<width>456</width>
				<height>256</height>															
				<texture colordiffuse="$VAR[diffusehome]">images/White2.png</texture>
				<aspectratio align="center" aligny="center">stretch</aspectratio>
			</control>			
			<control type="image" description="Dialog BG Darkness">
				<visible>Controlgroup(50).HasFocus(9) | Controlgroup(50).HasFocus(10) | Controlgroup(50).HasFocus(11) | Controlgroup(50).HasFocus(12)</visible>
				<animation effect="fade" time="200">VisibleChange</animation>
				<centertop>530</centertop> 
				<centerleft>500</centerleft>
				<width>566</width>
				<height>367</height>															
				<texture border="50" colordiffuse="$VAR[diffusedialog]" diffuse="images/DialogDiffuse.png">$VAR[DialogBG]</texture>
				<aspectratio align="center" aligny="center">stretch</aspectratio>
			</control>		
			
		</control>
		
		
		
		
        <!--control type="image">
			<visible>Controlgroup(50).HasFocus(1)</visible>
            <centerleft>500</centerleft>
            <centertop>530</centertop>
            <height>520</height>
            <width>520</width>
            <texture>images/tvOS-X-logo.png</texture>
        </control-->
        <control type="label">
            <include>Heading</include>
            <label>$LOCALIZE[31095]</label>
        </control>
    </controls>
</window>
