<?xml version="1.0" encoding="UTF-8"?>
<window type="dialog" id="1708">
  <defaultcontrol>9000</defaultcontrol>
  <include>DialogOpenClose</include>
  <controls>

	<control type="image" description="List back border">
	  <centerleft>960</centerleft>
	  <centertop>540</centertop>
	  <width>738</width>
	  <height>648</height>
	  <aspectratio>stretch</aspectratio>
	  <texture>$VAR[BorderColor]</texture>	  
	</control>	
	<control type="image" description="List back">
		<centerleft>960</centerleft>
		<centertop>540</centertop>
		<width>802</width>
		<height>726</height>
		<aspectratio>stretch</aspectratio>
		<include condition="String.IsEmpty(Skin.String(CustomBgDialog)) + String.IsEmpty(Skin.String(CustomBgHome)) + ![Skin.HasTheme(Dark)|Skin.HasTheme(White)]">DialogTexture</include>
		<include condition="!String.IsEmpty(Skin.String(CustomBgDialog)) | !String.IsEmpty(Skin.String(CustomBgHome)) | Skin.HasTheme(Dark) | Skin.HasTheme(White)">DialogTextureBG</include>		
	</control>	
	<control type="image" description="List back diffuse">
		<centerleft>960</centerleft>
		<centertop>540</centertop>
		<width>802</width>
		<height>726</height>
		<aspectratio>stretch</aspectratio>
		<texture border="50" colordiffuse="$VAR[diffusedialog]" diffuse="images/fanartdiffuse.png">images/whitebg.png</texture>
	</control> 
  
<!--  
    <control type="image" description="List back">
      <centerleft>960</centerleft>
      <centertop>540</centertop>
      <width>802</width>
      <height>640</height>
      <aspectratio>stretch</aspectratio>
      <texture border="50">$VAR[ContextMenu]</texture>
      <!--colordiffuse>dialog</colordiffuse>
    </control>
-->
    <control type="grouplist" id="9000">
      <centertop>534</centertop>
      <height>580</height>
      <align>center</align>
      <include>DialogGLs</include> 
	  <control type="label" id="99" description="Dialog heading">
		<width>525</width>
		<height>112</height>
		<label>$LOCALIZE[31099]</label>
		<align>center</align>
		<aligny>center</aligny>
		<font>size30</font>
		<textcolor>darktextunfo</textcolor>
	  </control>	  
	  <control type="radiobutton" id="1">
		<label>$LOCALIZE[31081] 1</label>
		<onclick>Skin.ToggleSetting(fanartdiffuse)</onclick>
		<onclick condition="Skin.HasSetting(fanartdiffuse2)">Skin.ToggleSetting(fanartdiffuse2)</onclick>
		<onclick condition="Skin.HasSetting(fanartdiffuse3)">Skin.ToggleSetting(fanartdiffuse3)</onclick>
		<onclick condition="Skin.HasSetting(fanartdiffuse4)">Skin.ToggleSetting(fanartdiffuse4)</onclick>
		<onclick condition="Skin.HasSetting(fanartdiffuse5)">Skin.ToggleSetting(fanartdiffuse5)</onclick>					
		<selected>Skin.HasSetting(fanartdiffuse)</selected>				
	  </control>
	  <control type="radiobutton" id="2">
		<label>$LOCALIZE[31081] 2</label>
		<onclick>Skin.ToggleSetting(fanartdiffuse2)</onclick>
		<onclick condition="Skin.HasSetting(fanartdiffuse)">Skin.ToggleSetting(fanartdiffuse)</onclick>
		<onclick condition="Skin.HasSetting(fanartdiffuse3)">Skin.ToggleSetting(fanartdiffuse3)</onclick>
		<onclick condition="Skin.HasSetting(fanartdiffuse4)">Skin.ToggleSetting(fanartdiffuse4)</onclick>
		<onclick condition="Skin.HasSetting(fanartdiffuse5)">Skin.ToggleSetting(fanartdiffuse5)</onclick>					
		<selected>Skin.HasSetting(fanartdiffuse2)</selected>				
	  </control>
	  <control type="radiobutton" id="3">
		<label>$LOCALIZE[31081] 3</label>
		<onclick>Skin.ToggleSetting(fanartdiffuse3)</onclick>
		<onclick condition="Skin.HasSetting(fanartdiffuse)">Skin.ToggleSetting(fanartdiffuse)</onclick>
		<onclick condition="Skin.HasSetting(fanartdiffuse2)">Skin.ToggleSetting(fanartdiffuse2)</onclick>
		<onclick condition="Skin.HasSetting(fanartdiffuse4)">Skin.ToggleSetting(fanartdiffuse4)</onclick>
		<onclick condition="Skin.HasSetting(fanartdiffuse5)">Skin.ToggleSetting(fanartdiffuse5)</onclick>					
		<selected>Skin.HasSetting(fanartdiffuse3)</selected>				
	  </control>								
	  <control type="radiobutton" id="4">
		<label>$LOCALIZE[31081] 4</label>
		<onclick>Skin.ToggleSetting(fanartdiffuse4)</onclick>
		<onclick condition="Skin.HasSetting(fanartdiffuse)">Skin.ToggleSetting(fanartdiffuse)</onclick>
		<onclick condition="Skin.HasSetting(fanartdiffuse2)">Skin.ToggleSetting(fanartdiffuse2)</onclick>
		<onclick condition="Skin.HasSetting(fanartdiffuse3)">Skin.ToggleSetting(fanartdiffuse3)</onclick>
		<onclick condition="Skin.HasSetting(fanartdiffuse5)">Skin.ToggleSetting(fanartdiffuse5)</onclick>					
		<selected>Skin.HasSetting(fanartdiffuse4)</selected>				
	  </control>
	  <control type="radiobutton" id="5">
		<label>$LOCALIZE[31081] 5</label>
		<onclick>Skin.ToggleSetting(fanartdiffuse5)</onclick>
		<onclick condition="Skin.HasSetting(fanartdiffuse)">Skin.ToggleSetting(fanartdiffuse)</onclick>
		<onclick condition="Skin.HasSetting(fanartdiffuse2)">Skin.ToggleSetting(fanartdiffuse2)</onclick>
		<onclick condition="Skin.HasSetting(fanartdiffuse3)">Skin.ToggleSetting(fanartdiffuse3)</onclick>
		<onclick condition="Skin.HasSetting(fanartdiffuse4)">Skin.ToggleSetting(fanartdiffuse4)</onclick>					
		<selected>Skin.HasSetting(fanartdiffuse5)</selected>				
	  </control>	   
    </control>
  </controls>
</window>
