<?xml version="1.0" encoding="UTF-8"?>
<window type="dialog" id="1120">
    <defaultcontrol always="true">9000</defaultcontrol>
    <include>DialogOpenClose</include>
    <controls>
        <control type="group">
            <include>DialogOpenCloseVisible</include>
			<!-- LIST BACK SHORT -->
			<control type="group" description="List back - 3 items">
				<visible>[![Control.IsVisible(701) + Control.IsVisible(702)]] | [Control.IsVisible(701) + !Control.IsVisible(702)]</visible>
				<control type="image" description="List back">
					<centerleft>960</centerleft>
					<centertop>540</centertop>
					<width>802</width>
					<height>442</height>
					<aspectratio>stretch</aspectratio>
					<include condition="String.IsEmpty(Skin.String(CustomBgDialog)) + String.IsEmpty(Skin.String(CustomBgHome)) + ![Skin.HasTheme(Dark)|Skin.HasTheme(White)]">DialogTexture</include>
					<include condition="!String.IsEmpty(Skin.String(CustomBgDialog)) | !String.IsEmpty(Skin.String(CustomBgHome)) | Skin.HasTheme(Dark) | Skin.HasTheme(White)">DialogTextureBG</include>	
				</control>	
				<control type="image" description="List back diffuse">
					<centerleft>960</centerleft>
					<centertop>540</centertop>
					<width>802</width>
					<height>442</height>
					<aspectratio>stretch</aspectratio>
					<texture border="50" colordiffuse="$VAR[diffusedialog]" diffuse="images/DialogDiffuse.png">images/whitebg.png</texture>
				</control>
				<control type="image" description="List back border">
				  <centerleft>960</centerleft>
				  <centertop>540</centertop>
				  <width>738</width>
				  <height>370</height>
				  <aspectratio>stretch</aspectratio>
				  <texture>$VAR[BorderColor]</texture>	  
				</control>
			</control>
			<!-- LIST BACK TALL -->
			<control type="group" description="List back - 4 items">
				<visible>[Control.IsVisible(700) | Control.IsVisible(701)] + Control.IsVisible(702)</visible>
				<control type="image" description="List back">
					<centerleft>960</centerleft>
					<centertop>540</centertop>
					<width>802</width>
					<height>502</height>
					<aspectratio>stretch</aspectratio>
					<include condition="String.IsEmpty(Skin.String(CustomBgDialog)) + String.IsEmpty(Skin.String(CustomBgHome)) + ![Skin.HasTheme(Dark)|Skin.HasTheme(White)]">DialogTexture</include>
					<include condition="!String.IsEmpty(Skin.String(CustomBgDialog)) | !String.IsEmpty(Skin.String(CustomBgHome)) | Skin.HasTheme(Dark) | Skin.HasTheme(White)">DialogTextureBG</include>	
				</control>
				<control type="image" description="List back diffuse">
					<centerleft>960</centerleft>
					<centertop>540</centertop>
					<width>802</width>
					<height>502</height>
					<aspectratio>stretch</aspectratio>
					<texture border="50" colordiffuse="$VAR[diffusedialog]" diffuse="images/DialogDiffuse.png">images/whitebg.png</texture>
				</control>
				<control type="image" description="List back border">
				  <centerleft>960</centerleft>
				  <centertop>540</centertop>
				  <width>738</width>
				  <height>430</height>
				  <aspectratio>stretch</aspectratio>
				  <texture>$VAR[BorderColor]</texture>	  
				</control>
			</control>			
            <control type="grouplist" id="9000">
                <centertop>540</centertop>
                <align>center</align>
                <include>DialogGLs</include>
                <control type="button" id="699">
                    <include>DialogButt</include>
                    <label>14209</label>
                    <onclick>Close</onclick>
                    <onclick>ActivateWindow(Settings)</onclick>
                </control>
                <control type="button" id="700">
                    <include>DialogButt</include>
                    <label>20077</label>
                    <onclick>Close</onclick>
                    <onclick>ActivateWindow(SkinSettings)</onclick>
                </control>
                <control type="button" id="702">
					<visible>System.HasAddon(service.libreelec.settings)</visible>
                    <include>DialogButt</include>
                    <label>LibreELEC Settings</label>
                    <onclick>Close</onclick>
                    <onclick>RunAddon(service.libreelec.settings)</onclick>
                </control>
                <control type="button" id="703">
                    <include>DialogButt</include>
                    <label>222</label>
                    <onclick>Close</onclick>
                </control>
            </control>
        </control>
    </controls>
</window>
