<?xml version="1.0" encoding="UTF-8"?>
<window id="1123">
    <defaultcontrol always="true">601</defaultcontrol>
    <allowoverlay>no</allowoverlay>
    <views>50,53</views>
    <onload condition="!Window.IsActive(visualisation)">FullScreen</onload>
    <controls>
        <include>OtherBackground</include>
        <control type="group">
            <animation effect="slide" end="0,-300" time="300" condition="Control.HasFocus(667)">Conditional</animation>
            <control type="label">
                <visible>!ControlGroup(9000).HasFocus()</visible>
                <animation effect="fade" time ="100" delay="200" start="0" end="100">VisibleChange</animation>
                <left>90</left>
                <bottom>970</bottom>
                <height>30</height>
                <font>music</font>
                <textcolor>ff555555</textcolor>
                <label>1024</label>
            </control>
            <control type="group" description="NEWMUSIC" id="777">
                <control type="panel" id="500">
                    <top>150</top>
                    <width>1920</width>
                    <height>700</height>
                    <onup>666</onup>
                    <onleft>noop</onleft>
                    <onright>noop</onright>
                    <ondown>667</ondown>
                    <orientation>horizontal</orientation>
                    <scrolltime>400</scrolltime>
                    <itemlayout height="700" width="894">
                        <control type="image" description="shadow">
                            <animation effect="fade" start="0" end="100" time="150">Focus</animation>
                            <animation effect="fade" start="100" end="0" time="150">unFocus</animation>
                            <left>80</left>
                            <top>65</top>
                            <width>864</width>
                            <height>610</height>
                            <texture>shadow.png</texture>
                        </control>
                        <control type="image">
                            <left>90</left>
                            <top>45</top>
                            <width>844</width>
                            <height>160</height>
                            <texture>music/top.png</texture>
                            <colordiffuse>maindim</colordiffuse>
                        </control>
                        <control type="image">
                            <left>90</left>
                            <top>205</top>
                            <width>844</width>
                            <height>430</height>
                            <texture diffuse="music/bottom.png" fallback="images/black.png">$INFO[ListItem.Art(fanart)]</texture>
                        </control>
                        <control type="label">
                            <top>55</top>
                            <left>125</left>
                            <width>804</width>
                            <height>40</height>
                            <font>size27B</font>
                            <scroll>false</scroll>
                            <textcolor>red</textcolor>
                            <label>31033</label>
                        </control>
                        <control type="label">
                            <top>95</top>
                            <left>125</left>
                            <width>804</width>
                            <height>40</height>
                            <font>size39B</font>
                            <scroll>false</scroll>
                            <textcolor>dimgray</textcolor>
                            <label>$INFO[ListItem.Title]</label>
                        </control>
                        <control type="label">
                            <top>140</top>
                            <left>125</left>
                            <width>804</width>
                            <height>40</height>
                            <font>size39B</font>
                            <scroll>false</scroll>
                            <textcolor>gray</textcolor>
                            <label>$INFO[ListItem.Artist]</label>
                        </control>
                    </itemlayout>
                    <focusedlayout height="700" width="894">
                        <control type="group">
                            <animation effect="zoom" start="100" end="110" time="120" center="auto" tween="Back" easing="Out">Focus</animation>
                            <animation effect="zoom" start="110" end="100" time="120" center="auto">unFocus</animation>
                            <control type="image" description="shadow">
                                <animation effect="fade" start="0" end="100" time="150">Focus</animation>
                                <animation effect="fade" start="100" end="0" time="150">unFocus</animation>
                                <left>80</left>
                                <top>65</top>
                                <width>864</width>
                                <height>610</height>
                                <texture>shadow.png</texture>
                            </control>
                            <control type="image">
                                <left>90</left>
                                <top>45</top>
                                <width>844</width>
                                <height>160</height>
                                <texture>music/top.png</texture>
                                <colordiffuse>maindim</colordiffuse>
                            </control>
                            <control type="image">
                                <left>90</left>
                                <top>205</top>
                                <width>844</width>
                                <height>430</height>
                                <texture diffuse="music/bottom.png" fallback="images/black.png">$INFO[ListItem.Art(fanart)]</texture>
                            </control>
                            <control type="label">
                                <top>55</top>
                                <left>125</left>
                                <width>804</width>
                                <height>40</height>
                                <font>size27B</font>
                                <scroll>false</scroll>
                                <textcolor>red</textcolor>
                                <label>31033</label>
                            </control>
                            <control type="label">
                                <top>95</top>
                                <left>125</left>
                                <width>804</width>
                                <height>40</height>
                                <font>size39B</font>
                                <scroll>false</scroll>
                                <textcolor>dimgray</textcolor>
                                <label>$INFO[ListItem.Title]</label>
                            </control>
                            <control type="label">
                                <top>140</top>
                                <left>125</left>
                                <width>804</width>
                                <height>40</height>
                                <font>size39B</font>
                                <scroll>false</scroll>
                                <textcolor>gray</textcolor>
                                <label>$INFO[ListItem.Artist]</label>
                            </control>
                        </control>
                    </focusedlayout>
                    <content>musicdb://recentlyaddedalbums/</content>
                </control>
                <control type="label">
                    <left>90</left>
                    <bottom>210</bottom>
                    <height>30</height>
                    <font>size42B</font>
                    <textcolor>darktext</textcolor>
                    <label>31034</label>
                </control>
            </control>
            <control type="panel" id="667">
                <top>890</top>
                <width>1920</width>
                <height>500</height>
                <onup>777</onup>
                <ondown>noop</ondown>
                <onleft>noop</onleft>
                <onright>noop</onright>
                <orientation>horizontal</orientation>
                <scrolltime>400</scrolltime>
                <itemlayout height="150" width="600">
                    <control type="image">
                        <left>90</left>
                        <width>550</width>
                        <height>130</height>
                        <texture border="8">images/White.png</texture>
                        <colordiffuse>99ffffff</colordiffuse>
                    </control>
                    <control type="image">
                        <left>90</left>
                        <width>130</width>
                        <height>130</height>
                        <texture>$INFO[ListItem.Icon]</texture>
                    </control>
                    <control type="textbox">
                        <left>230</left>
                        <width>410</width>
                        <height>130</height>
                        <font>size33B</font>
                        <textcolor>black</textcolor>
                        <aligny>center</aligny>
                        <label>$INFO[ListItem.label][CR]$INFO[ListItem.Artist]</label>
                        <colordiffuse>99ffffff</colordiffuse>
                    </control>
                </itemlayout>
                <focusedlayout height="150" width="600">
                    <control type="group">
                        <animation effect="zoom" start="100" end="110" time="120" center="auto" tween="Back" easing="Out">Focus</animation>
                        <animation effect="zoom" start="110" end="100" time="120" center="auto">unFocus</animation>
                        <control type="image" description="shadow">
                            <animation effect="fade" start="0" end="100" time="150">Focus</animation>
                            <animation effect="fade" start="100" end="0" time="150">unFocus</animation>
                            <left>80</left>
                            <top>15</top>
                            <width>570</width>
                            <height>150</height>
                            <texture>shadow.png</texture>
                        </control>
                        <control type="image">
                            <left>90</left>
                            <width>550</width>
                            <height>130</height>
                            <texture border="8">images/White.png</texture>
                            <!--<colordiffuse>99ffffff</colordiffuse>-->
                        </control>
                        <control type="image">
                            <left>90</left>
                            <width>130</width>
                            <height>130</height>
                            <texture>$INFO[ListItem.Icon]</texture>
                        </control>
                        <control type="textbox">
                            <left>230</left>
                            <width>410</width>
                            <height>130</height>
                            <font>size33B</font>
                            <textcolor>black</textcolor>
                            <aligny>center</aligny>
                            <label>$INFO[ListItem.label][CR]$INFO[ListItem.Artist]</label>
                            <colordiffuse>99ffffff</colordiffuse>
                        </control>
                    </control>
                </focusedlayout>
                <content>musicdb://top100/songs/</content>
            </control>
            <include>9000music</include>
        </control>
    </controls>
</window>
