<?xml version="1.0" encoding="UTF-8"?>
<window type="dialog" id="115">
    <defaultcontrol always="true">901</defaultcontrol>
    <allowoverlay>yes</allowoverlay>
    <zorder>5</zorder>
    <include>OpenClose</include>
    <visible>![Window.IsVisible(SliderDialog) | Window.IsVisible(OSDVideoSettings) | Window.IsVisible(OSDAudioSettings) | Window.IsVisible(VideoBookmarks) | Window.IsVisible(Dialogselect.xml)]</visible>
    <visible>Window.IsVisible(FullScreenVideo) + [Window.IsActive(videoosd.xml) | Player.DisplayAfterSeek | Player.Seeking | Player.Forwarding | Player.Rewinding | Player.Caching]</visible>
    <animation effect="fade" start="0" end="100" time="400">Visible</animation>
    <animation effect="fade" start="100" end="0" time="100">Hidden</animation>
    <controls>
        <control type="group" description="Time">
            <visible>!Window.IsActive(142)</visible>
            <animation effect="fade" start="0" end="70" time="400">Visible</animation>
            <animation effect="fade" start="70" end="0" time="100">Hidden</animation>
        </control>
		<!-- SEEKBAR PLAYER STATE -->
        <control type="label" id="30" description="Seek time label">
            <visible>!Skin.HasSetting(hidejump) + !Control.IsVisible(31)</visible>
            <height>1080</height>
            <width>1920</width>
            <align>center</align>
            <aligny>center</aligny>
            <font>sizescroll</font>
            <textcolor>aa666666</textcolor>
            <animation effect="fade" time="200">VisibleChange</animation>
            <label>$INFO[Player.SeekOffset]</label>
        </control>
        <control type="label" id="31" description="Pause label">
            <visible>Player.Paused</visible>
			<centertop>540</centertop>
			<centerleft>960</centerleft>
            <height>1080</height>
            <width>1920</width>
            <align>center</align>
            <aligny>center</aligny>
            <font>sizescroll</font>
            <textcolor>aa666666</textcolor>
            <animation effect="fade" time="200">VisibleChange</animation>
            <label>[B]II[/B]</label>
        </control>
		<!--control type="image" id="71" description="Pause logo">
			<visible>Player.Paused + !Control.IsVisible(71)</visible>
			<centertop>540</centertop>
			<centerleft>960</centerleft>
			<width>600</width>
			<height>600</height>
			<texture colordiffuse="33ffffff">Seekbar/OSDPauseFO_LG.png</texture>
		</control>	
        <control type="multiimage" id="80" description="Buffer animation">
			<visible>Player.Caching + !Control.IsVisible(70)</visible>
            <centerleft>960</centerleft>
            <centertop>540</centertop>
            <width>900</width>
            <height>90</height>
            <imagepath>busy/multi</imagepath>
            <timeperimage>85</timeperimage>
            <fadetime>0</fadetime>
            <loop>yes</loop>
            <aspectratio>keep</aspectratio>
        </control-->			

        <control type="group">
            <top>980</top>
            <left>110</left>
            <control type="progress" description="Cache Progress">
                <!--Player.Caching-->
                <width>1700</width>
                <height>10</height>
                <reveal>true</reveal>
                <texturebg border="4">Seekbar/ProgressBG.png</texturebg>
                <lefttexture>Seekbar/ProgressL.png</lefttexture>
                <midtexture>Seekbar/ProgressM.png</midtexture>
                <righttexture>Seekbar/ProgressR.png</righttexture>
                <colordiffuse>$VAR[seekbarcache]</colordiffuse>
                <info>Player.ProgressCache</info>
            </control>
            <control type="progress" id="23" description="Progress Bar">
                <width>1700</width>
                <height>10</height>
                <reveal>true</reveal>
                <texturebg border="4">Seekbar/ProgressBG.png</texturebg>
                <lefttexture border="4">Seekbar/ProgressL.png</lefttexture>
                <midtexture>Seekbar/ProgressM.png</midtexture>
                <righttexture border="4">Seekbar/ProgressR.png</righttexture>
                <info>Player.Progress</info>
                <visible>true</visible>
            </control>
            <control type="label">
                <top>15</top>
                <width>195</width>
                <height>30</height>
                <label>$INFO[Player.Time]</label>
                <textcolor>lightgray</textcolor>
                <shadowcolor>black</shadowcolor>
                <font>size26</font>
            </control>
            <control type="label">
                <top>15</top>
                <right>110</right>
                <height>30</height>
                <width>195</width>
                <align>right</align>
                <label>- $INFO[Player.TimeRemaining]</label>
                <textcolor>lightgray</textcolor>
                <shadowcolor>black</shadowcolor>
                <font>size26</font>
            </control>
        </control>
        <!--control type="image" description="Buffer icon">
            <visible>Player.Caching</visible>
            <left>0</left>
            <include>OSDbarIcons</include>
            <texture border="2">busy/Busy.png</texture>
            <animation effect="rotate" start="360" end="0" center="auto" time="1200" loop="true" pulse="true" condition="true">conditional</animation>
        </control-->
        <control type="grouplist">
            <visible>!Window.IsVisible(videoosd)</visible>
            <top>20</top>
            <left>1450</left>
            <control type="image">
                <width>375</width>
                <height>150</height>
                <aspectratio>keep</aspectratio>
                <texture background="true">$INFO[Player.Art(clearlogo)]</texture>
            </control>
        </control>
    </controls>
</window>
