<?xml version="1.0" encoding="UTF-8"?>
<window id="136">
    <coordinates>
        <left>0</left>
        <top>0</top>
    </coordinates>
    <animation effect="fade" time="250">WindowOpen</animation>
    <animation effect="fade" time="250">WindowClose</animation>
    <controls>
        <!--include>OtherBackground</include-->
		<control type="image" description="Busy BG">
		  <visible>!Skin.HasTheme(White)</visible>
		  <left>0</left>
		  <top>0</top>
		  <width>1920</width>
		  <height>1080</height>
		  <texture colordiffuse="busybkgd">busy/BusyBG.png</texture>
		  <!--texture colordiffuse="ffa8a8a8" diffuse="busy/BusyBG.png">$VAR[OtherBG]</texture-->			  		  
		  <aspectratio>stretch</aspectratio>
		</control>	
		<control type="label" description="Loading Please Wait">
			<visible>Skin.HasSetting(loading)</visible>
			<animation effect="fade" time="300" delay="1500">WindowOpen</animation>
			<centerleft>960</centerleft>
			<centertop>650</centertop>
			<width>300</width>
			<height>80</height>
			<font>size26</font>
			<textcolor>darktext</textcolor>
			<shadowcolor></shadowcolor>
			<align>center</align>				
			<label>$LOCALIZE[31078]</label>
		</control>
        <control type="multiimage" description="Busy animation">
            <centerleft>960</centerleft>
            <centertop>540</centertop>
            <width>900</width>
            <height>90</height>
            <imagepath>busy/multi</imagepath>
            <timeperimage>85</timeperimage>
            <fadetime>0</fadetime>
            <loop>yes</loop>
            <aspectratio>keep</aspectratio>
        </control>
        <control type="progress" id="10">
            <left>735</left>
            <top>650</top>
            <width>450</width>
            <height>8</height>
            <texturebg>MusicOSD/ProgressBG.png</texturebg>
            <midtexture>MusicOSD/ProgressM.png</midtexture>
            <righttexture>MusicOSD/ProgressR.png</righttexture>
            <lefttexture>MusicOSD/ProgressL.png</lefttexture>
        </control>
    </controls>
</window>
