<?xml version="1.0" encoding="UTF-8"?>
<window id="2003">
    <defaultcontrol always="true">195</defaultcontrol>
    <backgroundcolor>background</backgroundcolor>
    <include>OpenClose</include>
    <controls>
        <include>OtherBackground</include>
		<!-- DISABLED -->
        <!--control type="button" id="191">
            <description>Fake Plot button</description>
            <ondown>8</ondown>
            <onleft>190</onleft>
            <top>-100</top>
            <onclick>Skin.SetString(infoplot,$ESCINFO[Control.GetLabel(4)])</onclick>
            <onclick>ActivateWindow(1119)</onclick>
        </control-->
        <control type="group">
            <animation effect="slide" end="0,-600" condition="[Control.HasFocus(999) | Control.HasFocus(50)] + !Container.Content(tvshows)" time="300">Conditional</animation>
            <!--<animation effect="slide" end="0,-900" condition="Control.HasFocus(50)" time="300">Conditional</animation>-->
            <control type="image" description="Thumb">
                <centerleft>1620</centerleft>
                <centertop>350</centertop>
                <width>400</width>
                <height>580</height>
                <texture background="true" diffuse="images/diffuse.png">$VAR[locandine]</texture>
                <aspectratio>keep</aspectratio>
            </control>
            <control type="group">
                <top>100</top>
                <left>410</left>
                <control type="label" description="title">
                    <width>auto</width>
                    <height>50</height>
                    <font>size39</font>
                    <align>Left</align>
                    <label>$INFO[ListItem.Title] $INFO[ListItem.Year, (,)]</label>
                </control>
                <control type="label">
                    <top>46</top>
                    <width>880</width>
                    <height>45</height>
                    <font>size24</font>
                    <textcolor>darktext</textcolor>
                    <label>$INFO[ListItem.Studio]</label>
                </control>
                <control type="label">
                    <top>95</top>
                    <width>880</width>
                    <height>45</height>
                    <font>size24</font>
                    <textcolor>darktext</textcolor>
                    <label>$INFO[ListItem.Duration,, min]$INFO[ListItem.MPAA, • ]</label>
                </control>
                <control type="textbox" id="4" description="plot">
                    <animation effect="zoom" condition="Control.HasFocus(191)" start="100" end="103" time="120" center="auto" tween="Back" easing="Out">Conditional</animation>
                    <animation effect="zoom" condition="!Control.HasFocus(191)" start="103" end="100" time="120" center="auto">Conditional</animation>
                    <top>160</top>
                    <width>700</width>
                    <height>200</height>
                    <autoscroll>false</autoscroll>
                    <align>justify</align>
                </control>
            </control>
            <control type="group" description="Left INOFS">
                <include>VisibleFade</include>
                <control type="grouplist" id="190">
                    <left>50</left>
                    <top>152</top>
                    <width>350</width>
                    <height>920</height>
                    <onleft>noop</onleft>
                    <onright>195</onright>
                    <onup>noop</onup>
                    <ondown>50</ondown>
                    <itemgap>12</itemgap>
                    <control type="label">
                        <include>diavidinfolabels</include>
                        <label>[UPPERCASE][B]$LOCALIZE[515][/B][/UPPERCASE]</label>
                    </control>
                    <control type="button" id="789">
                        <include>diavidinfobuttons</include>
                        <label>$INFO[ListItem.Genre]</label>
                    </control>
                    <control type="label" id="790">
                        <include>diavidinfolabels</include>
                        <label>[UPPERCASE][B]$LOCALIZE[20339][/B][/UPPERCASE]</label>
                    </control>
                    <control type="button" id="791">
                        <onclick>SendClick(2003,13)</onclick>
                        <include>diavidinfobuttons</include>
                        <label>$INFO[ListItem.Director]</label>
                    </control>
                    <control type="label" id="794">
                        <include>diavidinfolabels</include>
                        <label>[UPPERCASE][B]$LOCALIZE[20417][/B][/UPPERCASE]</label>
                    </control>
                    <control type="button" id="795">
                        <include>diavidinfobuttons</include>
                        <label>$INFO[ListItem.Writer]</label>
                    </control>
                    <control type="label" id="796">
                        <include>diavidinfolabels</include>
                        <label>[UPPERCASE][B]$LOCALIZE[563][/B][/UPPERCASE]</label>
                    </control>
                    <control type="button" id="797">
                        <height>50</height>
                        <include>diavidinfobuttons</include>
                        <label>$INFO[ListItem.RatingAndVotes]</label>
                    </control>
                    <control type="label" id="798">
                        <include>diavidinfolabels</include>
                        <label>[UPPERCASE][B]$LOCALIZE[563][/B][/UPPERCASE]</label>
                    </control>
                    <control type="button" id="799">
                        <visible>!String.IsEmpty(ListItem.UserRating)</visible>
                        <height>50</height>
                        <include>diavidinfobuttons</include>
                        <label>$INFO[ListItem.UserRating]</label>
                    </control>
                    <control type="button" id="807">
                        <visible>String.IsEmpty(ListItem.UserRating)</visible>
                        <height>50</height>
                        <include>diavidinfobuttons</include>
                        <label>31035</label>
                        <onclick>SendClick(2003,7)</onclick>
                    </control>
                </control>
            </control>
            <control type="grouplist" id="195">
                <top>520</top>
                <left>400</left>
                <width>1100</width>
                <onup>191</onup>
                <onleft>190</onleft>
                <ondown>50</ondown>
                <onright>noop</onright>
                <itemgap>30</itemgap>
                <aligny>bottom</aligny>
                <align>left</align>
                <orientation>horizontal</orientation>
                <control type="button" id="8" description="Play/browse to Show">
                    <visible>!Container.Content(tvshows)</visible>
                    <animation effect="zoom" start="100" end="120" time="120" center="auto" tween="Back" easing="Out">Focus</animation>
                    <animation effect="zoom" start="120" end="100" time="120" center="auto">unFocus</animation>
                    <height>100</height>
                    <width>160</width>
                    <texturefocus>images/diffuserounded.png</texturefocus>
                    <texturenofocus>images/diffuserounded.png</texturenofocus>
                    <font>size21</font>
                    <textoffsetx>0</textoffsetx>
                    <label>208</label>
					<textcolor>ff000000</textcolor>
                </control>				
                <control type="button" id="888" description="Play/browse to Show">
                    <visible>Container.Content(tvshows)</visible>
                    <animation effect="zoom" start="100" end="120" time="120" center="auto" tween="Back" easing="Out">Focus</animation>
                    <animation effect="zoom" start="120" end="100" time="120" center="auto">unFocus</animation>
                    <height>100</height>
                    <width>160</width>
                    <texturefocus>images/diffuserounded.png</texturefocus>
                    <texturenofocus>images/diffuserounded.png</texturenofocus>
                    <font>size21</font>
                    <textoffsetx>0</textoffsetx>
                    <label>$LOCALIZE[1024] $LOCALIZE[33054]</label>
					<textcolor>ff000000</textcolor>
                    <onclick>SendClick(8)</onclick>
                </control>
                <control type="button" id="11" description="Trailer">
                    <animation effect="zoom" start="100" end="120" time="120" center="auto" tween="Back" easing="Out">Focus</animation>
                    <animation effect="zoom" start="120" end="100" time="120" center="auto">unFocus</animation>
                    <height>100</height>
                    <width>160</width>
                    <texturefocus>images/diffuserounded.png</texturefocus>
                    <texturenofocus>images/diffuserounded.png</texturenofocus>
                    <visible>!String.IsEmpty(ListItem.Trailer)</visible>
                    <font>size21</font>
                    <textoffsetx>0</textoffsetx>
                    <label>20410</label>
					<textcolor>ff000000</textcolor>
                </control>				
                <control type="button" id="6" description="Refresh">
                    <animation effect="zoom" start="100" end="120" time="120" center="auto" tween="Back" easing="Out">Focus</animation>
                    <animation effect="zoom" start="120" end="100" time="120" center="auto">unFocus</animation>
                    <height>100</height>
                    <width>160</width>
                    <texturefocus>images/diffuserounded.png</texturefocus>
                    <texturenofocus>images/diffuserounded.png</texturenofocus>
                    <font>size21</font>
                    <textoffsetx>0</textoffsetx>
                    <label>184</label>
					<textcolor>ff000000</textcolor>
                </control>
                <control type="button" id="10" description="Get Art">
                    <animation effect="zoom" start="100" end="120" time="120" center="auto" tween="Back" easing="Out">Focus</animation>
                    <animation effect="zoom" start="120" end="100" time="120" center="auto">unFocus</animation>
                    <height>100</height>
                    <width>160</width>
                    <texturefocus>images/diffuserounded.png</texturefocus>
                    <texturenofocus>images/diffuserounded.png</texturenofocus>
                    <font>size21</font>
                    <textoffsetx>0</textoffsetx>
                    <label>13511</label>
					<textcolor>ff000000</textcolor>
                </control>
            </control>
            <control type="image" description="Overlay">
                <top>690</top>
                <height>1920</height>
                <width>1920</width>
                <texture border="8" colordiffuse="$VAR[bannercolor]">images/White.png</texture>
            </control>
            <control type="list" id="999">
                <top>1120</top>
                <width>1920</width>
                <height>400</height>
                <onleft>noop</onleft>
                <onright>noop</onright>
                <onup>50</onup>
                <ondown>noop</ondown>
                <movement></movement>
                <orientation>horizontal</orientation>
                <scrolltime easing="inout">280</scrolltime>
                <itemlayout width="250" height="400">
                    <control type="image" description="Thumb">
                        <centerleft>145</centerleft>
                        <centertop>150</centertop>
                        <height>300</height>
                        <width>200</width>
                        <aspectratio>keep</aspectratio>
                        <texture>$INFO[ListItem.Art(poster)]$INFO[ListItem.Art(season.poster)]</texture>
                    </control>
                </itemlayout>
                <focusedlayout width="250" height="400">
                    <control type="group">
                        <include>selection</include>
                        <control type="image" description="Thumb">
                            <centerleft>145</centerleft>
                            <centertop>150</centertop>
                            <height>300</height>
                            <width>200</width>
                            <aspectratio>keep</aspectratio>
                            <texture>$INFO[ListItem.Art(poster)]$INFO[ListItem.Art(season.poster)]</texture>
                        </control>
                        <control type="textbox">
                            <top>300</top>
                            <centerleft>145</centerleft>
                            <width>210</width>
                            <align>center</align>
                            <font>XS</font>
                            <label>$INFO[ListItem.Label]</label>
                        </control>
                    </control>
                </focusedlayout>
                <content target="videos">$VAR[infosuggestions]</content>
            </control>
            <control type="list" id="50">
                <top>690</top>
                <width>1920</width>
                <height>400</height>
                <onleft>noop</onleft>
                <onright>noop</onright>
                <onup>195</onup>
                <ondown>999</ondown>
                <viewtype>ActorsandRoles</viewtype>
                <movement></movement>
                <orientation>horizontal</orientation>
                <scrolltime easing="inout">280</scrolltime>
                <itemlayout width="250" height="400">
                    <control type="image" description="Thumb">
                        <centerleft>145</centerleft>
                        <centertop>150</centertop>
                        <height>205</height>
                        <width>205</width>
                        <aspectratio scalediffuse="false">scale</aspectratio>
                        <texture diffuse="images/LoginDiffuse.png" fallback="defaultsilo.png">$INFO[ListItem.Art(thumb)]</texture>
                    </control>
                    <control type="textbox" description="actors-roles">
                        <top>270</top>
                        <centerleft>145</centerleft>
                        <width>205</width>
                        <align>center</align>
                        <font>size26</font>
                        <label>$INFO[ListItem.Label][CR]$INFO[ListItem.Label2]</label>
                    </control>
                </itemlayout>
                <focusedlayout width="250" height="400">
                    <control type="group">
                        <control type="image" description="Selector">
							<visible>Control.HasFocus(50)</visible>
                            <include>selection</include>
                            <centerleft>145</centerleft>
                            <centertop>150</centertop>
                            <height>210</height>
                            <width>210</width>
                            <aspectratio scalediffuse="false">scale</aspectratio>
                            <texture>images/LoginDiffuse.png</texture>
                        </control>					
                        <control type="image" description="Thumb">
                            <include>selection</include>
                            <centerleft>145</centerleft>
                            <centertop>150</centertop>
                            <height>205</height>
                            <width>205</width>
                            <aspectratio scalediffuse="false">scale</aspectratio>
                            <texture diffuse="images/LoginDiffuse.png" fallback="defaultsilo.png">$INFO[ListItem.Art(thumb)]</texture>
                        </control>
                        <control type="textbox" description="actors-roles">
                            <animation effect="slide" end="0,22" time="120" tween="Back" easing="Out">Focus</animation>
                            <animation effect="slide" start="0,22" end="0,0" time="120">unFocus</animation>
                            <top>270</top>
                            <centerleft>145</centerleft>
                            <width>205</width>
                            <align>center</align>
                            <font>size26</font>
                            <label>$INFO[ListItem.Label][CR]$INFO[ListItem.Label2]</label>
                        </control>
                    </control>
                </focusedlayout>
            </control>
        </control>
    </controls>
</window>
