<?xml version="1.0" encoding="UTF-8"?>
<window>
	<defaultcontrol always="true">20</defaultcontrol>
	<allowoverlay>no</allowoverlay>
	<include>OpenClose</include>
	<controls>
		<include>OtherBackground</include>
		<control type="label">
			<include>Header</include>
			<label>$LOCALIZE[19199] - $LOCALIZE[19023]/$LOCALIZE[19024]</label>
		</control>
		<control type="group">
			<left>88</left>
			<top>120</top>
			<control type="list" id="20">
				<width>802</width>
				<height>890</height>
				<onright>9002</onright>
				<onleft>noop</onleft>
				<onup>20</onup>
				<ondown>20</ondown>
				<pagecontrol>60</pagecontrol>
				<scrolltime>250</scrolltime>
				<itemlayout width="802" height="81">
					<control type="label" description="Main Label">
						<width>750</width>
						<include>50Label</include>
						<label>$INFO[ListItem.Label]</label>
					</control>
				</itemlayout>
				<focusedlayout width="802" height="81">
					<control type="group">
						<animation effect="zoom" time="120" start="100" end="105" center="auto" tween="Back" easing="Out">Focus</animation>
						<control type="image">
							<top>12</top>
							<left>-50</left>
							<height>70</height>
							<width>905</width>
							<texture>shadow.png</texture>
						</control>
						<control type="image">
							<height>70</height>
							<width>805</width>
							<texture border="8">images/White.png</texture>
						</control>
						<control type="label" description="Main Label">
							<width>750</width>
							<include>50LabelFO</include>
							<label>$INFO[ListItem.Label]</label>
						</control>
					</control>
				</focusedlayout>
			</control>
		</control>
		<control type="group" id="9002">
			<control type="grouplist">
				<left>1020</left>
				<top>100</top>
				<height>900</height>
				<onright>noop</onright>
				<onleft>20</onleft>
				<ondown>9000</ondown>
				<aligny>center</aligny>
				<control type="label">
					<description>channel options Header</description>
					<width>740</width>
					<height>60</height>
					<font>Size36B</font>
					<label>$LOCALIZE[33063]</label>
					<align>center</align>
					<aligny>center</aligny>
					<textcolor>black</textcolor>
				</control>
				<control type="radiobutton" id ="7">
					<description>Channel activated</description>
					<width>740</width>
					<height>60</height>
					<font>Size26</font>
					<align>left</align>
					<aligny>center</aligny>
					<label>19074</label>
				</control>
				<control type="edit" id ="8">
					<description>Channel name</description>
					<width>740</width>
					<height>60</height>
					<font>Size26</font>
					<label>19201</label>
				</control>
				<control type="button" id ="9">
					<description>Channel logo Button</description>
					<width>740</width>
					<height>60</height>
					<font>Size26</font>
					<label>19202</label>
				</control>
				<control type="image" id ="10">
					<description>Current Channel Icon</description>
					<width>740</width>
					<height>60</height>
					<aspectratio>keep</aspectratio>
					<info>ListItem.Property(Icon)</info>
				</control>
				<control type="radiobutton" id ="12">
					<description>EPG activated</description>
					<width>740</width>
					<height>60</height>
					<font>Size26</font>
					<align>left</align>
					<aligny>center</aligny>
					<pulseonselect>no</pulseonselect>
					<label>19206</label>
				</control>
				<control type="spincontrolex" id ="13">
					<description>EPG source</description>
					<width>740</width>
					<height>60</height>
					<align>left</align>
					<font>Size26</font>
					<label>19200</label>
				</control>
				<control type="radiobutton" id ="14">
					<description>Parental locked</description>
					<width>740</width>
					<height>60</height>
					<font>Size26</font>
					<align>left</align>
					<aligny>center</aligny>
					<pulseonselect>no</pulseonselect>
					<label>19267</label>
				</control>
				<control type="button" id ="30">
					<description>Group Manager Button</description>
					<width>740</width>
					<height>60</height>
					<font>Size26</font>
					<align>left</align>
					<label>19205</label>
				</control>
				<control type="button" id ="34">
					<description>TV/Radio Button</description>
					<width>740</width>
					<height>60</height>
					<font>Size26</font>
					<align>left</align>
					<label>$LOCALIZE[19023] / $LOCALIZE[19024]</label>
				</control>
				<control type="button" id ="31">
					<description>Edit channel Button</description>
					<width>740</width>
					<height>60</height>
					<font>Size26</font>
					<align>left</align>
					<label>19203</label>
				</control>
				<control type="button" id ="32">
					<description>Delete channel Button</description>
					<width>740</width>
					<height>60</height>
					<font>Size26</font>
					<align>left</align>
					<label>19211</label>
				</control>
				<control type="button" id ="33">
					<description>New channel Button</description>
					<width>740</width>
					<height>60</height>
					<font>Size26</font>
					<align>left</align>
					<label>19204</label>
				</control>
			</control>
		</control>
		<control type="grouplist" id="9000">
			<left>910</left>
			<top>960</top>
			<width>960</width>
			<align>center</align>
			<orientation>Horizontal</orientation>
			<onup>9002</onup>
			<control type="button" id ="4">
				<description>OK Button</description>
				<width>200</width>
				<height>60</height>
				<label>186</label>
				<font>Size26</font>
				<align>center</align>
				<aligny>center</aligny>
			</control>
			<control type="button" id ="5">
				<description>Apply changes Button</description>
				<width>300</width>
				<height>60</height>
				<label>14070</label>
				<font>Size26</font>
				<align>center</align>
				<aligny>center</aligny>
			</control>
			<control type="button" id ="6">
				<description>Cancel Button</description>
				<width>200</width>
				<height>60</height>
				<label>222</label>
				<font>Size26</font>
				<align>center</align>
				<aligny>center</aligny>

			</control>
		</control>
	</controls>
</window>
