<?xml version="1.0" encoding="UTF-8"?>
<window>
    <zorder>50</zorder>
    <defaultcontrol always="true">5552</defaultcontrol>
    <animation effect="fade" start="0" end="100" time="300">WindowOpen</animation>
    <animation effect="fade" start="100" end="0" time="200">WindowClose</animation>
    <controls>
        <control type="grouplist" id="5552">
            <left>110</left>
            <top>70</top>
            <onup>Close</onup>
            <ondown>Close</ondown>
            <control type="label">
                <width>1600</width>
                <height>50</height>
                <align>left</align>
                <label>$INFO[Player.Process(videodecoder)]</label>
                <font>font13</font>
                <visible>Player.HasVideo</visible>
            </control>
            <control type="label">
                <width>1600</width>
                <height>50</height>
                <aligny>bottom</aligny>
                <label>$INFO[Player.Process(pixformat),Pixel Format: ]</label>
                <font>font13</font>
                <visible>Player.HasVideo</visible>
            </control>
            <control type="label">
                <width>1600</width>
                <height>50</height>
                <aligny>bottom</aligny>
                <label>$INFO[Player.Process(deintmethod),Deinterlace Method: ]</label>
                <font>font13</font>
                <visible>Player.HasVideo</visible>
            </control>
            <control type="label">
                <width>1600</width>
                <height>50</height>
                <aligny>bottom</aligny>
                <label>$INFO[Player.Process(videowidth),Video : ,x]$INFO[Player.Process(videoheight),, px]$INFO[Player.Process(videodar),$COMMA , AR]$INFO[Player.Process(videofps),$COMMA , FPS]</label>
                <font>font13</font>
                <visible>Player.HasVideo</visible>
            </control>
            <control type="label">
                <width>1600</width>
                <height>50</height>
                <aligny>bottom</aligny>
                <label>Audio Channels: $INFO[Player.Process(audiochannels),,$COMMA ]$INFO[Player.Process(audiodecoder)]$INFO[Player.Process(audiobitspersample),$COMMA , bits]$INFO[Player.Process(audiosamplerate),$COMMA , Hz]</label>
                <font>font13</font>
            </control>
            <control type="label">
                <width>1600</width>
                <height>50</height>
                <aligny>bottom</aligny>
				<label>$INFO[System.Memory(used.percent),Memory in Use: ,]  $INFO[System.Memory(used)] / $INFO[System.Memory(total)]  |  $INFO[System.CpuUsage ,$LOCALIZE[13271]]</label>
                <font>font13</font>
            </control>
        </control>
    </controls>
</window>