<?xml version="1.0" encoding="UTF-8"?>
<window>
    <defaultcontrol always="true">5</defaultcontrol>
    <allowoverlay>no</allowoverlay>
    <include>DialogOpenCloseVisible</include>
    <controls>
        <control type="group">
            <top>40</top>			
            <!--control type="image">
                <centerleft>960</centerleft>
                <centertop>500</centertop>
                <width>1520</width>
                <height>920</height>
                <texture border="50">$VAR[ContextMenu]</texture>
                <!--colordiffuse>dialog</colordiffuse--
            </control-->
			<control type="image" description="List back">	
				<centerleft>960</centerleft>
				<centertop>494</centertop>
				<width>1640</width>
				<height>1100</height>
				<aspectratio>stretch</aspectratio>
				<include condition="String.IsEmpty(Skin.String(CustomBgDialog)) + String.IsEmpty(Skin.String(CustomBgHome)) + ![Skin.HasTheme(Dark)|Skin.HasTheme(White)]">DialogTexture</include>
				<include condition="!String.IsEmpty(Skin.String(CustomBgDialog)) | !String.IsEmpty(Skin.String(CustomBgHome)) | Skin.HasTheme(Dark) | Skin.HasTheme(White)">DialogTextureBG</include>
			</control>
			<control type="image" description="List back diffuse">	
				<centerleft>960</centerleft>
				<centertop>494</centertop>
				<width>1640</width>
				<height>1100</height>
				<aspectratio>stretch</aspectratio>
				<texture border="50" colordiffuse="$VAR[diffusedialog]" diffuse="images/DialogDiffuse.png">images/whitebg.png</texture>
			</control>	
			<control type="image" description="List back border">
			  <centerleft>960</centerleft>
			  <centertop>494</centertop>
			  <width>1616</width>
			  <height>1076</height>
			  <aspectratio>stretch</aspectratio>
			  <texture>$VAR[BorderColor]</texture>	  
			</control>			
            <control type="label" id="2">
                <centerleft>960</centerleft>
                <top>90</top>
                <align>center</align>
                <height>62</height>
                <font>size42B</font>
                <width>1020</width>
                <label></label>
            </control>
            <control type="grouplist" id="5" description="Control Area">
                <left>320</left>
                <top>190</top>
                <width>900</width>
                <height>720</height>
                <itemgap>10</itemgap>
                <onup>noop</onup>
                <ondown>noop</ondown>
                <onleft>noop</onleft>
                <onright>9000</onright>
            </control>
            <control type="button" id="7" description="Button Default">
                <width>900</width>
                <align>left</align>
            </control>
            <control type="radiobutton" id="8" description="RadioButton">
                <width>900</width>
                <align>left</align>
                <radioleft>1020</radioleft>
            </control>
            <control type="spincontrolex" id="9" description="spincontrolex">
                <width>900</width>
                <align>left</align>
                <radioleft>1020</radioleft>
            </control>			
            <control type="grouplist" id="9000">
                <top>190</top>
                <left>1285</left>
                <onup>noop</onup>
                <ondown>noop</ondown>
                <onright>noop</onright>
                <onleft>5</onleft>
                <control type="button" id="28" description="OK">
                    <width>330</width>
                    <label>186</label>
                </control>
                <control type="button" id="29" description="Cancel">
                    <width>330</width>
                    <label>222</label>
                </control>
                <control type="button" id="30" description="Clear/Settings">
                    <width>330</width>
                    <align>left</align>
                    <label></label>
                </control>
            </control>
        </control>
    </controls>
</window>
