<?xml version="1.0" encoding="UTF-8"?>
<fonts>
    <fontset id="Default">
        <!--Fonts for GeneralAddons-->
        <font>
            <name>font10</name>
            <filename>Default.ttf</filename>
            <size>26</size>
        </font>
        <font>
            <name>font13</name>
            <filename>Default.ttf</filename>
            <size>26</size>
        </font>
        <font>
            <name>font14</name>
            <filename>Default.ttf</filename>
            <size>26</size>
        </font>
        <font>
            <name>font12</name>
            <filename>Default.ttf</filename>
            <size>21</size>
        </font>
        <font>
            <name>Size26B</name>
            <filename>Default.ttf</filename>
            <size>26</size>
			<style>bold</style>
        </font>
        <font>
            <name>special13</name>
            <filename>Default.ttf</filename>
            <size>21</size>
        </font>
        <!-- End of GeneralAddons fonts -->
        <font>
            <name>size21</name>
            <filename>Default.ttf</filename>
            <size>21</size>
        </font>
        <font>
            <name>size21B</name>
            <filename>Default.ttf</filename>
            <size>21</size>
			<style>bold</style>
        </font>
        <font>
            <name>size22</name>
            <filename>Default.ttf</filename>
            <size>22</size>
        </font>
        <font>
            <name>size24</name>
            <filename>Default.ttf</filename>
            <size>24</size>
        </font>
        <font>
            <name>size26</name>
            <filename>Default.ttf</filename>
            <size>26</size>
        </font>
        <font>
            <name>size26B</name>
            <filename>Default.ttf</filename>
            <size>26</size>
			<style>bold</style>
        </font>
        <font>
            <name>size27</name>
            <filename>Default.ttf</filename>
            <size>27</size>
        </font>
        <font>
            <name>size27B</name>
            <filename>Default.ttf</filename>
            <size>27</size>
			<style>bold</style>
        </font>
        <font>
            <name>size28</name>
            <filename>Default.ttf</filename>
            <size>28</size>
        </font>
        <font>
            <name>size30</name>
            <filename>Default.ttf</filename>
            <size>30</size>
        </font>
        <font>
            <name>size30B</name>
            <filename>Default.ttf</filename>
            <size>30</size>
			<style>bold</style>
        </font>
        <font>
            <name>size33</name>
            <filename>Default.ttf</filename>
            <size>33</size>
        </font>
        <font>
            <name>size33B</name>
            <filename>Default.ttf</filename>
            <size>33</size>
			<style>bold</style>
        </font>
        <font>
            <name>size34</name>
            <filename>Default.ttf</filename>
            <size>34</size>
        </font>
        <font>
            <name>size36</name>
            <filename>Default.ttf</filename>
            <size>36</size>
        </font>
        <font>
            <name>size36B</name>
            <filename>Default.ttf</filename>
            <size>36</size>
			<style>bold</style>
        </font>
        <font>
            <name>size38</name>
            <filename>Default.ttf</filename>
            <size>38</size>
        </font>
        <font>
            <name>size39</name>
            <filename>Default.ttf</filename>
            <size>39</size>
        </font>
        <font>
            <name>size39B</name>
            <filename>Default.ttf</filename>
            <size>39</size>
			<style>bold</style>
        </font>
        <font>
            <name>size42</name>
            <filename>Default.ttf</filename>
            <size>42</size>
        </font>
        <font>
            <name>size42B</name>
            <filename>Default.ttf</filename>
            <size>42</size>
			<style>bold</style>
        </font>
        <font>
            <name>size60</name>
            <filename>Default.ttf</filename>
            <size>60</size>
        </font>		
        <font>
            <name>size60B</name>
            <filename>Default.ttf</filename>
            <size>60</size>
			<style>bold</style>
        </font>
        <font>
            <name>shelf</name>
            <filename>Default.ttf</filename>
            <size>40</size>
        </font>
        <font>
            <name>music</name>
            <filename>Default.ttf</filename>
            <size>80</size>
        </font>
        <font>
            <name>size212</name>
            <filename>Default.ttf</filename>
            <size>142</size>
            <style>bold</style>
        </font>
        <font>
            <name>sizescroll</name>
            <filename>Default.ttf</filename>
            <size>500</size>
        </font>
        <font>
            <name>paused</name>
            <filename>Default.ttf</filename>
            <size>320</size>
        </font>		
        <font>
            <name>XS</name>
            <filename>Default.ttf</filename>
            <size>18</size>
        </font>
    </fontset>
    <fontset id="Light">
        <font>
            <name>font10</name>
            <filename>Light.ttf</filename>
            <size>26</size>
        </font>
        <font>
            <name>font13</name>
            <filename>Light.ttf</filename>
            <size>26</size>
        </font>
        <font>
            <name>font14</name>
            <filename>Light.ttf</filename>
            <size>26</size>
        </font>
        <font>
            <name>font12</name>
            <filename>Light.ttf</filename>
            <size>21</size>
        </font>
        <font>
            <name>Size26B</name>
            <filename>Light.ttf</filename>
            <size>26</size>
			<style>bold</style>
        </font>
        <font>
            <name>special13</name>
            <filename>Light.ttf</filename>
            <size>21</size>
        </font>
        <!-- End of GeneralAddons fonts -->
        <font>
            <name>size21</name>
            <filename>Light.ttf</filename>
            <size>21</size>
        </font>
        <font>
            <name>size21B</name>
            <filename>Light.ttf</filename>
            <size>21</size>
			<style>bold</style>
        </font>
        <font>
            <name>size22</name>
            <filename>Light.ttf</filename>
            <size>22</size>
        </font>
        <font>
            <name>size24</name>
            <filename>Light.ttf</filename>
            <size>24</size>
        </font>
        <font>
            <name>size26</name>
            <filename>Light.ttf</filename>
            <size>26</size>
        </font>
        <font>
            <name>size26B</name>
            <filename>Light.ttf</filename>
            <size>26</size>
			<style>bold</style>
        </font>
        <font>
            <name>size27</name>
            <filename>Light.ttf</filename>
            <size>27</size>
        </font>
        <font>
            <name>size27B</name>
            <filename>Light.ttf</filename>
            <size>27</size>
			<style>bold</style>
        </font>
        <font>
            <name>size28</name>
            <filename>Light.ttf</filename>
            <size>28</size>
        </font>
        <font>
            <name>size30</name>
            <filename>Light.ttf</filename>
            <size>30</size>
        </font>
        <font>
            <name>size30B</name>
            <filename>Light.ttf</filename>
            <size>30</size>
			<style>bold</style>
        </font>
        <font>
            <name>size33</name>
            <filename>Light.ttf</filename>
            <size>33</size>
        </font>
        <font>
            <name>size33B</name>
            <filename>Light.ttf</filename>
            <size>33</size>
			<style>bold</style>
        </font>
        <font>
            <name>size34</name>
            <filename>Light.ttf</filename>
            <size>34</size>
        </font>
        <font>
            <name>size36</name>
            <filename>Light.ttf</filename>
            <size>36</size>
        </font>
        <font>
            <name>size36B</name>
            <filename>Light.ttf</filename>
            <size>36</size>
			<style>bold</style>
        </font>
        <font>
            <name>size38</name>
            <filename>Light.ttf</filename>
            <size>38</size>
        </font>
        <font>
            <name>size39</name>
            <filename>Light.ttf</filename>
            <size>39</size>
        </font>
        <font>
            <name>size39B</name>
            <filename>Light.ttf</filename>
            <size>39</size>
			<style>bold</style>
        </font>
        <font>
            <name>size42</name>
            <filename>Light.ttf</filename>
            <size>42</size>
        </font>
        <font>
            <name>size42B</name>
            <filename>Light.ttf</filename>
            <size>42</size>
        </font>
        <font>
            <name>size60</name>
            <filename>Light.ttf</filename>
            <size>60</size>
        </font>			
        <font>
            <name>size60B</name>
            <filename>Light.ttf</filename>
            <size>60</size>
			<style>bold</style>
        </font>
        <font>
            <name>shelf</name>
            <filename>Light.ttf</filename>
            <size>40</size>
        </font>
        <font>
            <name>music</name>
            <filename>Light.ttf</filename>
            <size>80</size>
        </font>
        <font>
            <name>size212</name>
            <filename>Light.ttf</filename>
            <size>142</size>
            <style>bold</style>
        </font>
         <font>
            <name>sizescroll</name>
            <filename>Light.ttf</filename>
            <size>500</size>
        </font>
        <font>
            <name>paused</name>
            <filename>Light.ttf</filename>
            <size>320</size>
        </font>			
        <font>
            <name>XS</name>
            <filename>Light.ttf</filename>
            <size>18</size>
        </font>
    </fontset>	
    <fontset id="Strong">
        <font>
            <name>font10</name>
            <filename>Strong.ttf</filename>
            <size>26</size>
        </font>
        <font>
            <name>font13</name>
            <filename>Strong.ttf</filename>
            <size>26</size>
        </font>
        <font>
            <name>font14</name>
            <filename>Strong.ttf</filename>
            <size>26</size>
        </font>
        <font>
            <name>font12</name>
            <filename>Strong.ttf</filename>
            <size>21</size>
        </font>
        <font>
            <name>Size26B</name>
            <filename>Strong.ttf</filename>
            <size>26</size>
			<style>bold</style>
        </font>
        <font>
            <name>special13</name>
            <filename>Strong.ttf</filename>
            <size>21</size>
        </font>
        <!-- End of GeneralAddons fonts -->
        <font>
            <name>size21</name>
            <filename>Strong.ttf</filename>
            <size>21</size>
        </font>
        <font>
            <name>size21B</name>
            <filename>Strong.ttf</filename>
            <size>21</size>
			<style>bold</style>
        </font>
        <font>
            <name>size22</name>
            <filename>Strong.ttf</filename>
            <size>22</size>
        </font>
        <font>
            <name>size24</name>
            <filename>Strong.ttf</filename>
            <size>24</size>
        </font>
        <font>
            <name>size26</name>
            <filename>Strong.ttf</filename>
            <size>26</size>
        </font>
        <font>
            <name>size26B</name>
            <filename>Strong.ttf</filename>
            <size>26</size>
			<style>bold</style>
        </font>
        <font>
            <name>size27</name>
            <filename>Strong.ttf</filename>
            <size>27</size>
        </font>
        <font>
            <name>size27B</name>
            <filename>Strong.ttf</filename>
            <size>27</size>
			<style>bold</style>
        </font>
        <font>
            <name>size28</name>
            <filename>Strong.ttf</filename>
            <size>28</size>
        </font>
        <font>
            <name>size30</name>
            <filename>Strong.ttf</filename>
            <size>30</size>
        </font>
        <font>
            <name>size30B</name>
            <filename>Strong.ttf</filename>
            <size>30</size>
			<style>bold</style>
        </font>
        <font>
            <name>size33</name>
            <filename>Strong.ttf</filename>
            <size>33</size>
        </font>
        <font>
            <name>size33B</name>
            <filename>Strong.ttf</filename>
            <size>33</size>
			<style>bold</style>
        </font>
        <font>
            <name>size34</name>
            <filename>Strong.ttf</filename>
            <size>34</size>
        </font>
        <font>
            <name>size36</name>
            <filename>Strong.ttf</filename>
            <size>36</size>
        </font>
        <font>
            <name>size36B</name>
            <filename>Strong.ttf</filename>
            <size>36</size>
			<style>bold</style>
        </font>
        <font>
            <name>size38</name>
            <filename>Strong.ttf</filename>
            <size>38</size>
        </font>
        <font>
            <name>size39</name>
            <filename>Strong.ttf</filename>
            <size>39</size>
        </font>
        <font>
            <name>size39B</name>
            <filename>Strong.ttf</filename>
            <size>39</size>
			<style>bold</style>
        </font>
        <font>
            <name>size42</name>
            <filename>Strong.ttf</filename>
            <size>42</size>
        </font>
        <font>
            <name>size42B</name>
            <filename>Strong.ttf</filename>
            <size>42</size>
			<style>bold</style>
        </font>
        <font>
            <name>size60</name>
            <filename>Strong.ttf</filename>
            <size>60</size>
        </font>			
        <font>
            <name>size60B</name>
            <filename>Strong.ttf</filename>
            <size>60</size>
			<style>bold</style>
        </font>
        <font>
            <name>shelf</name>
            <filename>Strong.ttf</filename>
            <size>40</size>
        </font>
        <font>
            <name>music</name>
            <filename>Strong.ttf</filename>
            <size>80</size>
        </font>
        <font>
            <name>size212</name>
            <filename>Strong.ttf</filename>
            <size>142</size>
            <style>bold</style>
        </font>
         <font>
            <name>sizescroll</name>
            <filename>Strong.ttf</filename>
            <size>500</size>
        </font>
        <font>
            <name>paused</name>
            <filename>Strong.ttf</filename>
            <size>320</size>
        </font>			
        <font>
            <name>XS</name>
            <filename>Strong.ttf</filename>
            <size>18</size>
        </font>
    </fontset>
    <fontset id="Roboto-Regular">
        <font>
            <name>font10</name>
            <filename>Roboto-Regular.ttf</filename>
            <size>26</size>
        </font>
        <font>
            <name>font13</name>
            <filename>Roboto-Regular.ttf</filename>
            <size>26</size>
        </font>
        <font>
            <name>font14</name>
            <filename>Roboto-Regular.ttf</filename>
            <size>26</size>
        </font>
        <font>
            <name>font12</name>
            <filename>Roboto-Regular.ttf</filename>
            <size>21</size>
        </font>
        <font>
            <name>Size26B</name>
            <filename>Roboto-Regular.ttf</filename>
            <size>26</size>
			<style>bold</style>
        </font>
        <font>
            <name>special13</name>
            <filename>Roboto-Regular.ttf</filename>
            <size>21</size>
        </font>
        <!-- End of GeneralAddons fonts -->
        <font>
            <name>size21</name>
            <filename>Roboto-Regular.ttf</filename>
            <size>21</size>
			<style>bold</style>
        </font>
        <font>
            <name>size21B</name>
            <filename>Roboto-Regular.ttf</filename>
            <size>21</size>
        </font>
        <font>
            <name>size22</name>
            <filename>Roboto-Regular.ttf</filename>
            <size>22</size>
        </font>
        <font>
            <name>size24</name>
            <filename>Roboto-Regular.ttf</filename>
            <size>24</size>
        </font>
        <font>
            <name>size26</name>
            <filename>Roboto-Regular.ttf</filename>
            <size>26</size>
        </font>
        <font>
            <name>size26B</name>
            <filename>Roboto-Regular.ttf</filename>
            <size>26</size>
			<style>bold</style>
        </font>
        <font>
            <name>size27</name>
            <filename>Roboto-Regular.ttf</filename>
            <size>27</size>
        </font>
        <font>
            <name>size27B</name>
            <filename>Roboto-Regular.ttf</filename>
            <size>27</size>
			<style>bold</style>
        </font>
        <font>
            <name>size28</name>
            <filename>Roboto-Regular.ttf</filename>
            <size>28</size>
        </font>
        <font>
            <name>size30</name>
            <filename>Roboto-Regular.ttf</filename>
            <size>30</size>
        </font>
        <font>
            <name>size30B</name>
            <filename>Roboto-Regular.ttf</filename>
            <size>30</size>
			<style>bold</style>
        </font>
        <font>
            <name>size33</name>
            <filename>Roboto-Regular.ttf</filename>
            <size>33</size>
        </font>
        <font>
            <name>size33B</name>
            <filename>Roboto-Regular.ttf</filename>
            <size>33</size>
			<style>bold</style>
        </font>
        <font>
            <name>size34</name>
            <filename>Roboto-Regular.ttf</filename>
            <size>34</size>
        </font>
        <font>
            <name>size36</name>
            <filename>Roboto-Regular.ttf</filename>
            <size>36</size>
        </font>
        <font>
            <name>size36B</name>
            <filename>Roboto-Regular.ttf</filename>
            <size>36</size>
			<style>bold</style>
        </font>
        <font>
            <name>size38</name>
            <filename>Roboto-Regular.ttf</filename>
            <size>38</size>
        </font>
        <font>
            <name>size39</name>
            <filename>Roboto-Regular.ttf</filename>
            <size>39</size>
        </font>
        <font>
            <name>size39B</name>
            <filename>Roboto-Regular.ttf</filename>
            <size>39</size>
			<style>bold</style>
        </font>
        <font>
            <name>size42</name>
            <filename>Roboto-Regular.ttf</filename>
            <size>42</size>
        </font>
        <font>
            <name>size42B</name>
            <filename>Roboto-Regular.ttf</filename>
            <size>42</size>
			<style>bold</style>
        </font>
        <font>
            <name>size60</name>
            <filename>Roboto-Regular.ttf</filename>
            <size>60</size>
        </font>			
        <font>
            <name>size60B</name>
            <filename>Roboto-Regular.ttf</filename>
            <size>60</size>
			<style>bold</style>
        </font>
        <font>
            <name>shelf</name>
            <filename>Roboto-Regular.ttf</filename>
            <size>40</size>
        </font>
        <font>
            <name>music</name>
            <filename>Roboto-Regular.ttf</filename>
            <size>80</size>
        </font>
        <font>
            <name>size212</name>
            <filename>Roboto-Regular.ttf</filename>
            <size>142</size>
            <style>bold</style>
        </font>
         <font>
            <name>sizescroll</name>
            <filename>Roboto-Regular.ttf</filename>
            <size>500</size>
        </font>
        <font>
            <name>paused</name>
            <filename>Roboto-Regular.ttf</filename>
            <size>320</size>
        </font>		
        <font>
            <name>XS</name>
            <filename>Roboto-Regular.ttf</filename>
            <size>18</size>
        </font>
    </fontset>	
</fonts>
