<?xml version="1.0" encoding="UTF-8"?>
<window>
    <backgroundcolor>background</backgroundcolor>
    <defaultcontrol always="true">9000</defaultcontrol>
    <allowoverlay>no</allowoverlay>
    <onload>RunScript(script.skinshortcuts,type=buildxml&amp;mainmenuID=9000&amp;level=0)</onload>
	<onload>RunScript(script.skinshortcuts,type=buildxml&amp;mainmenuID=9000&amp;levels=1)</onload>
    <include condition="!Skin.HasSetting(HomeZoom)">HomeOpenClose</include>
    <controls>
        <include>HomeBackground</include>

		<!--
        <control type="image" description="HomeBackground">
            <width>1920</width>
            <height>1080</height>
            <aspectratio>stretch</aspectratio>
			<texture>$VAR[resourceimgvar]/backgrounds/- tvOS/Dark/Sky Clouds.jpg</texture>
        </control>		
		-->

        <!--CLONING-->
        <!--<control type="image">-->
        <!--<height>1080</height>-->
        <!--<width>1920</width>-->
        <!--<texture>atv.png</texture>-->
        <!--</control>-->
        <control type="group" description="Furniture">
			<visible>!Skin.HasSetting(HomeBanner) + !Skin.HasSetting(HomeMenuWraplist)</visible>				
			<include condition="Skin.HasSetting(HomeBannerAnimation)">HomeBannerAnimation</include>				
			<!--include condition="!Skin.HasSetting(HomeBannerAnimation)">HomeBannerStatic</include-->
            <include>homeanimation</include>
            <control type="image" description="Home Banner">
                <top>720</top>
                <left>-35</left>
                <width>1990</width>
                <height>274</height>
                <aspectratio>stretch</aspectratio>
                <texture border="18" colordiffuse="$VAR[bannercolor]">images/White.png</texture>
				<!--texture border="18" colordiffuse="$VAR[bannercolor]">images/White.png</texture-->
            </control>
        </control>
		<control type="videowindow" description="Homescreen Video Preview">
			<width>1920</width>
			<height>1080</height>
			<visible>Window.IsActive(Home.xml) + Player.HasVideo</visible>
			<aspectratio>scale</aspectratio>
		</control>
		<control type="label" description="Press Back to Close">
			<visible>Player.HasVideo</visible>
		    <left>80</left>
            <bottom>980</bottom>
            <height>45</height>
            <width>750</width>
            <align>left</align>
            <aligny>center</aligny>
            <font>shelf</font>
            <textcolor>white</textcolor>
            <label>$LOCALIZE[31077]</label>
		</control>
		<!-- Shelf Fanart -->
		<control type="image" description="Shelf Fanart">
			<visible>[!Skin.HasSetting(ShelfFanart) + [Control.HasFocus(311) | Control.HasFocus(312) | Control.HasFocus(313) | Control.HasFocus(317) | Control.HasFocus(318) | Control.HasFocus(320) | Control.HasFocus(321)]] + !Skin.HasSetting(HomeMenuWraplist)</visible>
			<width>1920</width>
			<height>720</height>
			<include>Fanart_Fade</include>
			<aspectratio align="top">scale</aspectratio>
			<texture background="true">$VAR[ShelfFanart]</texture>
			<colordiffuse>$VAR[diffuseshelffanart]</colordiffuse>
		</control>
		<control type="image" description="Shelf Fanart Wraplist">
			<visible>[!Skin.HasSetting(ShelfFanart) + [Control.HasFocus(311) | Control.HasFocus(312) | Control.HasFocus(313) | Control.HasFocus(317) | Control.HasFocus(318) | Control.HasFocus(320) | Control.HasFocus(321)]] + Skin.HasSetting(HomeMenuWraplist)</visible>
			<width>1920</width>
			<height>1080</height>
			<include>Fanart_Fade</include>
			<aspectratio align="top">scale</aspectratio>
			<texture background="true">$VAR[ShelfFanart]</texture>
			<colordiffuse>$VAR[diffuseshelffanart]</colordiffuse>
		</control>
		<!-- Weather Fanart -->
		<control type="group" description="Weather Fanart">
            <visible>String.IsEqual(Container(9000).ListItem.Property(defaultID),weather)</visible>
			<animation effect="fade" start="0" end="100" time="300" condition="String.IsEqual(Container(9000).ListItem.Property(defaultID),weather)">Conditional</animation>		
            <control type="image">
				<visible>!Skin.HasSetting(HomeMenuWraplist)</visible>
                <width>1920</width>
                <height>720</height>
                <aspectratio align="top">scale</aspectratio>
                <texture background="true">$INFO[Window(weather).Property(Current.FanartCode),weather/,.png]</texture>
            </control>
            <control type="image">
				<visible>Skin.HasSetting(HomeMenuWraplist)</visible>
                <width>1920</width>
                <height>1080</height>
                <aspectratio align="top">scale</aspectratio>
                <texture background="true">$INFO[Window(weather).Property(Current.FanartCode),weather/,.png]</texture>
            </control>			
		</control>
		
        <!--control type="button" id="9008" description="TEMPORARY TIP">
			<visible>[[String.IsEqual(Container(9000).ListItem.Property(defaultID),movies)|String.IsEqual(Container(9000).ListItem.Property(defaultID),AscensionEpisodes)] + !Player.HasVideo + ![Control.HasFocus(9010) | Control.HasFocus(321)]] + System.Date(10-13,10-20)</visible>
            <include>homeanimation</include>
            <focusedcolor>white</focusedcolor>
            <include>ShelfFade</include>
            <animation>Focus</animation>
            <animation>unFocus</animation>
            <left>400</left>
            <bottom>996</bottom>
            <height>45</height>
            <width>1100</width>
            <align>left</align>
            <aligny>center</aligny>
            <font>shelf</font>
            <textcolor>ff007c00</textcolor>
            <label>[B]^ ^ ^ ^  New Feature | Press Up on Shelf for Menu ^ ^ ^ ^[/B]</label>
            <texturefocus></texturefocus>		
		</control-->
		

        <control type="button" id="9009" description="Shelf Label">
			<visible>!Player.HasVideo + ![Control.HasFocus(9010) | Control.HasFocus(321)]</visible>
            <include>homeanimation</include>
            <focusedcolor>white</focusedcolor>
            <include>ShelfFade</include>
            <animation>Focus</animation>
            <animation>unFocus</animation>
            <animation condition="$EXP[istvshows]" effect="slide" end="0,25"  time="180" tween="Back" easing="inout">Conditional</animation>
            <animation condition="$EXP[shelflabelsslide]" effect="slide" start="0" end="0,-30" time="180" tween="Back">Conditional</animation>
            <left>80</left>
            <bottom>980</bottom>
            <height>45</height>
            <width>750</width>
            <align>left</align>
            <aligny>center</aligny>
            <font>shelf</font>
            <textcolor>darktextunfo</textcolor>
            <!--label>$VAR[shelflabel]</label-->
			<label>$VAR[shelflabelVar]</label>
            <texturefocus></texturefocus>
            <!--MOVIES-->
            <onclick  condition="$EXP[ismovies] + String.IsEqual(Skin.String(moviesshelf),) + Skin.HasSetting(shelfmenu)">Skin.SetString(moviesshelf,WL)</onclick>
            <onclick  condition="$EXP[ismovies] + String.IsEqual(Skin.String(moviesshelf),WL) + Skin.HasSetting(shelfmenu)">Skin.SetString(moviesshelf,RND)</onclick>
            <onclick  condition="$EXP[ismovies] + String.IsEqual(Skin.String(moviesshelf),RND) + Skin.HasSetting(shelfmenu)">Skin.SetString(moviesshelf,)</onclick>
            <!--TVSHOWS-->
            <onclick  condition="$EXP[isepisodes] + String.IsEqual(Skin.String(TVshelf),) + Skin.HasSetting(shelfmenu)">Skin.SetString(TVshelf,1)</onclick>
            <onclick  condition="$EXP[isepisodes] + String.IsEqual(Skin.String(TVshelf),1) + Skin.HasSetting(shelfmenu)">Skin.SetString(TVshelf,2)</onclick>
            <onclick  condition="$EXP[isepisodes] + String.IsEqual(Skin.String(TVshelf),2) + Skin.HasSetting(shelfmenu)">Skin.SetString(TVshelf,)</onclick>
            <!--MUSIC-->
            <onclick  condition="String.IsEqual(Container(9000).ListItem.Property(defaultID),music) + String.IsEqual(Skin.String(musicshelf),) + Skin.HasSetting(shelfmenu)">Skin.SetString(musicshelf,albums)</onclick>
            <onclick  condition="String.IsEqual(Container(9000).ListItem.Property(defaultID),music) + String.IsEqual(Skin.String(musicshelf),albums) + Skin.HasSetting(shelfmenu)">Skin.SetString(musicshelf,artists)</onclick>
            <onclick  condition="String.IsEqual(Container(9000).ListItem.Property(defaultID),music) + String.IsEqual(Skin.String(musicshelf),artists) + Skin.HasSetting(shelfmenu)">Skin.SetString(musicshelf,)</onclick>

            <!--ADDONS-->
            <!--<onclick  condition="Control.IsVisible(315) | Control.IsVisible(317)">Skin.ToggleSetting(AddonsShelf_Custom)</onclick>-->
            <!--<onclick  condition="Control.IsVisible(315) + String.IsEqual(Skin.String(addonsshelf),2)">Skin.SetString(addonsshelf,3)</onclick>-->
            <!--<onclick  condition="Control.IsVisible(315) + String.IsEqual(Skin.String(addonsshelf),3)">Skin.SetString(addonsshelf,)</onclick>-->
            <!--<onclick  condition="Control.IsVisible(315) + String.IsEqual(Skin.String(addonsshelf),)">Skin.SetString(addonsshelf,1)</onclick>-->

            <!--UPCOMINGMOVIES-->
            <onclick  condition="$EXP[isupcomingmovies] + String.IsEqual(Skin.String(theatersshelf),)">Skin.SetString(theatersshelf,1) + Skin.HasSetting(shelfmenu)</onclick>
            <onclick  condition="$EXP[isupcomingmovies] + String.IsEqual(Skin.String(theatersshelf),1)">Skin.SetString(theatersshelf,2) + Skin.HasSetting(shelfmenu)</onclick>
            <onclick  condition="$EXP[isupcomingmovies] + String.IsEqual(Skin.String(theatersshelf),2)">Skin.SetString(theatersshelf,) + Skin.HasSetting(shelfmenu)</onclick>
            <onup>noop</onup>
            <ondown condition="Control.IsVisible(312)">312</ondown>
            <ondown condition="Control.IsVisible(313)">313</ondown>
            <ondown condition="Control.IsVisible(315)">315</ondown>
            <ondown condition="Control.IsVisible(317)">317</ondown>
			<ondown condition="Control.IsVisible(318)">318</ondown>
            <ondown condition="Control.IsVisible(311)">311</ondown>
            <onleft>noop</onleft>
            <onright>noop</onright>
        </control>
		<!-- Shelf Menu -->		
		<control type="panel" id="9010" description="Shelf Menu">
			<!--visible>$EXP[320visibility]</visible-->
			<visible allowhiddenfocus="true">[Control.HasFocus(9010) | Control.HasFocus(321)] + !Skin.HasSetting(shelfmenu)</visible>
			<!--visible>Control.HasFocus(321) | Control.HasFocus(9010)</visible-->
            <left>40</left>
            <bottom>1010</bottom>
            <height>45</height>
            <width>1280</width>
			<onleft>9010</onleft>
			<onright>9010</onright>
			<onup>noop</onup>
			<ondown>321</ondown>
			<!--onclick></onclick-->
			<orientation>horizontal</orientation>
			<scrolltime tween="sine" easing="inout">280</scrolltime>
			<itemlayout height="45" width="310">
				<control type="label">
					<!--animation condition="Control.HasFocus(321) + [Container(321).Position(0) | Container(321).Position(1)]" effect="slide" start="0" end="0,-30" time="180" tween="Back">Conditional</animation-->				
					<!--left>15</left-->
					<width>330</width>
					<height>45</height>
					<align>center</align>
					<aligny>center</aligny>					
					<font>shelf</font>
					<label>$INFO[ListItem.Label]</label>
					<scroll>false</scroll>
					<textcolor>darktextunfo</textcolor>
				</control>
			</itemlayout>				
			<focusedlayout height="45" width="310">
				<control type="label">
					<!--animation condition="Control.HasFocus(321) + [Container(321).Position(0) | Container(321).Position(1)]" effect="slide" start="0" end="0,-30" time="180" tween="Back">Conditional</animation-->					
					<!--left>15</left-->
					<width>330</width>
					<height>45</height>
					<align>center</align>
					<aligny>center</aligny>					
					<font>shelf</font>
					<label>[B]$INFO[ListItem.Label][/B]</label>
					<scroll>true</scroll>
					<textcolor>white</textcolor>
				</control>
			</focusedlayout>
			<content><include>skinshortcuts-submenu</include></content>
		</control>				

		<include condition="!Skin.HasSetting(HomeMenuWraplist)">HomeMenuPanel</include>
		<include condition="Skin.HasSetting(HomeMenuWraplist)">HomeMenuWraplist</include>

		<include>SubMenu</include>

		<!--include condition="!Skin.HasSetting(ClassicHomeMenu)">HomeMenuExtraInfo</include>
		<include condition="Skin.HasSetting(ClassicHomeMenu)">HomeMenuExtraInfoClassic</include-->

		<include condition="[!Skin.HasSetting(HomeIconZoom) + ![Skin.HasTheme(Dark)|Skin.HasTheme(White)]] + !Skin.HasSetting(HomeMenuWraplist)">HomeSlider</include>				
        <control type="group" id="700" description="Shelf items">
			<visible>Container(9000).Row(0)+ !Player.HasVideo</visible>
			<animation effect="fade" start="0" end="100" time="220">Visible</animation>
            <include condition="!Skin.HasSetting(HomeMenuWraplist)">homeanimation</include>
            <include>Movies</include>
            <include>Music</include>
            <include>Addons</include>
            <include>Episodes</include>
			<include>Ascension</include>
            <include>Favourites</include>
            <include>Livetv</include>
            <include>appstore_shelf</include>
            <include>General</include>
            <include>ShelfMenu</include>			
            <include>weather_shelf</include>
        </control>
        <control type="group" description="RSS">
            <control type="rss" description="RSS Feed">
                <visible>system.getbool(lookandfeel.enablerssfeeds)</visible>
                <visible>!Skin.HasSetting(NORSS)</visible>
                <include>VisibleFade</include>
                <left>0</left>
                <top>1046</top>
                <width>1920</width>
                <height>33</height>
                <font>size22</font>
                <urlset>1</urlset>
                <shadowcolor></shadowcolor>
                <titlecolor>white</titlecolor>
                <headlinecolor>white</headlinecolor>
                <textcolor>gray</textcolor>
            </control>
        </control>
        <control type="group">
            <visible>Player.HasAudio</visible>
            <visible>!Integer.IsGreater(Player.Time,8) | !Integer.IsGreater(Player.TimeRemaining,8)</visible>
            <animation effect="slide" end="0,-128" condition="Window.IsActive(DialogExtendedProgressBar.xml)">Conditional</animation>
            <left>1190</left>
            <top>944</top>
            <animation effect="fade" start="0" end="100" time="500">WindowOpen</animation>
            <animation effect="fade" start="100" end="0" time="500">WindowClose</animation>
            <control type="image" description="Dialog BG">
                <width>720</width>
                <height>128</height>
                <texture border="25">images/notification.png</texture>
            </control>
            <control type="image" description="File Icon">
                <left>22</left>
                <centertop>64</centertop>
                <width>90</width>
                <height>90</height>
                <aspectratio>keep</aspectratio>
                <texture>$INFO[MusicPlayer.Cover]</texture>
            </control>
            <control type="grouplist">
                <left>130</left>
                <height>120</height>
                <align>center</align>
                <itemgap>8</itemgap>
                <control type="label" id="401" description="Heading">
                    <width>575</width>
                    <height>20</height>
                    <font>size21</font>
                    <align>left</align>
                    <aligny>center</aligny>
                    <textcolor>black</textcolor>
                    <label>$INFO[MusicPlayer.Title]</label>
                </control>
                <control type="label" id="402" description="Message">
                    <width>575</width>
                    <height>20</height>
                    <font>size21</font>
                    <align>left</align>
                    <aligny>center</aligny>
                    <textcolor>black</textcolor>
                    <shadowcolor></shadowcolor>
                    <label>$INFO[MusicPlayer.Artist]</label>
                </control>
                <control type="label" id="402" description="Message">
                    <width>575</width>
                    <height>20</height>
                    <font>size21</font>
                    <align>left</align>
                    <aligny>center</aligny>
                    <textcolor>black</textcolor>
                    <shadowcolor></shadowcolor>
                    <label>$INFO[MusicPlayer.Album]</label>
                </control>
            </control>
        </control>
        <control type="label" description="Clock">
            <visible>!System.Date(04-01,04-01) + !Skin.HasSetting(clock)</visible>
            <right>60</right>
            <top>20</top>
            <width>500</width>
            <height>25</height>
            <align>right</align>
            <font>size30</font>
            <shadowcolor></shadowcolor>
            <textcolor>white</textcolor>
            <label>$INFO[System.Date(ddd d mmm)] • $INFO[System.Time]</label>
        </control>
		<control type="group" description="WindowTopIcon">
			<control type="image" id="902" description="Muted">
				<visible>Player.Muted + !String.IsEmpty(Network.IPAddress)</visible>
				<animation effect="fade" start="0" end="100" time="500" delay="3100" reversible="false">Visible</animation>
				<right>20</right>
				<top>15</top>
				<width>32</width>
				<height>32</height>
				<texture colordiffuse="invert2">images/MutedSpeaker2.png</texture>
				<aspectratio>stretch</aspectratio>
			</control>
			<control type="image" description="Kodi">
				<visible>!Player.Muted + !String.IsEmpty(Network.IPAddress)</visible>
				<animation effect="fade" start="0" end="100" time="100" reversible="false">VisibleChange</animation>
				<right>20</right>
				<top>17</top>
				<width>30</width>
				<height>30</height>
				<colordiffuse>kodi</colordiffuse>
				<texture>kodi_icon.png</texture>
			</control>			
			<control type="image" description="No IPaddress">
				<visible>String.IsEmpty(Network.IPAddress)</visible>
				<animation type="Conditional" condition="true" loop="true">
					<effect type="fade" start="0" end="100" time="100" delay="0"/>
					<effect type="fade" start="100" end="0" time="500" delay="500"/>
				</animation>				
				<right>20</right>
				<top>15</top>
				<width>32</width>
				<height>32</height>
				<!--colordiffuse>invert2</colordiffuse-->
				<colordiffuse>red</colordiffuse>
				<texture>images/NoNetwork.png</texture>
				<aspectratio>stretch</aspectratio>
			</control>			
		</control>		
    </controls>
</window>
