<?xml version="1.0" encoding="UTF-8"?>
<window id="2">
    <backgroundcolor>background</backgroundcolor>
    <defaultcontrol always="true">53</defaultcontrol>
    <allowoverlay>no</allowoverlay>
     <views>53,50</views>						 
    <controls>
        <include>OtherBackground</include>
        <control type="image">
            <visible>![ListItem.IsFolder | Control.IsVisible(53)]</visible>
            <include>Dimensions_Fullscreen</include>
            <aspectratio>scale</aspectratio>
            <colordiffuse>50FFFFFF</colordiffuse>
            <texture>$INFO[ListItem.Icon]</texture>
        </control>
        <control type="group" description="List 50">
            <visible>Control.IsVisible(50)</visible>
            <control type="image" description="Thumb">
                <animation effect="fade" time="400">Visible</animation>
                <animation effect="fade" time="0">Hidden</animation>
                <centerleft>480</centerleft>
                <centertop>540</centertop>
                <width>920</width>
                <height>880</height>
                <include>Icon_Fade</include>
                <texture fallback="PhotoFolder.png" background="true">$INFO[ListItem.Icon]</texture>
                <aspectratio aligny="center">keep</aspectratio>
            </control>
            <control type="group" description="List">
                <include>LargeListItemCount</include>
                <left>1020</left>
                <top>131</top>
                <control type="fixedlist" id="50">
                    <left>0</left>
                    <top>0</top>
                    <width>802</width>
                    <height>888</height>
                    <onleft condition="Skin.HasSetting(ViewsMenuOff)">9000</onleft>
                    <onright>noop</onright>
                    <onup>50</onup>
                    <ondown>50</ondown>
                    <pagecontrol>60</pagecontrol>
                    <viewtype label="535">List</viewtype>
                    <focusposition>3</focusposition>
                    <movement>3</movement>
                    <preloaditems>2</preloaditems>
                    <scrolltime tween="sine" easing="inout">280</scrolltime>
                    <itemlayout width="802" height="111">
                        <!--<control type="image">-->
                        <!--<height>70</height>-->
                        <!--<width>805</width>-->
                        <!--<texture border="8" colordiffuse="77FFFFFF">images/White.png</texture>-->
                        <!--</control>-->
                        <include>Arrow</include>
                        <control type="label" description="Main Label">
                            <left>45</left>
                            <width>717</width>
                            <include>BigListTitle</include>
                            <label>$INFO[ListItem.label]</label>
                        </control>
                        <control type="label" description="Label2">
                            <left>45</left>
                            <width>630</width>
                            <include>BigListDetailsFO</include>
                            <label>$INFO[ListItem.PictureDatetime]$INFO[ListItem.PictureCountry, • ]$INFO[ListItem.PictureCamMake, • ,]$INFO[ListItem.PictureCamModel, ]</label>
                        </control>
                    </itemlayout>
                    <focusedlayout width="802" height="111">
                        <control type="group">
                            <animation effect="zoom" time="120" start="100" end="105" center="auto" tween="Back" easing="Out">Focus</animation>
                            <control type="image">
                                <top>22</top>
                                <left>-50</left>
                                <height>100</height>
                                <width>902</width>
                                <texture>shadow.png</texture>
                            </control>
                            <control type="image">
                                <height>100</height>
                                <width>802</width>
                                <texture border="8">images/White.png</texture>
                            </control>
                            <include>Arrow</include>
                            <control type="label" description="Main Label">
                                <left>45</left>
                                <width>717</width>
                                <include>BigListTitleFO</include>
                                <label>$INFO[ListItem.label]</label>
                            </control>
                            <control type="label" description="Label2">
                                <left>45</left>
                                <width>630</width>
                                <include>BigListDetailsFO</include>
                                <label>$INFO[ListItem.PictureDatetime]$INFO[ListItem.PictureCountry, • ]$INFO[ListItem.PictureCamMake, • ,]$INFO[ListItem.PictureCamModel, ]</label>
                            </control>
                        </control>
                    </focusedlayout>
                </control>
            </control>
        </control>
        <control type="group">
            <visible>Control.IsVisible(53)</visible>
            <control type="group" description="Container and frame">
                <control type="panel" id="53" description="icons">
                    <viewtype label="536">Icons</viewtype>
                    <left>60</left>
                    <top>150</top>
                    <width>1800</width>
                    <height>930</height>
                    <orientation>vertical</orientation>
                    <onup>noop</onup>
                    <ondown>noop</ondown>
                    <onleft condition="Skin.HasSetting(ViewsMenuOff)">9000</onleft>
                    <onright condition="Skin.HasSetting(Scrollbars_Active)">60</onright>
                    <preloaditems>4</preloaditems>
                    <pagecontrol>60</pagecontrol>
                    <scrolltime>400</scrolltime>
                    <itemlayout height="345" width="300">
                        <control type="image">
                            <visible>!ListItem.IsParentFolder</visible>
                            <left>9</left>
                            <top>11</top>
                            <width>281</width>
                            <height>281</height>
                            <texture diffuse="images/diffusepic.png" background="true" fallback="PhotoFolder.png">$INFO[ListItem.Art(thumb)]</texture>
                            <aspectratio scalediffuse="false">scale</aspectratio>
                        </control>
                        <control type="image">
                            <visible>ListItem.IsParentFolder</visible>
                            <left>9</left>
                            <top>11</top>
                            <width>281</width>
                            <height>281</height>
                            <texture diffuse="images/diffusepic.png" >$INFO[ListItem.Icon]</texture>
                            <aspectratio scalediffuse="false">scale</aspectratio>
                        </control>
                    </itemlayout>
                    <focusedlayout height="345" width="300">
                        <control type="group">
                            <animation effect="zoom" time="120" start="100" end="120" center="auto" tween="Back" easing="Out">Focus</animation>
                            <control type="image">
                                <visible>!ListItem.IsParentFolder</visible>
                                <left>9</left>
                                <top>11</top>
                                <width>281</width>
                                <height>281</height>
                                <texture diffuse="images/diffusepic.png" background="true" fallback="PhotoFolder.png">$INFO[ListItem.Art(thumb)]</texture>
                                <aspectratio scalediffuse="false">scale</aspectratio>
                            </control>
                            <control type="image">
                                <visible>ListItem.IsParentFolder</visible>
                                <left>9</left>
                                <top>11</top>
                                <width>281</width>
                                <height>281</height>
                                <texture diffuse="images/diffusepic.png" >$INFO[ListItem.Icon]</texture>
                                <aspectratio scalediffuse="false">scale</aspectratio>
                            </control>
                            <control type="label">
                                <animation effect="fade" start="0" end="100" time="200" delay="100">Focus</animation>
                                <centerleft>150</centerleft>
                                <top>290</top>
                                <width>270</width>
                                <height>45</height>
                                <font>size22</font>
                                <align>center</align>
                                <label>[B]$INFO[ListItem.Label][/B]</label>
                            </control>
                            <control type="image" description="selection">
                                <animation effect="fade" start="0" end="100" time="500" delay="50" reversible="false">Focus</animation>
                                <animation effect="fade" start="100" end="0" time="50" reversible="false">unFocus</animation>
                                <left>9</left>
                                <top>11</top>
                                <width>281</width>
                                <height>281</height>
                                <texture>images/picselection.png</texture>
                            </control>
                        </control>
                    </focusedlayout>
                </control>
            </control>
            <control type="image" description="Line Split">
                <left>82</left>
                <top>134</top>
                <width>1748</width>
                <height>1</height>
                <texture>images/LineL.png</texture>
                <aspectratio>stretch</aspectratio>
            </control>
            <control type="grouplist" description="Media Header">
                <left>82</left>
                <top>15</top>
                <width>930</width>
                <height>75</height>
                <align>left</align>
                <aligny>bottom</aligny>
                <orientation>horizontal</orientation>
                <control type="label" id="7777" description="Heading">
                    <width min="60" max="930">auto</width>
                    <height>75</height>
                    <textcolor>White2</textcolor>
                    <font>size42</font>
                    <label>$VAR[RootLabel]</label>
                </control>
                <control type="label" description="Number of files">
                    <visible>!String.IsEmpty(Control.GetLabel(7777))</visible>
                    <width min="60" max="120">auto</width>
                    <height>81</height>
                    <font>size26</font>
                    <textcolor>gray</textcolor>
                    <label>$INFO[Container.NumItems,  (,)]</label>
                </control>
            </control>
            <control type="label" description="Media details">
                <left>82</left>
                <top>87</top>
                <width>1200</width>
                <textcolor>whitesmoke</textcolor>
                <include>Genre51Commons</include>
                <label>$INFO[ListItem.label][COLOR=gray]$VAR[TopLabel,  ][/COLOR]</label>
            </control>
        </control>
        <control type="group" description="Side menu 9000 group">
            <visible allowhiddenfocus="true">ControlGroup(9000).HasFocus()</visible>
            <include>DialogOpenCloseVisible</include>
            <control type="image" description="List back">
                <centerleft>960</centerleft>
                <centertop>540</centertop>
                <width>802</width>
                <height>506</height>
                <aspectratio>stretch</aspectratio>
                <texture border="50">$VAR[ContextMenu]</texture>
                <!--colordiffuse>dialog</colordiffuse-->
            </control>
            <control type="grouplist" id="9000">
                <align>center</align>
                <include>DialogGLs</include>
                <control type="button" id="2" description="Views">
                    <include>DialogButt</include>
                </control>
                <control type="button" id="3" description="Sort">
                    <include>DialogButt</include>
                </control>
                <control type="button" id="6" description="Slideshow">
                    <disabledcolor>dimgray</disabledcolor>
                    <include>DialogButt</include>
                    <label>108</label>
                    <visible>!ListItem.IsFolder</visible>
                </control>
                <control type="button" id="7" description="Recursive slideshow">
                    <disabledcolor>dimgray</disabledcolor>
                    <include>DialogButt</include>
                    <label>13318</label>
                    <visible>ListItem.IsFolder</visible>
                </control>
                <control type="radiobutton" id="9" description="Randomize">
                    <include>DialogButt</include>
                    <label>13319</label>
                </control>
            </control>
        </control>
        <include>WindowsTopInfos</include>
    </controls>
</window>
