<?xml version="1.0" encoding="UTF-8"?>
<window>
    <defaultcontrol>10</defaultcontrol>
    <allowoverlay>no</allowoverlay>
    <backgroundcolor>background</backgroundcolor>
    <views>10,11,12</views>
    <include>OpenClose</include>
    <controls>
        <include>OtherBackground</include>
        <control type="label" id="29">
            <description>passes the values up one level</description>
            <visible>False</visible>
        </control>
        <control type="label" id="30">
            <description>passes the values up one level</description>
            <visible>False</visible>
        </control>		
	<!-- Video Preview -->
		<control type="group">
			<visible>!Skin.HasSetting(PVRVideoBG) + Player.HasVideo</visible>
			<control type="videowindow" description="Video BG">
				<width>1920</width>
				<height>1080</height>
				<aspectratio>scale</aspectratio>
				<!--colordiffuse>FF878787</colordiffuse-->
			</control>	
			<control type="image" description="Video BG Diffuse">
				<width>1920</width>
				<height>1080</height>
				<aspectratio>scale</aspectratio>
				<texture colordiffuse="$VAR[diffusepvrvideo]">images/White.png</texture>
			</control>
		</control>
        <control type="videowindow">
			<visible>Skin.HasSetting(PVRVideoBG) + Player.HasVideo</visible>
            <left>1320</left>
            <top>30</top>
            <width>464</width>
            <height>280</height>
        </control>			
	<!-- EPG - Channel List + Content -->			
        <control type="group" id="50">
            <include>OpenClose</include>
            <control type="group">
				<top>172</top>
                <description>TV Guide Timeline</description>
                <visible>Control.IsVisible(10)</visible>
                <include>VisibleFade</include>
                <!--<control type="image">-->
                <!--<top>479</top>-->
                <!--<width>1920</width>-->
                <!--<height>600</height>-->
                <!--<texture>timelineback.png</texture>-->
                <!--</control>-->
                <control type="epggrid" id="10">
                    <description>EPG Grid</description>
                    <top>144</top>
                    <width>1920</width>
                    <height>720</height>
                    <pagecontrol>10</pagecontrol>
                    <scrolltime>350</scrolltime>
                    <timeblocks>24</timeblocks>
                    <rulerunit>6</rulerunit>
                    <progresstexture border="5">pvr/EpgProgressIndicator.png</progresstexture>
                    <onleft>31</onleft>
                    <onright>31</onright>
                    <onup>9000</onup>
                    <ondown>10</ondown>
				<!-- EPG - Top Bar - Time -->					
					<rulerlayout height="35" width="20">
                        <control type="label" id="2">
                            <left>10</left>
                            <width>34</width>
                            <height>29</height>
                            <font>font14</font>
                            <aligny>center</aligny>
                            <selectedcolor>red</selectedcolor>
                            <align>left</align>
							<textcolor>darktextunfo</textcolor>
                            <label>$INFO[ListItem.Label]</label>
                        </control>
                    </rulerlayout>
				<!-- EPG - Left Panel - Channels -->					
                    <channellayout height="76" width="320">
                        <!--<animation effect="fade" start="110" time="200">UnFocus</animation>-->
                        <control type="image" id="1">
							<top>2</top>
							<right>4</right>
							<width>234</width>
							<height>76</height>
                            <texture border="8" colordiffuse="$VAR[bannercolor]">
							pvr/pvrbutton.png</texture>
							<align>right</align>
							<aligny>center</aligny>
                        </control>
						<control type="label" description="Channel Number">
							<width>60</width>
							<height>76</height>
							<font>size27</font>
							<align>right</align>
							<aligny>center</aligny>
							<textcolor>darktextunfo</textcolor>
							<selectedcolor>red</selectedcolor>
							<info>ListItem.ChannelNumber</info>
						</control>
                        <control type="label" id="1" description="Channel Name">
							<!--visible>String.IsEmpty(ListItem.Icon)</visible-->
							<right>16</right>
							<width>214</width>
							<height>76</height>
							<font>Size24</font>
							<aligny>center</aligny>
							<textcolor>darktextunfo</textcolor>
							<selectedcolor>red</selectedcolor>
							<align>right</align>
							<scroll>false</scroll>
                            <label>$INFO[ListItem.ChannelName]</label>
                        </control>
						<control type="image" description="Channel Icon">
							<visible>!Skin.HasSetting(PVRicons)</visible>
							<top>1</top>
							<right>4</right>
							<width>234</width>
							<height>74</height>
							<aspectratio>keep</aspectratio>
							<texture>$INFO[ListItem.Icon]</texture>
							<align>right</align>
							<aligny>center</aligny>
						</control>							
                    </channellayout>
                    <focusedchannellayout height="76" width="320">
                        <!--<animation effect="fade" start="110" time="200">OnFocus</animation>-->
                        <control type="image" id="1">
							<top>2</top>
							<right>4</right>
							<width>234</width>
							<height>72</height>
                            <texture border="8" colordiffuse="$VAR[bannercolor]">
							pvr/pvrbutton.png</texture>
							<align>right</align>
							<aligny>center</aligny>
                        </control>
						<control type="label" description="Channel Number">
							<width>60</width>
							<height>76</height>
							<font>size27</font>
							<align>right</align>
							<aligny>center</aligny>
							<textcolor>darktextunfo</textcolor>
							<selectedcolor>red</selectedcolor>
							<info>ListItem.ChannelNumber</info>
						</control>
                        <control type="label" id="1" description="Channel Name">
							<!--visible>String.IsEmpty(ListItem.Icon)</visible-->
							<right>16</right>
							<width>214</width>
							<height>76</height>
							<font>Size24</font>
							<aligny>center</aligny>
							<textcolor>darktext</textcolor>
							<selectedcolor>red</selectedcolor>
							<align>right</align>
							<scroll>false</scroll>
                            <label>$INFO[ListItem.ChannelName]</label>
                        </control>
						<control type="image" description="Channel Icon">
							<visible>!Skin.HasSetting(PVRicons)</visible>
							<top>1</top>
							<right>4</right>
							<width>234</width>
							<height>74</height>
							<aspectratio>keep</aspectratio>
							<texture>$INFO[ListItem.Icon]</texture>
							<align>right</align>
							<aligny>center</aligny>
						</control>	
                    </focusedchannellayout>
				<!-- EPG - Right Panel (Content) --   NEED TO FIX       --> 					
                    <itemlayout height="76" >
                        <control type="image" id="2">
                            <width></width>
                            <height>76</height>
                            <aspectratio>stretch</aspectratio>
                            <texture border="20" fallback="pvr/pvrbutton.png" colordiffuse="$VAR[bannercolor]">$INFO[ListItem.Property(GenreType),pvr/,.png]</texture>
                        </control>
                        <control type="label" id="1">
                            <visible>!ListItem.IsRecording</visible>
                            <left>10</left>
                            <!--width>-20</width-->
                            <height>76</height>
                            <font>size28</font>
                            <aligny>center</aligny>
                            <textcolor>darktextunfo</textcolor>
                            <shadowcolor></shadowcolor>
                            <align>left</align>
                            <scroll>false</scroll>
                            <label>$INFO[ListItem.Title]</label>
                        </control>
                        <control type="label" id="1">
                            <visible>ListItem.IsRecording</visible>
                            <left>25</left>
                            <!--width>-35</width-->
                            <height>76</height>
                            <font>size28</font>
                            <aligny>center</aligny>
                            <textcolor>red</textcolor>
                            <shadowcolor></shadowcolor>
                            <align>left</align>
                            <label>$INFO[ListItem.Title]</label>
                        </control>
                        <control type="image"><!--need to fix-->
                            <left>0</left>
                            <top>13</top>
                            <width>25</width>
                            <height>25</height>
                            <texture>pvr/rec.png</texture>
                            <visible>ListItem.IsRecording</visible>
                        </control>
                        <control type="image"><!--need to fix-->
                            <left>0</left>
                            <top>13</top>
                            <width>25</width>
                            <height>25</height>
                            <texture>pvr/timer.png</texture>
                            <visible>ListItem.HasTimer + !ListItem.IsRecording</visible>
                        </control>
                    </itemlayout>
                    <focusedlayout height="76">
                        <control type="image" id="2">
                            <width></width>
                            <height>76</height>
                            <aspectratio>stretch</aspectratio>
                            <texture border="8" fallback="pvr/pvrbutton.png">$INFO[ListItem.Property(GenreType),pvr/,.png]</texture>
                        </control>
                        <control type="label" id="1">
                            <visible>!ListItem.IsRecording</visible>
                            <left>10</left>
                            <!--width>-20</width-->
                            <height>76</height>
                            <font>size28</font>
                            <aligny>center</aligny>
                            <textcolor>black</textcolor>
                            <shadowcolor></shadowcolor>
                            <align>left</align>
                            <scroll>false</scroll>
                            <label>$INFO[ListItem.Title]</label>
                        </control>
                        <control type="label" id="1">
                            <visible>ListItem.IsRecording</visible>
                            <left>25</left>
                            <!--width>-35</width-->
                            <height>76</height>
                            <font>size28</font>
                            <aligny>center</aligny>
                            <textcolor>red</textcolor>
                            <shadowcolor></shadowcolor>
                            <align>left</align>
                            <label>$INFO[ListItem.Title]</label>
                        </control>
                        <control type="image"><!--need to fix-->
                            <left>0</left>
                            <top>13</top>
                            <width>25</width>
                            <height>25</height>
                            <texture>pvr/rec.png</texture>
                            <visible>ListItem.IsRecording</visible>
                        </control>
                        <control type="image"><!--need to fix-->
                            <left>0</left>
                            <top>13</top>
                            <width>25</width>
                            <height>25</height>
                            <texture>pvr/timer.png</texture>
                            <visible>ListItem.HasTimer + !ListItem.IsRecording</visible>
                        </control>
                    </focusedlayout>
                </control>
            </control>
		<!--  EPG - Top Info -->				
			<control type="group">
				<visible>ListItem(10).HasEpg</visible>
				<visible>Control.IsVisible(10)</visible>
				<!--top>60</top-->	
				<control type="group">
					<visible>!Player.HasVideo</visible>
					<control type="image" description="Line Split">
						<top>64</top>
						<left>60</left>
						<width>1800</width>
						<height>1</height>
						<texture>images/LineL.png</texture>
						<aspectratio>stretch</aspectratio>
					</control>
					<control type="label">
						<description>header label</description>
						<left>120</left>
						<top>30</top>
						<width>1120</width>
						<height>30</height>
						<font>size26</font>
						<label>$LOCALIZE[19047]</label>
						<align>left</align>
						<aligny>center</aligny>
						<textcolor>icontextunfo</textcolor>
					</control>
				</control>
				<control type="grouplist">
					<top>86</top>
					<left>160</left>
					<width>1920</width>
					<height>300</height>
					<orientation>vertical</orientation>
					<control type="label">
						<description>Title label</description>
						<width>1100</width>
						<height>35</height>
						<font>size33</font>
						<label>[B]$INFO[ListItem.Title][/B]</label>
						<align>left</align>
						<textcolor>darktextunfo</textcolor>
					</control>					
					<!--control type="image">
						<left>0</left>
						<top>100</top>
						<width>1160</width>
						<height>1</height>
						<texture>lines/Line.png</texture>
						<aspectratio>stretch</aspectratio>
					</control>
					<control type="image">
						<left>0</left>
						<top>380</top>
						<width>1160</width>
						<height>1</height>
						<texture>lines/Line.png</texture>
						<aspectratio>stretch</aspectratio>
					</control-->
					<control type="label">
						<visible>!String.IsEmpty(ListItem.ChannelName)</visible>
						<description>Channel Info / Start Time - End Time</description>
						<top>10</top>
						<width>1000</width>
						<height>32</height>
						<align>left</align>
						<font>size26</font>
						<textcolor>icontextunfo</textcolor>
						<!--label>$LOCALIZE[180]: $INFO[ListItem.Duration] / $LOCALIZE[135]: $INFO[ListItem.Genre]</label-->
						<label>  $INFO[ListItem.ChannelNumber]  $INFO[ListItem.ChannelName] / $INFO[ListItem.StartTime]-$INFO[ListItem.EndTime]</label>
					</control>						
					<!--control type="image" description="Line Split">
						<width>1800</width>
						<height>1</height>
						<texture>images/LineL.png</texture>
						<aspectratio>stretch</aspectratio>
					</control-->
					<control type="textbox" id="400">
						<description>Plot value</description>
						<top>0</top>
						<width>1600</width>
						<height>130</height>
						<font>size26</font>
						<align>justify</align>
						<pagecontrol></pagecontrol>
						<textcolor>darktextunfo</textcolor>
						<label>$INFO[ListItem.Plot]</label>
						<!--label fallback="161">$INFO[ListItem.Plot]</label-->
					</control>
				</control>
			</control>														
            <!--<control type="group">-->
            <!--<description>Timeline Media Window</description>-->
            <!--<visible>Control.IsVisible(10)</visible>-->
            <!--<left>1255</left>-->
            <!--<top>85</top>-->
            <!--<control type="image">-->
            <!--<visible>!Player.HasMedia</visible>-->
            <!--<width>580</width>-->
            <!--<height>350</height>-->
            <!--<texture>pvr/tvset.png</texture>-->
            <!--</control>-->
            <!--<control type="image">-->
            <!--<visible>Player.HasMedia</visible>-->
            <!--<width>580</width>-->
            <!--<height>350</height>-->
            <!--<texture>images/black.png</texture>-->
            <!--</control>-->
            <!--<control type="videowindow">-->
            <!--<width>580</width>-->
            <!--<height>350</height>-->
            <!--<visible>Player.HasVideo</visible>-->
            <!--</control>-->
            <!--<control type="visualisation">-->
            <!--<width>580</width>-->
            <!--<height>350</height>-->
            <!--<visible>Player.HasAudio</visible>-->
            <!--</control>-->
            <!--</control>-->
            <control type="group">
                <description>Small Media Window</description>
                <include>Icon_Fade</include>
                <visible>Control.IsVisible(11) | Control.IsVisible(12)</visible>
                <top>90</top>
                <left>120</left>
                <control type="image">
                    <visible>!Player.HasMedia</visible>
                    <width>760</width>
                    <height>495</height>
                    <texture>pvr/tvset.png</texture>
                </control>
                <control type="image">
                    <visible>Player.HasMedia</visible>
                    <width>760</width>
                    <height>495</height>
                    <texture>images/black.png</texture>
                </control>
                <control type="videowindow">
                    <width>760</width>
                    <height>495</height>
                    <visible>Player.HasVideo</visible>
                </control>
                <control type="visualisation">
                    <width>760</width>
                    <height>495</height>
                    <visible>Player.HasAudio</visible>
                </control>
            </control>
            <control type="group" description="NOW">
                <visible>Control.IsVisible(11)</visible>
                <include>VisibleFade</include>
                <include>left_Panel_livetv</include>
                <control type="group">
                    <left>1020</left>
                    <top>96</top>
                    <include>LargeListItemCount</include>
                    <control type="fixedlist" id="11">
                        <width>882</width>
                        <height>984</height>
                        <onleft>9000</onleft>
                        <onright>noop</onright>
                        <onup>11</onup>
                        <ondown>11</ondown>
                        <pagecontrol>60</pagecontrol>
                        <viewtype label="535">list</viewtype>
                        <focusposition>3</focusposition>
                        <movement>4</movement>
                        <preloaditems>4</preloaditems>
                        <scrolltime>250</scrolltime>
                        <itemlayout width="802" height="111">
                            <control type="label">
                                <animation condition="String.IsEmpty(ListItem.Title)" effect="slide" start="0,0" end="0,18" time="0" reversible="true">Conditional</animation>
                                <left>40</left>
                                <width>700</width>
                                <include>BigListTitle</include>
                                <label>$INFO[ListItem.ChannelNumber]$INFO[ListItem.Label, • ]</label>
                            </control>
                            <control type="label">
                                <left>45</left>
                                <width>640</width>
                                <include>BigListDetails</include>
                                <info>ListItem.Title</info>
                            </control>
                            <control type="image">
                                <left>596</left>
                                <top>13</top>
								<width>234</width>
								<height>74</height>
								<aspectratio>keep</aspectratio>
                                <texture>$INFO[ListItem.Icon]</texture>
                                <visible>![ListItem.IsRecording | ListItem.HasTimer]</visible>
                            </control>
                            <control type="image" description="rec">
                                <left>796</left>
                                <top>30</top>
                                <height>40</height>
                                <width>40</width>
                                <texture>pvr/rec.png</texture>
                                <visible>ListItem.IsRecording</visible>
                            </control>
                            <control type="image" description="timer">
                                <left>796</left>
                                <top>30</top>
                                <height>40</height>
                                <width>40</width>
                                <texture>pvr/timer.png</texture>
                                <visible>!ListItem.IsRecording + ListItem.HasTimer</visible>
                            </control>
                        </itemlayout>
                        <focusedlayout height="111" width="802">
                            <control type="group">
                                <animation effect="zoom" time="120" start="100" end="105" center="auto" tween="Back" easing="Out">Focus</animation>
                                <control type="image">
                                    <top>22</top>
                                    <left>-50</left>
                                    <height>100</height>
                                    <width>905</width>
                                    <texture>shadow.png</texture>
                                </control>
                                <control type="image">
                                    <height>100</height>
                                    <width>845</width>
                                    <texture border="8">images/White.png</texture>
                                </control>
                                <control type="label">
                                    <animation condition="String.IsEmpty(ListItem.Title)" effect="slide" start="0,0" end="0,18" time="0" reversible="true">Conditional</animation>
                                    <left>40</left>
                                    <width>700</width>
                                    <include>BigListTitleFO</include>
                                    <label>$INFO[ListItem.ChannelNumber]$INFO[ListItem.Label, • ]</label>
                                </control>
                                <control type="label">
                                    <left>45</left>
                                    <width>640</width>
                                    <include>BigListDetailsFO</include>
                                    <info>ListItem.Title</info>
                                </control>
								<control type="image">
									<left>596</left>
									<top>13</top>
									<width>234</width>
									<height>74</height>
									<aspectratio>keep</aspectratio>
									<texture>$INFO[ListItem.Icon]</texture>
									<visible>![ListItem.IsRecording | ListItem.HasTimer]</visible>
								</control>
                                <control type="image" description="rec">
									<left>796</left>
									<top>30</top>
									<height>40</height>
									<width>40</width>
                                    <texture>pvr/rec.png</texture>
                                    <visible>ListItem.IsRecording</visible>
                                </control>
                                <control type="image" description="timer">
									<left>796</left>
									<top>30</top>
									<height>40</height>
									<width>40</width>
                                    <texture>pvr/timer.png</texture>
                                    <visible>!ListItem.IsRecording + ListItem.HasTimer</visible>
                                </control>
                            </control>
                        </focusedlayout>
                    </control>
                </control>
            </control>
            <control type="group" description="NEXT">
                <visible>Control.IsVisible(12)</visible>
                <include>VisibleFade</include>
                <include>left_Panel_livetv</include>
                <control type="group">
                    <left>1020</left>
                    <top>96</top>
                    <include>LargeListItemCount</include>
                    <control type="fixedlist" id="12">
                        <width>882</width>
                        <height>984</height>
                        <onleft>9000</onleft>
                        <onright>noop</onright>
                        <onup>12</onup>
                        <ondown>12</ondown>
                        <pagecontrol>60</pagecontrol>
                        <viewtype label="535">list</viewtype>
                        <focusposition>3</focusposition>
                        <movement>4</movement>
                        <preloaditems>4</preloaditems>
                        <scrolltime>250</scrolltime>
                        <itemlayout width="802" height="111">
                            <control type="label">
                                <animation condition="String.IsEmpty(ListItem.Title)" effect="slide" start="0,0" end="0,18" time="0" reversible="true">Conditional</animation>
                                <left>40</left>
                                <width>700</width>
                                <include>BigListTitle</include>
                                <label>$INFO[ListItem.ChannelNumber]$INFO[ListItem.Label, • ]</label>
                            </control>
                            <control type="label">
                                <left>45</left>
                                <width>640</width>
                                <include>BigListDetails</include>
                                <info>ListItem.Title</info>
                            </control>
                            <control type="image">
                                <left>596</left>
                                <top>13</top>
								<width>234</width>
								<height>74</height>
								<aspectratio>keep</aspectratio>
                                <texture>$INFO[ListItem.Icon]</texture>
                                <visible>![ListItem.IsRecording | ListItem.HasTimer]</visible>
                            </control>
                            <control type="image" description="rec">
                                <left>796</left>
                                <top>30</top>
                                <height>40</height>
                                <width>40</width>
                                <texture>pvr/rec.png</texture>
                                <visible>ListItem.IsRecording</visible>
                            </control>
                            <control type="image" description="timer">
                                <left>796</left>
                                <top>30</top>
                                <height>40</height>
                                <width>40</width>
                                <texture>pvr/timer.png</texture>
                                <visible>!ListItem.IsRecording + ListItem.HasTimer</visible>
                            </control>
                        </itemlayout>
                        <focusedlayout height="111" width="802">
                            <control type="group">
                                <animation effect="zoom" time="120" start="100" end="105" center="auto" tween="Back" easing="Out">Focus</animation>
                                <control type="image">
                                    <top>22</top>
                                    <left>-50</left>
                                    <height>100</height>
                                    <width>905</width>
                                    <texture>shadow.png</texture>
                                </control>
                                <control type="image">
                                    <height>100</height>
                                    <width>845</width>
                                    <texture border="8">images/White.png</texture>
                                </control>
                                <control type="label">
                                    <animation condition="String.IsEmpty(ListItem.Title)" effect="slide" start="0,0" end="0,18" time="0" reversible="true">Conditional</animation>
                                    <left>40</left>
                                    <width>700</width>
                                    <include>BigListTitleFO</include>
                                    <label>$INFO[ListItem.ChannelNumber]$INFO[ListItem.Label, • ]</label>
                                </control>
                                <control type="label">
                                    <left>45</left>
                                    <width>640</width>
                                    <include>BigListDetailsFO</include>
                                    <info>ListItem.Title</info>
                                </control>
								<control type="image">
									<left>596</left>
									<top>13</top>
									<width>234</width>
									<height>74</height>
									<aspectratio>keep</aspectratio>
									<texture>$INFO[ListItem.Icon]</texture>
									<visible>![ListItem.IsRecording | ListItem.HasTimer]</visible>
								</control>
                                <control type="image" description="rec">
									<left>796</left>
									<top>30</top>
									<height>40</height>
									<width>40</width>
                                    <texture>pvr/rec.png</texture>
                                    <visible>ListItem.IsRecording</visible>
                                </control>
                                <control type="image" description="timer">
									<left>796</left>
									<top>30</top>
									<height>40</height>
									<width>40</width>
                                    <texture>pvr/timer.png</texture>
                                    <visible>!ListItem.IsRecording + ListItem.HasTimer</visible>
                                </control>
                            </control>
                        </focusedlayout>
                    </control>
                </control>
                <control type="scrollbar" id="60">
                    <left>39r</left>
                    <top>135</top>
                    <height>870</height>
                    <onleft>12</onleft>
                    <onright>noop</onright>
                </control>
                <control type="label">
                    <description>Page Count Label</description>
                    <left>40r</left>
                    <top>53r</top>
                    <width>500</width>
                    <height>20</height>
                    <font>font12</font>
                    <textcolor>gray</textcolor>
                    <scroll>false</scroll>
                    <align>right</align>
                    <aligny>center</aligny>
                    <label>$LOCALIZE[31000] ([COLOR=White]$INFO[Container(16).CurrentPage]/$INFO[Container(16).NumPages][/COLOR])</label>
                </control>
            </control>
        </control>
        <control type="label">
			<visible>!Player.HasVideo</visible>
            <include>Heading</include>
            <label>$INFO[Control.GetLabel(29)] • $INFO[Control.GetLabel(30)]</label>
        </control>
        <include>PVRsidemenu</include>
    </controls>
</window>
