<?xml version="1.0" encoding="UTF-8"?>
<window id="6">
  <defaultcontrol always="true">50</defaultcontrol>
  <allowoverlay>no</allowoverlay>
  <controls>
    <include>OtherBackground</include>
    <control type="group">
      <control type="group" description="Infolist">
        <visible>Control.IsVisible(50)</visible>
        <control type="group" description="Thumbs no info">
          <top>240</top>
          <animation effect="fade" time="400">Visible</animation>
          <animation effect="fade" time="0">Hidden</animation>
          <control type="image" description="Thumb">
            <left>180</left>
            <top>0</top>
            <width>621</width>
            <height>720</height>
            <include>Icon_Fade</include>
            <texture background="true">$INFO[ListItem.Icon]</texture>
            <aspectratio aligny="bottom">keep</aspectratio>
          </control>
        </control>
        <control type="group" description="Slider and List">
          <include>LargeListItemCount</include>
          <left>1020</left>
          <top>131</top>
          <control type="fixedlist" id="50">
            <left>0</left>
            <top>0</top>
            <width>802</width>
            <height>888</height>
            <onleft>9000</onleft>
            <onright>9000</onright>
            <onup>50</onup>
            <ondown>50</ondown>
            <pagecontrol>60</pagecontrol>
            <viewtype label="535">50</viewtype>
            <focusposition>3</focusposition>
            <movement>4</movement>
            <preloaditems>4</preloaditems>
            <scrolltime tween="sine" easing="inout">280</scrolltime>
            <itemlayout width="802" height="111">

              <control type="image" description="KEEP">
                <left>0</left>
                <top>0</top>
                <height>111</height>
                <width>166</width>
                <bordersize>8</bordersize>
                <texture>$INFO[ListItem.Icon]</texture>
                <aspectratio>keep</aspectratio>
              </control>
              <control type="label" description="Main Label">
                <visible>!String.IsEmpty(ListItem.Artist) | !String.IsEmpty(ListItem.Label2)</visible>
                <left>195</left>
                <width>570</width>
                <include>BigListTitle</include>
                <label>$INFO[ListItem.Label]</label>
              </control>
              <control type="label" description="Main Label">
                <visible>String.IsEmpty(ListItem.Artist) + String.IsEmpty(ListItem.Label2)</visible>
                <top>27</top>
                <left>195</left>
                <width>570</width>
                <include>BigListTitle</include>
                <label>$INFO[ListItem.Label]</label>
              </control>
              <control type="label" description="Label2">
                <left>195</left>
                <include>BigListDetails</include>
                <label>$INFO[ListItem.Artist]</label>
              </control>
              <control type="label" description="Label2">
                <visible>String.IsEmpty(ListItem.Artist)</visible>
                <left>195</left>
                <include>BigListDetails</include>
                <label>$INFO[ListItem.Label2]</label>
              </control>
            </itemlayout>
            <focusedlayout width="802" height="111">

              <control type="image" description="KEEP">
                <left>0</left>
                <top>0</top>
                <height>111</height>
                <width>166</width>
                <bordersize>8</bordersize>
                <texture>$INFO[ListItem.Icon]</texture>
                <aspectratio>keep</aspectratio>
              </control>
              <control type="label" description="Main Label">
                <visible>!String.IsEmpty(ListItem.Artist) | !String.IsEmpty(ListItem.Label2)</visible>
                <left>195</left>
                <width>570</width>
                <include>BigListTitleFO</include>
                <label>$INFO[ListItem.Label]</label>
              </control>
              <control type="label" description="Main Label">
                <visible>String.IsEmpty(ListItem.Artist) + String.IsEmpty(ListItem.Label2)</visible>
                <top>27</top>
                <left>195</left>
                <width>570</width>
                <include>BigListTitleFO</include>
                <label>$INFO[ListItem.Label]</label>
              </control>
              <control type="label" description="Label2">
                <left>195</left>
                <include>BigListDetailsFO</include>
                <label>$INFO[ListItem.Artist]</label>
              </control>
              <control type="label" description="Label2">
                <visible>String.IsEmpty(ListItem.Artist)</visible>
                <left>195</left>
                <include>BigListDetailsFO</include>
                <label>$INFO[ListItem.Label2]</label>
              </control>
            </focusedlayout>
          </control>
        </control>
      </control>
      <control type="group" description="Side menu 9000 group">
        <visible allowhiddenfocus="true">ControlGroup(9000).HasFocus()</visible>
        <include>DialogOpenCloseVisible</include>
        <control type="image" description="List back">
          <centerleft>960</centerleft>
          <centertop>540</centertop>
          <width>802</width>
          <height>906</height>
          <aspectratio>stretch</aspectratio>
          <texture border="50">$VAR[ContextMenu]</texture>
          <!--colordiffuse>dialog</colordiffuse-->
        </control>
        <control type="grouplist" id="9000">
          <include>DialogGLs</include>
          <control type="radiobutton" id="20" description="Shuffle">
            <radioleft>630</radioleft>
            <include>DialogButt</include>
            <label>191</label>
          </control>
          <control type="button" id="21" description="Save">
            <include>DialogButt</include>
            <label>190</label>
          </control>
          <control type="button" id="22" description="Clear">
            <include>DialogButt</include>
            <label>192</label>
          </control>
          <control type="button" id="23" description="Play">
            <include>DialogButt</include>
            <label>208</label>
          </control>
          <control type="button" id="26" description="Repeat">
            <include>DialogButt</include>
            <label></label>
          </control>
        </control>
      </control>
    </control>
    <include>WindowsTopInfos</include>
  </controls>
</window>
