<?xml version="1.0" encoding="UTF-8"?>
<window id="2600">
    <defaultcontrol always="true">2</defaultcontrol>
    <allowoverlay>no</allowoverlay>
    <backgroundcolor>background</backgroundcolor>
    <include>OpenClose</include>
    <controls>
        <control type="image" description="Current weather BACKGROUND">
            <width>1920</width>
            <height>1080</height>
            <texture>$INFO[Window.Property(Current.FanartCode),weather/,.png]</texture>
            <texture>weather.jpg</texture>
            <aspectratio>stretch</aspectratio>
        </control>
        <control type="group" description="Bottom">
            <control type="label" description="last updated label">
                <posx>1650</posx>
                <top>998</top>
                <width>400</width>
                <height>45</height>
                <label>$LOCALIZE[31016]</label>
                <textcolor>dimgray</textcolor>
                <font>font21</font>
            </control>
            <control type="label" id="11" description="last update">
                <posx>1650</posx>
                <top>1025</top>
                <width>400</width>
                <height>45</height>
                <label></label>
                <font>font21</font>
                <textcolor>dimgray</textcolor>
            </control>
            <control type="spincontrolex" id="3">
                <visible>!String.IsEqual(Weather.Plugin,weather.weatherplus)</visible>
                <description>Location</description>
                <!--colordiffuse>dimgray</colordiffuse-->
                <left>650</left>
                <top>135</top>
                <width>700</width>
                <align>left</align>
                <visible>true</visible>
                <texturefocus></texturefocus>
                <texturenofocus></texturenofocus>
                <label></label>
                <font>font42</font>
                <textcolor>white</textcolor>
                <focusedcolor>white</focusedcolor>
                <selectedcolor>white</selectedcolor>
                <disabledcolor>Disabled</disabledcolor>
                <ondown>150</ondown>
            </control>
        </control>
        <control type="button" id="2" description="Refresh">
            <posx>810</posx>
			<top>992</top>
            <onright>noop</onright>
            <onleft>noop</onleft>
            <onup>150</onup>
            <width>300</width>
            <font>font35B</font>
            <label></label>
            <align>center</align>
            <include>DialogButt</include>
        </control>
        <control type="group" id="51" description="Rain etc.">
            <visible>!String.IsEqual(Weather.Plugin,weather.weatherplus)</visible>
            <posx>50</posx>
            <top>500</top>
			<control type="group" id="51" description="Rain etc. Pics">
				<left>40</left>
				<top>-400</top>
				<control type="image" description="Humidity">
					<left>1010</left>
					<top>680</top>
					<height>49</height>
					<width>92</width>
					<texture>weathershelf/icons/humidity.png</texture>
					<aspectratio align="center">keep</aspectratio>
				</control>
				<control type="image" description="Wind">
					<left>1300</left>
					<top>665</top>
					<height>79</height>
					<width>79</width>
					<texture>weathershelf/icons/wind.png</texture>
					<aspectratio align="center">keep</aspectratio>
				</control>
				<control type="image" description="FeelsLike">
					<left>805</left>
					<top>665</top>
					<height>69</height>
					<width>69</width>
					<texture>weathershelf/icons/temperature.png</texture>
					<aspectratio align="center">keep</aspectratio>
				</control>
				<control type="image" description="Sunrize">
					<left>335</left>
					<top>645</top>
					<height>109</height>
					<width>109</width>
					<texture>weathershelf/icons/sunrize.png</texture>
					<aspectratio align="center">keep</aspectratio>
				</control>
				<control type="image" description="Sunset">
					<left>575</left>
					<top>645</top>
					<height>109</height>
					<width>109</width>
					<texture>weathershelf/icons/sunset.png</texture>
					<aspectratio align="center">keep</aspectratio>
				</control>
				<!--control type="image" description="logo">
					<left>1580</left>
					<top>645</top>
					<height>109</height>
					<width>109</width>
					<texture>$INFO[Window(Weather).Property(WeatherProviderLogo)]</texture>
					<aspectratio align="center">keep</aspectratio>
				</control-->
				<control type="image" description="Today Icon">
					<posx>495</posx>
					<top>0</top>
					<height>209</height>
					<width>209</width>
					<texture>$INFO[Window.Property(Day0.FanartCode),weathershelf/,.png]</texture>
					<aspectratio align="center">keep</aspectratio>
				</control>
			</control>
			
            <control type="label" description="Temp value">
                <posx>985</posx>
                <top>-315</top>
                <width>350</width>
                <align>right</align>
                <font>font110</font>
                <textcolor>E7FFFFFF</textcolor>
                <shadowcolor></shadowcolor>
                <align>center</align>
                <height>30</height>
                <label>$INFO[Window.Property(Current.Temperature)]$INFO[System.TemperatureUnits]</label>
            </control>
            <control type="label" description="Feels like label">
                <left>780</left>
                <top>375</top>
                <width>200</width>
                <height>60</height>
                <align>center</align>
                <textcolor>white</textcolor>
                <shadowcolor></shadowcolor>
                <align>left</align>
                <label>$INFO[Window.Property(Current.FeelsLike)]°[CR][B]Feels like[/B]</label>
            </control>
            <!--control type="label" description="Current dew value">
                <posx>347</posx>
                <top>460</top>
                <width>500</width>
                <height>30</height>
                <textcolor>white</textcolor>
                <shadowcolor></shadowcolor>
                <align>left</align>
                <label>$LOCALIZE[405]:  $INFO[Window.Property(Current.DewPoint)]</label>
            </control-->
            <control type="label" description="Current humidity value">
                <left>1000</left>
				<top>375</top>
                <width>200</width>
                <height>60</height>
                <align>center</align>
                <textcolor>white</textcolor>
                <shadowcolor></shadowcolor>
                <align>left</align>
                <label>$INFO[Window.Property(Current.Humidity)][CR][B]Humidity[/B]</label>
            </control>
			<control type="label" description="Sunrise">
                <left>328</left>
                <top>375</top>
                <width>200</width>
                <height>60</height>
                <align>center</align>
                <textcolor>white</textcolor>
                <shadowcolor></shadowcolor>
                <align>left</align>
                <label>$INFO[Window.Property(Today.Sunrise)][CR][B]Sunrise[/B]</label>
			</control>
            <control type="label" description="Sunset">
                <left>370</left>
				<top>375</top>
                <width>600</width>
                <height>60</height>
                <align>center</align>
                <textcolor>white</textcolor>
                <shadowcolor></shadowcolor>
                <align>leftr</align>
                <label>$INFO[Window.Property(Today.Sunset)][CR][B]Sunset[/B]</label>
            </control>
			<control type="label" description="Current wind value">
                <left>1130</left>
                <top>375</top>
                <width>500</width>
                <height>60</height>
                <align>center</align>
                <textcolor>white</textcolor>
                <shadowcolor></shadowcolor>
                <align>left</align>
                <label>$INFO[Window.Property(Current.Wind)][CR][B]Wind[/B]</label>
            </control>	    
            <control type="label" description="Current Weather">
                <left>1007</left>
                <top>-295</top>
                <width>600</width>
                <height>30</height>
                <textcolor>white</textcolor>
                <shadowcolor></shadowcolor>
                <align>left</align>
                <label>[B]$INFO[Window.Property(Current.Condition)][/B]</label>
			</control>
		</control>
		<!--control type="group" id="51" description="Rain etc. LABELS">
            <visible>!String.IsEqual(Weather.Plugin,weather.weatherplus)</visible>
            <posx>50</posx>
            <top>550</top>
			<control type="label" description="Feels like label">
                <left>780</left>
                <top>380</top>
                <width>200</width>
                <height>60</height>
                <align>center</align>
                <textcolor>white</textcolor>
                <shadowcolor></shadowcolor>
                <align>left</align>
                <label>[B]$LOCALIZE[402][/B]</label>
            </control>
            <control type="label" description="Current humidity value">
                <left>1000</left>
				<top>375</top>
                <width>200</width>
                <height>60</height>
                <align>center</align>
                <textcolor>white</textcolor>
                <shadowcolor></shadowcolor>
                <align>left</align>
                <label>[B]$LOCALIZE[406][/B]</label>
            </control>
			<control type="label" description="Sunrise">
                <left>328</left>
                <top>375</top>
                <width>150</width>
                <height>60</height>
                <align>center</align>
                <textcolor>white</textcolor>
                <shadowcolor></shadowcolor>
                <align>left</align>
                <label>[B]$LOCALIZE[33027][/B]</label>
			</control>
            <control type="label" description="Sunset">
                <left>370</left>
				<top>375</top>
                <width>600</width>
                <height>60</height>
                <align>center</align>
                <textcolor>white</textcolor>
                <shadowcolor></shadowcolor>
                <align>leftr</align>
                <label>[B]$LOCALIZE[33028][/B]</label>
            </control>
			<control type="label" description="Current wind value">
                <left>1130</left>
                <top>375</top>
                <width>500</width>
                <height>60</height>
                <align>center</align>
                <textcolor>white</textcolor>
                <shadowcolor></shadowcolor>
                <align>left</align>
                <label>[B]$LOCALIZE[404][/B]</label>
            </control>
        </control-->
        <control type="list" id="150" description="DAYS">
            <posx>190</posx>
            <top>406</top>
            <width>1800</width>
            <height>270</height>
            <onup>3</onup>
            <ondown>2</ondown>
            <onleft>290</onleft>
            <onright>290</onright>
            <orientation>horizontal</orientation>
            <itemlayout width="220">
                <control type="label" description="Days">
                    <left>-70</left>
                    <top>50</top>
                    <height>30</height>
                    <width>340</width>
                    <textcolor>white</textcolor>
                    <shadowcolor></shadowcolor>
                    <align>center</align>
                    <font>font36</font>
                    <label>[B]$INFO[ListItem.label][/B]</label>
                </control>
                <control type="label" description="temps">
                    <!--posx>125</posx-->
                    <top>150</top>
                    <height>140</height>
                    <width>120</width>
                    <align>right</align>
                    <font>font35</font>
                    <textcolor>white</textcolor>
                    <shadowcolor></shadowcolor>
                    <label>[B]$INFO[ListItem.label2][/B]</label>
                </control>
                <!--control type="label" description="Conditions">
                    <!--posx>125</posx->
                    <top>0</top>
                    <height>45</height>
                    <width>220</width>
                    <font>font21</font>
                    <align>center</align>
                    <textcolor>white</textcolor>
                    <shadowcolor></shadowcolor>
                    <label>$INFO[ListItem.Property(Conditions)]</label>
                </control-->
                <control type="image" description="Dayicon">
                    <posx>30</posx>
					<!--posx>320</posx-->
                    <top>30</top>
                    <height>210</height>
                    <width>140</width>
                    <texture>$INFO[ListItem.thumb]</texture>
                    <aspectratio align="center">keep</aspectratio>
                </control>
            </itemlayout>
            <focusedlayout width="220">
                <control type="label" description="Days">
                    <left>-70</left>
                    <top>50</top>
                    <height>30</height>
                    <width>340</width>
                    <textcolor>white</textcolor>
                    <shadowcolor></shadowcolor>
                    <align>center</align>
                    <font>font36</font>
                    <label>[B]$INFO[ListItem.label][/B]</label>
                    <visible>!Control.HasFocus(150)</visible>
                </control>
                <control type="label" description="Days">
                    <left>-70</left>
                    <top>50</top>
                    <height>30</height>
                    <width>340</width>
                    <textcolor>white</textcolor>
                    <shadowcolor></shadowcolor>
                    <align>center</align>
                    <font>font36</font>
                    <label>[B]$INFO[ListItem.label][/B]</label>
                    <visible>Control.HasFocus(150)</visible>
                </control>
                <control type="label" description="temps">
                    <!--posx>125</posx-->
                    <top>150</top>
                    <height>140</height>
                    <width>120</width>
                    <align>right</align>
                    <font>font35</font>
                    <textcolor>white</textcolor>
                    <shadowcolor></shadowcolor>
                    <label>[B]$INFO[ListItem.label2][/B]</label>
                </control>
                <!--control type="label" description="Conditions">
                    <!--posx>125</posx->
                    <top>430</top>
                    <height>45</height>
                    <width>220</width>
                    <font>font21</font>
                    <align>center</align>
                    <textcolor>white</textcolor>
                    <shadowcolor></shadowcolor>
                    <label>$INFO[ListItem.Property(Conditions)]</label>
                </control-->
                <control type="image" description="Dayicon">
                    <posx>30</posx>
					<!--posx>320</posx-->
                    <top>30</top>
                    <height>210</height>
                    <width>140</width>
                    <texture>$INFO[ListItem.thumb]</texture>
                    <aspectratio align="center">keep</aspectratio>
                </control>
			</focusedlayout>
            <content>
                <item id="0">
                    <label>33006</label>
                    <label2>$INFO[Window.Property(Day0.HighTemp)]°[CR]$INFO[Window.Property(Day0.LowTemp)]°</label2>
                    <property name="Conditions">$INFO[Window.Property(Day0.Outlook)]</property>
                    <thumb>$INFO[Window.Property(Day0.FanartCode),weathershelf/,.png]</thumb>		
                    <onclick>noop</onclick>
                </item>
                <item id="1">
                    <label>$INFO[Window.Property(Day1.Title)]</label>
                    <label2>$INFO[Window.Property(Day1.HighTemp)]°[CR]$INFO[Window.Property(Day1.LowTemp)]°</label2>
                    <property name="Conditions">$INFO[Window(Weather).Property(Day1.Outlook)]</property>
                    <thumb>$INFO[Window.Property(Day1.FanartCode),weathershelf/,.png]</thumb>
                    <onclick>noop</onclick>
                </item>
                <item id="2">
                    <label>$INFO[Window.Property(Day2.Title)]</label>
                    <label2>$INFO[Window.Property(Day2.HighTemp)]°[CR]$INFO[Window.Property(Day2.LowTemp)]°</label2>
                    <property name="Conditions">$INFO[Window(Weather).Property(Day2.Outlook)]</property>
                    <thumb>$INFO[Window.Property(Day2.FanartCode),weathershelf/,.png]</thumb>
                    <onclick>noop</onclick>
                </item>
                <item id="3">
                    <label>$INFO[Window.Property(Day3.Title)]</label>
                    <label2>$INFO[Window.Property(Day3.HighTemp)]°[CR]$INFO[Window.Property(Day3.LowTemp)]°</label2>
                    <property name="Conditions">$INFO[Window(Weather).Property(Day3.Outlook)]</property>
                    <thumb>$INFO[Window.Property(Day3.FanartCode),weathershelf/,.png]</thumb>
                    <onclick>noop</onclick>
                </item>
                <item id="4">
                    <label>$INFO[Window.Property(Day4.Title)]</label>
                    <label2>$INFO[Window.Property(Day4.HighTemp)]°[CR]$INFO[Window.Property(Day4.LowTemp)]°</label2>
                    <property name="Conditions">$INFO[Window(Weather).Property(Day4.Outlook)]</property>
                    <thumb>$INFO[Window.Property(Day4.FanartCode),weathershelf/,.png]</thumb>
                    <onclick>noop</onclick>
                </item>
                <item id="5">
                    <label>$INFO[Window.Property(Day5.Title)]</label>
                    <label2>$INFO[Window.Property(Day5.HighTemp)]°[CR]$INFO[Window.Property(Day5.LowTemp)]°</label2>
                    <property name="Conditions">$INFO[Window(Weather).Property(Day5.Outlook)]</property>
                    <thumb>$INFO[Window.Property(Day5.FanartCode),weathershelf/,.png]</thumb>
                    <onclick>noop</onclick>
                </item>
                <item id="6">
                    <label>$INFO[Window.Property(Day6.Title)]</label>
                    <label2>$INFO[Window.Property(Day6.HighTemp)]°[CR]$INFO[Window.Property(Day6.LowTemp)]°</label2>
                    <property name="Conditions">$INFO[Window(Weather).Property(Day6.Outlook)]</property>
                    <thumb>$INFO[Window.Property(Day6.FanartCode),weathershelf/,.png]</thumb>
                    <onclick>noop</onclick>
                </item>           
			</content>
        </control>
		<control type="label" description="Min/Max">
			<posx>215</posx>
			<top>559</top>
			<height>140</height>
			<width>120</width>
			<align>right</align>
			<font>font35</font>
			<textcolor>white</textcolor>
			<shadowcolor></shadowcolor>
			<label>[B]Max:[CR]Min:[/B]</label>
		</control>
		<control type="image" description="Line 1">
			<left>85</left>
			<top>406</top>
			<height>4</height>
			<width>1750</width>
			<texture>images/white.png</texture>
			<colordiffuse>44FFFFFF</colordiffuse>
		</control>
		<control type="image" description="Line 2">
			<left>85</left>
			<top>676</top>
			<height>4</height>
			<width>1750</width>
			<texture>images/white.png</texture>
			<colordiffuse>44FFFFFF</colordiffuse>
		</control>
    </controls>
</window>
