<?xml version="1.0" encoding="UTF-8"?>
<window>
    <backgroundcolor>background</backgroundcolor>
    <defaultcontrol always="true">50</defaultcontrol>
    <onunload>RunScript(script.skinshortcuts,type=buildxml&amp;mainmenuID=9000&amp;level=1)</onunload>
    <allowoverlay>no</allowoverlay>
    <include>OpenClose</include>
    <controls>
        <include>OtherBackground</include>
        <control type="group">
            <left>1020</left>
            <top>130</top>
            <control type="grouplist" id="50">
                <width>902</width>
                <height>950</height>
                <onleft>noop</onleft>
                <onright>noop</onright>
                <onup>50</onup>
                <ondown>50</ondown>
                <itemgap>14</itemgap>
                <control type="button" id="1">
                    <width>840</width>
                    <align>left</align>
                    <label>31052</label>
                    <texturenofocus border="8" colordiffuse="$VAR[bannercolor]">images/White.png</texturenofocus>
                    <onclick>RunScript(script.skinshortcuts,type=manage&amp;group=mainmenu)</onclick>
                </control>
                <control type="button" id="2" description="Home Settings">
                    <width>840</width>
                    <align>left</align>
                    <label>$LOCALIZE[31096]</label>
                    <texturenofocus border="8" colordiffuse="$VAR[bannercolor]">images/White.png</texturenofocus>
                    <onclick>ActivateWindow(1707)</onclick>
                </control>				
                <!--<control type="radiobutton" id="">-->
                    <!--<width>840</width>-->
                    <!--<align>left</align>-->
                    <!--<label>$LOCALIZE[31051]</label>-->
                    <!--<texturenofocus border="8" colordiffuse="$VAR[bannercolor]">images/White.png</texturenofocus>-->
                    <!--<selected>Skin.HasSetting(AddonsShelf_Custom)</selected>-->
                    <!--<onclick>ActivateWindow(1617)</onclick>-->
                <!--</control>-->
                <control type="button" id="3" description="Bkgd Settings">
                    <width>840</width>
                    <align>left</align>
                    <label>$LOCALIZE[31095]</label>
                    <texturenofocus border="8" colordiffuse="$VAR[bannercolor]">images/White.png</texturenofocus>
                    <onclick>ActivateWindow(1706)</onclick>
                </control>
                <control type="button" id="4" description="Fanart Bkgd Settings">
                    <width>840</width>
                    <align>left</align>
                    <label>$LOCALIZE[31101]</label>
                    <texturenofocus border="8" colordiffuse="$VAR[bannercolor]">images/White.png</texturenofocus>
                    <onclick>ActivateWindow(1709)</onclick>
                </control>				
                <control type="radiobutton" id="6" description="Fanart for Episodes">
                    <width>840</width>
                    <align>left</align>
                    <label>$LOCALIZE[31045]</label>
                    <texturenofocus border="8" colordiffuse="$VAR[bannercolor]">images/White.png</texturenofocus>
                    <onclick>Skin.ToggleSetting(epthumb)</onclick>
                    <selected>Skin.HasSetting(epthumb)</selected>
                </control>
                <control type="radiobutton" id="7" description="Clock">
                    <width>840</width>
                    <align>left</align>
                    <label>31017</label>
                    <texturenofocus border="8" colordiffuse="$VAR[bannercolor]">images/White.png</texturenofocus>
                    <onclick>Skin.ToggleSetting(clock)</onclick>
                    <selected>!Skin.HasSetting(clock)</selected>
                </control>
                <control type="button" id="8" description="Theme">
                    <width>840</width>
                    <align>left</align>
                    <label>$LOCALIZE[31113]   |   $LOCALIZE[31114]: $INFO[Skin.CurrentTheme]</label>
                    <texturenofocus border="9" colordiffuse="$VAR[bannercolor]">images/White.png</texturenofocus>
                    <onclick>Skin.Theme(1)</onclick>
                </control>
                <control type="button" id="9" description="Adv. Settings">
                    <width>840</width>
                    <align>left</align>
                    <label>$LOCALIZE[31098] $LOCALIZE[31097]</label>
                    <texturenofocus border="8" colordiffuse="$VAR[bannercolor]">images/White.png</texturenofocus>
					<onclick>ActivateWindow(1701)</onclick>			
					<!--
					<onclick condition="!String.IsEqual(Skin.String(passkey),123321)">Skin.SetNumeric(passkey)</onclick>			
					<onclick>ActivateWindow(1701)</onclick>
					<onclick condition="String.IsEqual(Skin.String(passkey),123321)">ActivateWindow(1701)</onclick>					
					-->
                </control>	
            </control>
        </control>
        <control type="image">
            <centerleft>500</centerleft>
            <centertop>530</centertop>
            <height>520</height>
            <width>520</width>
            <texture>images/tvOS-X-logo.png</texture>
        </control>
        <control type="label">
            <include>Heading</include>
            <label>$LOCALIZE[31097]</label>
        </control>
    </controls>
</window>
