<?xml version="1.0" encoding="UTF-8"?>
<window id="129">
    <defaultcontrol always="true">22</defaultcontrol>
    <allowoverlay>no</allowoverlay>
    <include>OpenClose</include>
    <controls>
        <include>OtherBackground</include>
        <control type="label" id="2" description="Header label">
            <include>Heading</include>
            <label>21432</label>
        </control>
        <control type="grouplist" id="9000">
            <left>190</left>
            <top>100</top>
            <onright>9001</onright>
            <control type="button" id="12">
                <description>Name Button</description>
                <width>1110</width>
                <height>63</height>
                <font>size33</font>
                <align>left</align>
                <label>21433</label>
            </control>
            <control type="button" id="22">
                <description>Set Playlist type</description>
                <width>1110</width>
                <label>467</label>
                <align>left</align>
            </control>
            <control type="panel" id="10">
                <description>Rules List Control</description>
                <width>1110</width>
                <height>210</height>
                <itemlayout width="1110" height="70">
                    <control type="label">
                        <left>30</left>
                        <top>0</top>
                        <width>1110</width>
                        <height>70</height>
                        <align>center</align>
                        <info>ListItem.Label</info>
                    </control>
                </itemlayout>
                <focusedlayout width="1110" height="63">
                    <control type="group">
                        <animation effect="zoom" start="100" end="105" time="120" center="auto" tween="Back" easing="Out">Focus</animation>
                        <animation effect="zoom" start="105" end="100" time="120" center="auto">unFocus</animation>
                        <control type="image">
                            <width>1110</width>
                            <height>70</height>
                            <texture border="8">images/White.png</texture>
                            <animation effect="fade" start="0" end="100" condition="Control.HasFocus(10)">Conditional</animation>
                        </control>
                        <control type="label">
                            <height>70</height>
                            <width>1110</width>
                            <align>center</align>
                            <textcolor>black</textcolor>
                            <info>ListItem.Label</info>
                        </control>
                    </control>
                </focusedlayout>
            </control>
            <control type="button" id="13">
                <description>Add Rule Button</description>
                <align>left</align>
                <width>1110</width>
                <label>15019</label>
            </control>
            <control type="button" id="14">
                <description>Remove Rule Button</description>
                <align>left</align>
                <width>1110</width>
                <label>1210</label>
            </control>
            <control type="button" id="15">
                <description>Edit Rule Button</description>
                <align>left</align>
                <width>1110</width>
                <label>21435</label>
            </control>
            <control type="label" id="10000">
                <description>Playlist options</description>
                <left>45</left>
                <top>624</top>
                <align>center</align>
                <width>1110</width>
                <label>31025</label>
            </control>
            <control type="button" id="16">
                <width>1110</width>
                <label>21424</label>
                <align>left</align>
            </control>
            <control type="button" id="17">
                <width>1110</width>
                <label>21427</label>
                <align>left</align>
            </control>
            <control type="button" id="18">
                <width>1110</width>
                <label>21429</label>
                <align>left</align>
            </control>
            <control type="button" id="19">
                <width>1110</width>
                <align>left</align>
                <label>580</label>
            </control>
        </control>
        <control type="grouplist" id="9001">
            <top>745</top>
            <right>190</right>
            <width>300</width>
            <onleft>9000</onleft>
            <control type="button" id="20">
                <description>Ok Button</description>
                <width>300</width>
                <label>186</label>
            </control>
            <control type="button" id="21">
                <description>Cancel Button</description>
                <width>300</width>
                <label>222</label>
            </control>
        </control>
    </controls>
</window>
