<?xml version="1.0" encoding="UTF-8"?>
<window id="2901">
    <defaultcontrol always="true">100</defaultcontrol>
    <allowoverlay>yes</allowoverlay>
    <zorder>2</zorder>
    <controls>
        <control type="group">
            <visible>!Window.IsVisible(subtitlesearch) + !Window.IsVisible(osdvideosettings) + !Window.IsVisible(osdaudiosettings) + !Window.IsVisible(videobookmarks)</visible>
            <animation effect="fade" start="0" end="100" time="200">VisibleChange</animation>
            <control type="group" id="111" description="Options content">
                <top>-400</top>
                <animation type="Focus">
                    <effect type="slide" tween="Cubic" easing="out" start="0,0" end="0,400" time="800" />
                </animation>
                <animation type="unFocus">
                    <effect type="slide" start="0,400" end="0,0" time="400"/>
                </animation>
                <include>OSDfullinfos</include>
            </control>
			
            <control type="group" description="Default Seekbar">>
                <visible>[![Window.IsActive(DialogSelect.xml) | Window.IsActive(SliderDialog) | Window.IsActive(OSDVideoSettings) | Window.IsActive(OSDAudioSettings) | Window.IsActive(VideoBookmarks) | Window.IsActive(script-XBMC-Subtitles-main.xml)]] + !Skin.HasSetting(SeekBarALT)]</visible>
                <animation effect="fade" end="100" time="400">Visible</animation>
                <animation effect="fade" end="0" time="100">Hidden</animation>
                <control type="group">
                    <control type="group" description="Top Bar">
                        <visible>![Control.HasFocus(706) | Control.HasFocus(704) | Control.HasFocus(703) | Control.HasFocus(705) | Control.HasFocus(707) | Control.HasFocus(9013) | Control.HasFocus(9014) | Control.HasFocus(9019) | Control.HasFocus(9021) | Control.HasFocus(9018) | Control.HasFocus(9015) | Control.HasFocus(9016) | Control.HasFocus(9017)]</visible>	
						<animation effect="fade" end="100" time="300">Visible</animation>
						<animation effect="fade" end="0" time="200">Hidden</animation>						
						<control type="image" description="top bkgd">
							<centerleft>960</centerleft>
							<width>2020</width>
							<height>64</height>
							<colordiffuse>$VAR[bannercolor2]</colordiffuse>
							<texture border="8">images/White.png</texture>
						</control>
						<control type="label" description="Clock">
							<left>30</left>
							<top>0</top>
							<width>695</width>
							<height>58</height>
							<font>size33</font>
							<textcolor>lightgray</textcolor>
							<shadowcolor></shadowcolor>
							<label>$LOCALIZE[142] $INFO[System.Time]</label>
						</control>
						<control type="label" description="End time">
							<right>30</right>
							<top>0</top>
							<width>695</width>
							<height>56</height>
							<align>right</align>
							<font>size33</font>
							<textcolor>lightgray</textcolor>
							<shadowcolor></shadowcolor>
							<label>$LOCALIZE[31005]: $INFO[Player.FinishTime]</label>
						</control>				
                    </control>				
                    <control type="group" description="Dialog Background">
                        <visible>Window.IsVisible(videoosd.xml) + Window.IsActive(dialogseekbar.xml)</visible>						
                        <control type="image" description="seekbar bkgd">
                            <left>35</left>
                            <top>888</top>
                            <width>1850</width>
                            <height>150</height>
                            <aspectratio>stretch</aspectratio>
                            <texture border="8" colordiffuse="$VAR[bannercolor2]">images/White.png</texture>
                        </control>
                    </control>
                    <control type="label" description="Title">
                        <left>120</left>
                        <bottom>120</bottom>
                        <height>60</height>
                        <width>940</width>
                        <scroll>true</scroll>
                        <font>size33B</font>
                        <label>[B]$INFO[VideoPlayer.Title][/B]</label>
                    </control>
                </control>
                <control type="grouplist" id="100">
                    <right>100</right>
                    <bottom>100</bottom>
                    <onright>100</onright>
                    <onleft>100</onleft>
                    <onup>101</onup>
                    <ondown>101</ondown>
                    <width>700</width>
                    <height>100</height>
                    <align>right</align>
                    <orientation>horizontal</orientation>
                    <control type="button" id="1">
                        <include>osdbutton</include>
                        <texturenofocus colordiffuse="dimgray">Seekbar/OSDPrevious.png</texturenofocus>
                        <texturefocus>Seekbar/OSDPrevious.png</texturefocus>
                        <visible>!Pvr.IsPlayingTV</visible>
                        <onclick>PlayerControl(Previous)</onclick>
                    </control>
                    <control type="button" id="2">
                        <include>osdbutton</include>
                        <texturenofocus colordiffuse="dimgray">Seekbar/OSDup.png</texturenofocus>
                        <texturefocus>Seekbar/OSDup.png</texturefocus>
                        <visible>Pvr.IsPlayingTV</visible>
                        <onclick>PlayerControl(Previous)</onclick>
                    </control>
                    <control type="button" id="3">
                        <include>osdbutton</include>
                        <texturenofocus colordiffuse="dimgray">Seekbar/OSDdown.png</texturenofocus>
                        <texturefocus>Seekbar/OSDdown.png</texturefocus>
                        <visible>Pvr.IsPlayingTV</visible>
                        <onclick>PlayerControl(Next)</onclick>
                    </control>
                    <control type="button" id="4">
                        <include>osdbutton</include>
                        <texturenofocus colordiffuse="dimgray">Seekbar/OSDRW.png</texturenofocus>
                        <texturefocus>Seekbar/OSDRW.png</texturefocus>
                        <visible>!Pvr.IsPlayingTV</visible>
                        <onclick>PlayerControl(Rewind)</onclick>
                    </control>
                    <control type="button" id="5">
                        <include>osdbutton</include>
                        <texturenofocus colordiffuse="dimgray">Seekbar/OSDPause.png</texturenofocus>
                        <texturefocus>Seekbar/OSDPause.png</texturefocus>
                        <visible>!Player.Paused + !Player.Forwarding + !Player.Rewinding + !Pvr.IsPlayingTV</visible>
                        <onclick>PlayerControl(Play)</onclick>
                    </control>
                    <control type="button" id="6">
                        <include>osdbutton</include>
                        <texturenofocus colordiffuse="dimgray">Seekbar/OSDPlay.png</texturenofocus>
                        <texturefocus>Seekbar/OSDPlay.png</texturefocus>
                        <visible>Player.Paused | Player.Forwarding | Player.Rewinding + !Pvr.IsPlayingTV</visible>
                        <onclick>PlayerControl(Play)</onclick>
                    </control>
                    <control type="button" id="7">
                        <include>osdbutton</include>
                        <texturenofocus colordiffuse="dimgray">Seekbar/OSDStop.png</texturenofocus>
                        <texturefocus>Seekbar/OSDStop.png</texturefocus>
                        <onclick>PlayerControl(Stop)</onclick>
                    </control>
                    <control type="button" id="8">
                        <include>osdbutton</include>
                        <visible>Pvr.IsPlayingTv</visible>
                        <texturenofocus colordiffuse="dimgray">Seekbar/OSDchn.png</texturenofocus>
                        <texturefocus>Seekbar/OSDchn.png</texturefocus>
                        <onclick>PlayerControl(PVROSDChannels)</onclick>
                    </control>
                    <control type="button" id="9">
                        <include>osdbutton</include>
                        <visible>Pvr.IsPlayingTv</visible>
                        <texturenofocus colordiffuse="dimgray">Seekbar/OSDpvr.png</texturenofocus>
                        <texturefocus>Seekbar/OSDpvr.png</texturefocus>
                        <onclick>PlayerControl(pvrchannelguide)</onclick>
                    </control>
                    <control type="button" id="10">
                        <include>osdbutton</include>
                        <visible>Pvr.IsPlayingTv</visible>
                        <texturenofocus colordiffuse="dimgray">Seekbar/OSDtxt.png</texturenofocus>
                        <texturefocus>Seekbar/OSDtxt.png</texturefocus>
                        <onclick>PlayerControl(Teletext)</onclick>
                    </control>
                    <control type="button" id="11">
                        <include>osdbutton</include>
                        <visible>!Pvr.IsPlayingTv</visible>
                        <texturenofocus colordiffuse="dimgray">Seekbar/OSDFW.png</texturenofocus>
                        <texturefocus>Seekbar/OSDFW.png</texturefocus>
                        <onclick>PlayerControl(Forward)</onclick>
                    </control>
                    <control type="button" id="12">
                        <include>osdbutton</include>
                        <visible>!Pvr.IsPlayingTv</visible>
                        <texturenofocus colordiffuse="dimgray">Seekbar/OSDNext.png</texturenofocus>
                        <texturefocus>Seekbar/OSDNext.png</texturefocus>
                        <onclick>PlayerControl(Next)</onclick>
                    </control>
                    <control type="button" id="13">
                        <include>osdbutton</include>
                        <visible>PVR.CanRecordPlayingChannel + !Pvr.IsRecording</visible>
                        <texturenofocus colordiffuse="dimgray">Seekbar/OSDrec.png</texturenofocus>
                        <texturefocus>Seekbar/OSDrec.png</texturefocus>
                        <onclick>PVR.ToggleRecordPlayingChannel</onclick>
                    </control>
                    <control type="button" id="14">
                        <include>osdbutton</include>
                        <visible>Player.CanRecord + Pvr.IsRecording</visible>
                        <texturenofocus colordiffuse="dimgray">Seekbar/OSDrecon.png</texturenofocus>
                        <texturefocus>Seekbar/OSDrecon.png</texturefocus>
                        <onclick>PVR.ToggleRecordPlayingChannel</onclick>
                    </control>
                    <control type="button" id="255">
                        <include>osdbutton</include>
                        <visible>VideoPlayer.IsStereoscopic</visible>
                        <texturenofocus colordiffuse="dimgray">Seekbar/OSD3D.png</texturenofocus>
                        <texturefocus>Seekbar/OSD3D.png</texturefocus>
                        <onclick>SetFocus(500)</onclick>
                    </control>
                </control>
            </control>

			
            <control type="group" description="Alternative Seekbar">
                <visible>[![Window.IsActive(DialogSelect.xml) | Window.IsActive(SliderDialog) | Window.IsActive(OSDVideoSettings) | Window.IsActive(OSDAudioSettings) | Window.IsActive(VideoBookmarks) | Window.IsActive(script-XBMC-Subtitles-main.xml)]] + Skin.HasSetting(SeekBarALT)]</visible>
                <animation effect="fade" end="100" time="400">Visible</animation>
                <animation effect="fade" end="0" time="100">Hidden</animation>
                <control type="group">
					<!-- TODO LOCALIZE TOPBAR -->
                    <control type="group" description="Top Bar">
                        <visible>![Control.HasFocus(706) | Control.HasFocus(704) | Control.HasFocus(703) | Control.HasFocus(705) | Control.HasFocus(707) | Control.HasFocus(9013) | Control.HasFocus(9014) | Control.HasFocus(9019) | Control.HasFocus(9021) | Control.HasFocus(9018) | Control.HasFocus(9015) | Control.HasFocus(9016) | Control.HasFocus(9017)]</visible>		
						<animation effect="fade" end="100" time="300">Visible</animation>
						<animation effect="fade" end="0" time="200">Hidden</animation>						
						<control type="image" description="top bkgd">
							<centerleft>960</centerleft>
							<width>2020</width>
							<height>64</height>
							<colordiffuse>$VAR[bannercolor2]</colordiffuse>
							<texture border="8">images/White.png</texture>
						</control>
						<control type="label" description="Clock">
							<left>30</left>
							<top>0</top>
							<width>695</width>
							<height>58</height>
							<font>size33</font>
							<textcolor>lightgray</textcolor>
							<shadowcolor></shadowcolor>
							<label>$LOCALIZE[142] $INFO[System.Time]</label>
						</control>
						<control type="label" description="End time">
							<right>30</right>
							<top>0</top>
							<width>695</width>
							<height>56</height>
							<align>right</align>
							<font>size33</font>
							<textcolor>lightgray</textcolor>
							<shadowcolor></shadowcolor>
							<label>$LOCALIZE[31005]: $INFO[Player.FinishTime]</label>
						</control>				
                    </control>					
                    <control type="group" description="Dialog Background">
                        <visible>Window.IsVisible(videoosd.xml) + Window.IsActive(dialogseekbar.xml)</visible>
                        <control type="image">
                            <left>35</left>
                            <top>888</top>
                            <width>1850</width>
                            <height>150</height>
                            <aspectratio>stretch</aspectratio>
                            <texture border="8" colordiffuse="$VAR[bannercolor2]">images/White.png</texture>
                        </control>
                    </control>
                    <control type="label" description="Title">
                        <left>760</left>
                        <bottom>120</bottom>
                        <height>60</height>
                        <width>940</width>
                        <scroll>true</scroll>
						<align>left</align>
                        <font>size33B</font>
                        <label>[B]$INFO[VideoPlayer.Title][/B]</label>
                    </control>
                </control>
                <control type="grouplist" id="100">
                    <left>140</left>
                    <bottom>100</bottom>
                    <onright>100</onright>
                    <onleft>100</onleft>
                    <onup>101</onup>
                    <ondown>101</ondown>
                    <width>700</width>
                    <height>100</height>
                    <align>left</align>
                    <orientation>horizontal</orientation>
                    <control type="button" id="1">
                        <include>osdbutton</include>
                        <texturenofocus colordiffuse="dimgray">Seekbar/OSDPrevious.png</texturenofocus>
                        <texturefocus>Seekbar/OSDPreviousFO.png</texturefocus>
                        <visible>!Pvr.IsPlayingTV</visible>
                        <onclick>PlayerControl(Previous)</onclick>
                    </control>
                    <control type="button" id="2">
                        <include>osdbutton</include>
                        <texturenofocus colordiffuse="dimgray">Seekbar/OSDup.png</texturenofocus>
                        <texturefocus>Seekbar/OSDupFO.png</texturefocus>
                        <visible>Pvr.IsPlayingTV</visible>
                        <onclick>PlayerControl(Previous)</onclick>
                    </control>
                    <control type="button" id="3">
                        <include>osdbutton</include>
                        <texturenofocus colordiffuse="dimgray">Seekbar/OSDdown.png</texturenofocus>
                        <texturefocus>Seekbar/OSDdownFO.png</texturefocus>
                        <visible>Pvr.IsPlayingTV</visible>
                        <onclick>PlayerControl(Next)</onclick>
                    </control>
                    <control type="button" id="4">
                        <include>osdbutton</include>
                        <texturenofocus colordiffuse="dimgray">Seekbar/OSDRW.png</texturenofocus>
                        <texturefocus>Seekbar/OSDRWFO.png</texturefocus>
                        <visible>!Pvr.IsPlayingTV</visible>
                        <onclick>PlayerControl(Rewind)</onclick>
                    </control>
                    <control type="button" id="5">
                        <include>osdbutton</include>
                        <texturenofocus colordiffuse="dimgray">Seekbar/OSDPause.png</texturenofocus>
                        <texturefocus>Seekbar/OSDPauseFO.png</texturefocus>
                        <visible>!Player.Paused + !Player.Forwarding + !Player.Rewinding + !Pvr.IsPlayingTV</visible>
                        <onclick>PlayerControl(Play)</onclick>
                    </control>
                    <control type="button" id="6">
                        <include>osdbutton</include>
                        <texturenofocus colordiffuse="dimgray">Seekbar/OSDPlay.png</texturenofocus>
                        <texturefocus>Seekbar/OSDPlayFO.png</texturefocus>
                        <visible>Player.Paused | Player.Forwarding | Player.Rewinding + !Pvr.IsPlayingTV</visible>
                        <onclick>PlayerControl(Play)</onclick>
                    </control>
                    <control type="button" id="7">
                        <include>osdbutton</include>
                        <texturenofocus colordiffuse="dimgray">Seekbar/OSDStop.png</texturenofocus>
                        <texturefocus>Seekbar/OSDStopFO.png</texturefocus>
                        <onclick>PlayerControl(Stop)</onclick>
                    </control>
                    <control type="button" id="8">
                        <include>osdbutton</include>
                        <visible>Pvr.IsPlayingTv</visible>
                        <texturenofocus colordiffuse="dimgray">Seekbar/OSDchn.png</texturenofocus>
                        <texturefocus>Seekbar/OSDchnFO.png</texturefocus>
                        <onclick>PlayerControl(PVROSDChannels)</onclick>
                    </control>
                    <control type="button" id="9">
                        <include>osdbutton</include>
                        <visible>Pvr.IsPlayingTv</visible>
                        <texturenofocus colordiffuse="dimgray">Seekbar/OSDpvr.png</texturenofocus>
                        <texturefocus>Seekbar/OSDpvrFO.png</texturefocus>
                        <onclick>PlayerControl(PVROSDGuide)</onclick>
                    </control>
                    <control type="button" id="10">
                        <include>osdbutton</include>
                        <visible>Pvr.IsPlayingTv</visible>
                        <texturenofocus colordiffuse="dimgray">Seekbar/OSDtxt.png</texturenofocus>
                        <texturefocus>Seekbar/OSDtxtFO.png</texturefocus>
                        <onclick>PlayerControl(Teletext)</onclick>
                    </control>
                    <control type="button" id="11">
                        <include>osdbutton</include>
                        <visible>!Pvr.IsPlayingTv</visible>
                        <texturenofocus colordiffuse="dimgray">Seekbar/OSDFW.png</texturenofocus>
                        <texturefocus>Seekbar/OSDFWFO.png</texturefocus>
                        <onclick>PlayerControl(Forward)</onclick>
                    </control>
                    <control type="button" id="12">
                        <include>osdbutton</include>
                        <visible>!Pvr.IsPlayingTv</visible>
                        <texturenofocus colordiffuse="dimgray">Seekbar/OSDNext.png</texturenofocus>
                        <texturefocus>Seekbar/OSDNextFO.png</texturefocus>
                        <onclick>PlayerControl(Next)</onclick>
                    </control>
                    <control type="button" id="13">
                        <include>osdbutton</include>
                        <visible>PVR.CanRecordPlayingChannel + !Pvr.IsRecording</visible>
                        <texturenofocus colordiffuse="dimgray">Seekbar/OSDrec.png</texturenofocus>
                        <texturefocus>Seekbar/OSDrecFO.png</texturefocus>
                        <onclick>PlayerControl(Record)</onclick>
                    </control>
                    <control type="button" id="14">
                        <include>osdbutton</include>
                        <visible>Player.CanRecord + Pvr.IsRecording</visible>
                        <texturenofocus colordiffuse="dimgray">Seekbar/OSDrecon.png</texturenofocus>
                        <texturefocus>Seekbar/OSDreconFO.png</texturefocus>
                        <onclick>PlayerControl(Record)</onclick>
                    </control>
                    <control type="button" id="255">
                        <include>osdbutton</include>
                        <visible>VideoPlayer.IsStereoscopic</visible>
                        <texturenofocus colordiffuse="dimgray">Seekbar/OSD3D.png</texturenofocus>
                        <texturefocus>Seekbar/OSD3DFO.png</texturefocus>
                        <onclick>SetFocus(500)</onclick>
                    </control>
                </control>
            </control>			
        </control>
        <control type="button">
            <visible>!ControlGroup(111).HasFocus()</visible>
            <visible>!Window.IsVisible(osdvideosettings) + !Window.IsVisible(osdaudiosettings) + !Window.IsVisible(Dialogselect.xml)</visible>
            <animation type="Visible">
                <effect type="fade" tween="circle" easing="in" start="0" end="100" time="800" />
            </animation>
            <centerleft>960</centerleft>
            <top>20</top>
            <width>60</width>
            <height>40</height>
            <texturenofocus>images/Dialogpull.png</texturenofocus>
            <texturefocus>images/Dialogpull.png</texturefocus>
            <onclick>SetFocus(101)</onclick>
        </control>
        <control type="group">
            <visible>VideoPlayer.IsStereoscopic + ![Window.IsVisible(SliderDialog) | Window.IsVisible(OSDVideoSettings) | Window.IsVisible(OSDAudioSettings) | Window.IsVisible(Dialogselect.xml)]</visible>
            <visible allowhiddenfocus="true">ControlGroup(500).HasFocus</visible>
            <animation effect="fade" time="200">VisibleChange</animation>
            <control type="image">
                <centerleft>960</centerleft>
                <centertop>540</centertop>
                <width>800</width>
                <height>350</height>
                <aspectratio>stretch</aspectratio>
                <texture border="8">images/White.png</texture>
                <colordiffuse>dialog</colordiffuse>
            </control>
            <control type="grouplist" id="500">
                <centerleft>960</centerleft>
                <centertop>540</centertop>
                <width>500</width>
                <height>500</height>
                <align>center</align>
                <itemgap>0</itemgap>
                <onleft>100</onleft>
                <onright>100</onright>
                <onup>noop</onup>
                <ondown>noop</ondown>
                <orientation>vertical</orientation>
                <include>VisibleFade</include>
                <control type="group">
                    <description>Header</description>
                    <width>500</width>
                    <height>80</height>
                    <control type="label" id="">
                        <top>20</top>
                        <width>500</width>
                        <height>15</height>
                        <font>Size33</font>
                        <label>36501</label>
                        <align>center</align>
                        <aligny>center</aligny>
                    </control>
                </control>
                <control type="radiobutton" id="503">
                    <width>500</width>
                    <font>Size33</font>
                    <label>24022</label>
                    <onclick>ToggleStereoMode</onclick>
                    <selected>Integer.IsGreater(System.StereoscopicMode,0)</selected>
                    <pulseonselect>false</pulseonselect>
                </control>
                <control type="button" id="502">
                    <width>500</width>
                    <align>left</align>
                    <font>Size33</font>
                    <label>3D Mode Selection</label>
                    <onclick>StereoMode</onclick>
                </control>
                <control type="radiobutton" id="501">
                    <width>500</width>
                    <font>Size33</font>
                    <label>Force 2D</label>
                    <onclick>StereoModeToMono</onclick>
                    <selected>Integer.IsEqual(System.StereoscopicMode,9)</selected>
                    <pulseonselect>false</pulseonselect>
                </control>
            </control>
        </control>
        <control type="grouplist">
            <visible>!Window.IsVisible(fullscreeninfo) + !ControlGroup(111).HasFocus()</visible>
            <top>20</top>
            <left>1450</left>
            <control type="image">
                <width>375</width>
                <height>150</height>
                <aspectratio>keep</aspectratio>
                <texture background="true">$INFO[Player.Art(clearlogo)]</texture>
            </control>
            <!--todo mpaa-->
            <!--<control type="image">-->
            <!--<width>375</width>-->
            <!--<height>100</height>-->
            <!--<texture>$INFO[VideoPlayer.mpaa,Mpaa/,.png]</texture>-->
            <!--<aspectratio align="right">keep</aspectratio>-->
            <!--<colordiffuse>77FFFFFF</colordiffuse>-->
            <!--</control>-->
        </control>
    </controls>
</window>
