<?xml version="1.0" encoding="UTF-8"?>
<window id="1122">
    <defaultcontrol always="true">1122</defaultcontrol>
    <allowoverlay>no</allowoverlay>
    <backgroundcolor>background</backgroundcolor>
    <include>OpenClose</include>
    <controls>
        <include>BlackBackground</include>
        <include>WindowsTopInfos</include>
        <control type="group">
            <posx>960</posx>
            <top>80</top>			
            <control type="label" description="Heading">
			    <posx>240</posx>
				<top>-65</top>
                <width>auto</width>
                <height>60</height>
                <font>size42</font>
                <scroll>false</scroll>
                <label>Advanced SkinSettings</label>
            </control>			
            <control type="grouplist" id="1122">
                <width>940</width>
                <height>980</height>
                <onleft>noop</onleft>
                <onright>noop</onright>
                <itemgap>0</itemgap>
                <onup>1122</onup>
                <ondown>1122</ondown>
                <pagecontrol>60</pagecontrol>
                <control type="button" id="1">
                    <width>auto</width>
                    <align>left</align>
                    <texturefocus colordiffuse="$VAR[diffuseselect]">images/buttonselect1.png</texturefocus>
                    <label>31062</label>
                    <label2>$INFO[Skin.String(LyricPath)]</label2>
                    <onclick>Skin.SetAddon(LyricPath,xbmc.python.lyrics)</onclick>
                </control>
               <control type="radiobutton" id="2">
                    <label>$LOCALIZE[31041]</label>
                    <onclick>Skin.ToggleSetting(Scrollbars_Passive)</onclick>
                    <selected>!Skin.HasSetting(Scrollbars_Passive)</selected>
                </control>
                <control type="radiobutton" id="3">
                    <label>$LOCALIZE[31044]</label>
                    <onclick>Skin.ToggleSetting(ViewsMenuOff)</onclick>
                    <selected>!Skin.HasSetting(ViewsMenuOff)</selected>
                </control>	
                <control type="radiobutton" id="44">
                    <label>Disable Homescreen Video Preview</label>
                    <onclick>Skin.ToggleSetting(homevidpreview)</onclick>
                    <selected>Skin.HasSetting(homevidpreview)</selected>
                </control>				
                <control type="button" id="8">
                    <width>auto</width>
                    <align>left</align>
                    <texturefocus colordiffuse="$VAR[diffuseselect]">images/buttonselect1.png</texturefocus>
                    <label>$LOCALIZE[31049] $VAR[QuitLabel]</label>
                    <onclick>ActivateWindow(1114)</onclick>
                </control>
                <control type="radiobutton" id="9">
                    <label>$LOCALIZE[31047]</label>
                    <onclick>Skin.ToggleSetting(HideClock)</onclick>
                    <selected>!Skin.HasSetting(HideClock)</selected>
                </control>z		
                <!--control type="radiobutton" id="39">
                    <label>Enable/Disable 3 Row Home Icons</label>
                    <onclick>Skin.ToggleSetting(3rowhome)</onclick>
                    <selected>!Skin.HasSetting(3rowhome)</selected>
                </control-->							
                <!--control type="radiobutton" id="13">
                    <label>$LOCALIZE[31098]</label>
                    <onclick>Skin.ToggleSetting(hideconnection)</onclick>
                    <selected>Skin.HasSetting(hideconnection)</selected>
                </control-->				
                <control type="button" id="10">
                    <width>auto</width>
                    <align>left</align>
                    <texturefocus colordiffuse="$VAR[diffuseselect]">images/buttonselect1.png</texturefocus>
                    <label>$LOCALIZE[31053] :   $INFO[Skin.String(MusicLink)]</label>
                    <onclick>ActivateWindow(1121)</onclick>
                </control>

                <control type="image" id="54">
                    <posx>960</posx>
                    <width>890</width>
                    <height>1</height>
                    <texture colordiffuse="$VAR[diffuselines]">lines/LineL.png</texture>
                    <aspectratio>stretch</aspectratio>
                </control>
				
				
				
				
				
                <control type="radiobutton" id="45">
				    <!--visible>!Skin.HasSetting(icanuckwallpapers)</visible-->				
                    <label>Custom Home Shelf Background</label>
                    <onclick condition="IsEmpty(Skin.String(CustomBgHomeSHELF))">Skin.SetFile(CustomBgHomeSHELF,.jpg|.png,special://skin/topshelf)</onclick>
                    <onclick condition="!IsEmpty(Skin.String(CustomBgHomeSHELF))">Skin.Reset(CustomBgHomeSHELF)</onclick>
                    <selected>!IsEmpty(Skin.String(CustomBgHomeSHELF))</selected>
                    <onclick>Skin.ToggleSetting(homeshelf)</onclick>
                    <selected>Skin.HasSetting(homeshelf)</selected>					
                </control>
                <control type="button" id="47">
					<visible>IsEmpty(Skin.String(CustomBgHomeSHELF))</visible>
                    <width>auto</width>
                    <align>left</align>
                    <texturefocus colordiffuse="$VAR[diffuseselect]">images/buttonselect1.png</texturefocus>
                    <label>[COLOR=Disabled]Home Shelf Darkness[/COLOR]</label>
                </control>
                <control type="button" id="48">
					<visible>!IsEmpty(Skin.String(CustomBgHomeSHELF))</visible>
                    <width>auto</width>
                    <align>left</align>
                    <texturefocus colordiffuse="$VAR[diffuseselect]">images/buttonselect1.png</texturefocus>
                    <label>Home Shelf Darkness</label>
                    <onclick>ActivateWindow(1160)</onclick>
                </control>				
				
				
				
				
				
				
                <control type="image" id="55">
                    <posx>960</posx>
                    <width>890</width>
                    <height>1</height>
                    <texture colordiffuse="$VAR[diffuselines]">lines/LineL.png</texture>
                    <aspectratio>stretch</aspectratio>
                </control>
				
				
				

				<!--control type="button" id="44">
                    <width>auto</width>
                    <align>left</align>
                    <texturefocus colordiffuse="$VAR[diffuseselect]">images/buttonselect1.png</texturefocus>
                    <label>Home Slider Animation MENU</label>
                    <onclick>ActivateWindow(1149)</onclick>
                </control-->
                <!--control type="radiobutton" id="44">
                    <label>Home Shelf Image</label>
                    <onclick>Skin.ToggleSetting(homeshelf)</onclick>
                    <selected>!Skin.HasSetting(homeshelf)</selected>
                </control-->



                <control type="radiobutton" id="30">
				    <visible>!System.HasAddon(service.xbmc.icanuckwallpapers)</visible>				
                    <label>Custom TopRow Background</label>
                    <onclick condition="IsEmpty(Skin.String(CustomBgHomeTOPROW))">Skin.SetFile(CustomBgHomeTOPROW,.jpg|.png,special://skin/backgrounds)</onclick>
                    <onclick condition="!IsEmpty(Skin.String(CustomBgHomeTOPROW))">Skin.Reset(CustomBgHomeTOPROW)</onclick>
                    <selected>!IsEmpty(Skin.String(CustomBgHomeTOPROW))</selected>
                </control>
                <control type="radiobutton" id="31">
				    <visible>System.HasAddon(service.xbmc.icanuckwallpapers)</visible>				
                    <label>Custom TopRow Background</label>
                    <onclick condition="IsEmpty(Skin.String(CustomBgHomeTOPROW))">Skin.SetFile(CustomBgHomeTOPROW,.jpg|.png,special://home/addons/service.xbmc.icanuckwallpapers/backgrounds)</onclick>
                    <onclick condition="!IsEmpty(Skin.String(CustomBgHomeTOPROW))">Skin.Reset(CustomBgHomeTOPROW)</onclick>
                    <selected>!IsEmpty(Skin.String(CustomBgHomeTOPROW))</selected>
                </control>
                <control type="button" id="33">
					<visible>IsEmpty(Skin.String(CustomBgHomeTOPROW))</visible>				
                    <width>auto</width>
                    <align>left</align>
                    <texturefocus colordiffuse="$VAR[diffuseselect]">images/buttonselect1.png</texturefocus>
                    <label>[COLOR=Disabled]TopRow BG Darkness[/COLOR]</label>
                </control>	
                <control type="button" id="34">
					<visible>!IsEmpty(Skin.String(CustomBgHomeTOPROW))</visible>
                    <width>auto</width>
                    <align>left</align>
                    <texturefocus colordiffuse="$VAR[diffuseselect]">images/buttonselect1.png</texturefocus>
                    <label>TopRow BG Darkness</label>
                    <onclick>ActivateWindow(1192)</onclick>
                </control>
				
                <control type="image" id="56">
                    <posx>960</posx>
                    <width>890</width>
                    <height>1</height>
                    <texture colordiffuse="$VAR[diffuselines]">lines/LineL.png</texture>
                    <aspectratio>stretch</aspectratio>
                </control>	
				<!--  CUSTOMSHELF IMAGE -->
                <control type="radiobutton" id="12">
                    <label>$LOCALIZE[31030]</label>
                    <onclick condition="!Skin.HasSetting(CustomImage)">Skin.SetImage(ShelfCustomImage)</onclick>
                    <onclick condition="Skin.HasSetting(CustomImage)">Skin.Reset(CustomImage)</onclick>
                    <onclick condition="!Skin.HasSetting(CustomImage)">Skin.SetBool(CustomImage)</onclick>
                    <selected>Skin.HasSetting(CustomImage)</selected>
                </control>				
                <control type="radiobutton" id="71">
                    <label>Enable More Top Row Favorites</label>
                    <onclick>Skin.ToggleSetting(shelffavorites)</onclick>
                    <selected>Skin.HasSetting(shelffavorites)</selected>
                </control>
                <control type="radiobutton" id="35">
                    <label>Enable Vertical Scroll on TopRow Shelf Items</label>
                    <onclick>Skin.ToggleSetting(verticalshelf)</onclick>
                    <selected>Skin.HasSetting(verticalshelf)</selected>
                </control>				
                <control type="radiobutton" id="21">
                    <label>QWERTY Keyboard</label>
                    <onclick>Skin.ToggleSetting(qwerty)</onclick>
                    <selected>!Skin.HasSetting(qwerty)</selected>
                </control>			
                <!--control type="radiobutton" id="71">
				    <visible>!System.HasAddon(service.xbmc.icanuckwallpapers)</visible>				
                    <label>OSD Background</label>
                    <onclick condition="IsEmpty(Skin.String(CustomBgOSD))">Skin.SetFile(CustomBgOSD,.jpg|.png,special://skin/backgrounds)</onclick>
                    <onclick condition="!IsEmpty(Skin.String(CustomBgOSD))">Skin.Reset(CustomBgOSD)</onclick>
                    <selected>!IsEmpty(Skin.String(CustomBgOSD))</selected>
                </control>				
                <control type="radiobutton" id="72">
				    <visible>System.HasAddon(service.xbmc.icanuckwallpapers)</visible>				
                    <label>OSD Background</label>
                    <onclick condition="IsEmpty(Skin.String(CustomBgOSD))">Skin.SetFile(CustomBgOSD,.jpg|.png,special://home/addons/service.xbmc.icanuckwallpapers/backgrounds)</onclick>
                    <onclick condition="!IsEmpty(Skin.String(CustomBgOSD))">Skin.Reset(CustomBgOSD)</onclick>
                    <selected>!IsEmpty(Skin.String(CustomBgOSD))</selected>
                </control>
				<control type="button" id="73">
                    <width>auto</width>
                    <align>left</align>
                    <texturefocus colordiffuse="$VAR[diffuseselect]">images/buttonselect1.png</texturefocus>
                    <label>OSD Transparency</label>
                    <onclick>ActivateWindow(1150)</onclick>
                </control-->							
                <control type="radiobutton" id="22">
                    <label>$LOCALIZE[31124]</label>
                    <onclick>Skin.ToggleSetting(focusedblack)</onclick>
                    <selected>Skin.HasSetting(focusedblack)</selected>
                </control>											
                <!--control type="radiobutton" id="19">
                    <label>$LOCALIZE[31104]</label>
                    <onclick>Skin.ToggleSetting(homelabel)</onclick>
                    <selected>Skin.HasSetting(homelabel)</selected>
                </control-->
                <control type="radiobutton" id="75">
                    <label>Hide TV Fav Shelf Label</label>
                    <onclick>Skin.ToggleSetting(tvfav_hidelabel)</onclick>
                    <selected>Skin.HasSetting(tvfav_hidelabel)</selected>
                </control>				
                <control type="button" id="23">
                    <width>auto</width>
                    <align>left</align>
                    <texturefocus colordiffuse="$VAR[diffuseselect]">images/buttonselect1.png</texturefocus>
                    <label>$LOCALIZE[31126]</label>
                    <onclick>ActivateWindow(1146)</onclick>
                </control>				
                <control type="radiobutton" id="20">
                    <label>$LOCALIZE[31105]</label>
                    <onclick>Skin.ToggleSetting(homelines)</onclick>
                    <selected>Skin.HasSetting(homelines)</selected>
                </control>
                <control type="radiobutton" id="16">
                    <label>$LOCALIZE[31099]</label>
                    <onclick>Skin.ToggleSetting(homeshader)</onclick>
                    <selected>Skin.HasSetting(homeshader)</selected>
                </control>				
                <control type="radiobutton" id="17">
                    <label>$LOCALIZE[31100]</label>
                    <onclick>Skin.ToggleSetting(homerss)</onclick>
                    <selected>Skin.HasSetting(homerss)</selected>
                </control>			
               <control type="button" id="15">
                    <label>31036</label>
                    <width>auto</width>
                    <align>left</align>
                    <texturefocus colordiffuse="$VAR[diffuseselect]">images/buttonselect1.png</texturefocus>
                    <onclick>Skin.ResetSettings</onclick>
                    <onclick>XBMC.ReloadSkin()</onclick>
                </control>								
            </control>
        </control>								
        <include>Linemiddle</include>
        <control type="group" description="Left panel">
            <top>80</top>
            <control type="label" description="Skin Version">
                <top>970</top>
                <posx>6</posx>			
                <width>100</width>
                <height>25</height>
                <font>size28</font>
                <textcolor>$VAR[diffusetext]</textcolor>
                <label>$INFO[System.AddonVersion(skin.carbon)]</label>
            </control>
            <control type="image" description="Custom TOPROW BKGRND">
                <visible>[Controlgroup(1122).HasFocus(30) | Controlgroup(1122).HasFocus(31) | Controlgroup(1122).HasFocus(33) | Controlgroup(1122).HasFocus(34)] + !IsEmpty(Skin.String(CustomBgHomeTOPROW))</visible>
				<centerleft>460</centerleft> 
				<top>120</top>	
				<animation effect="fade" time="200">VisibleChange</animation>
				<width>460</width>
				<height>260</height>
				<aspectratio align="center" aligny="bottom">stretch</aspectratio>
                <texture colordiffuse="$VAR[diffusetoprow]">$VAR[bgimgtoprow]</texture>
            </control>
            <control type="image" description="Custom TOPROW BKGRND Border">
                <centerleft>460</centerleft> 
                <top>120</top>				
				<visible>[Controlgroup(1122).HasFocus(30) | Controlgroup(1122).HasFocus(31) | Controlgroup(1122).HasFocus(33) | Controlgroup(1122).HasFocus(34)] + !IsEmpty(Skin.String(CustomBgHomeTOPROW))</visible>
                 <width>460</width>
                 <height>260</height>
				 <aspectratio>stretch</aspectratio>
                <texture colordiffuse="$VAR[diffuseborder]">borders/helpmenuborder.png</texture>
            </control>		
            <control type="image" description="HOME SHELF BKGD">
                <visible>[Controlgroup(1122).HasFocus(45) | Controlgroup(1122).HasFocus(48)] + !IsEmpty(Skin.String(CustomBgHomeSHELF))</visible>
                <centerleft>460</centerleft>
				<top>220</top>
				<animation effect="fade" time="200">VisibleChange</animation>
				<width>600</width>
				<height>168</height>
				<aspectratio align="center" aligny="bottom">stretch</aspectratio>
                <texture colordiffuse="$VAR[diffuseshelf]">$VAR[bgimghomeshelf]</texture>
            </control>
            <control type="image" description="HOME SHELF BKGD Border">
                <centerleft>460</centerleft> 
                <top>220</top>				
				<visible>[Controlgroup(1122).HasFocus(45) | Controlgroup(1122).HasFocus(48)] + !IsEmpty(Skin.String(CustomBgHomeSHELF))</visible>
                 <width>600</width>
                 <height>168</height>
				 <aspectratio>stretch</aspectratio>
                <texture colordiffuse="$VAR[diffuseborder]">borders/helpmenuborder.png</texture>
            </control>					
            <control type="image" description="Qwerty + FocusedBlack + Plot Info Menu">
                <centerleft>460</centerleft>
				<top>120</top>
                <visible>Controlgroup(1122).HasFocus(21) | Controlgroup(1122).HasFocus(22) | Controlgroup(1122).HasFocus(23)</visible>
                <animation effect="fade" time="200">VisibleChange</animation>
                <width>256</width>
                <height>256</height>
                <aspectratio align="center" aligny="bottom">stretch</aspectratio>								
                <texture>icons/iconhome.png</texture>
            </control>			
            <control type="image" description="HomeLabel">
                <centerleft>460</centerleft>
                <visible>Controlgroup(1122).HasFocus(19)</visible>
                <include>Help_Panel</include>
                <texture>help/homelabelon.png</texture>
            </control>
            <control type="image" description="HomeLabelOFF">
                <centerleft>460</centerleft>
                <visible>Controlgroup(1122).HasFocus(19) + !Skin.HasSetting(homelabel)</visible>
                <include>Help_Panel</include>
                <texture>help/homelabeloff.png</texture>
            </control>			
            <control type="image" description="Network">
                <centerleft>460</centerleft>
                <visible>Controlgroup(1122).HasFocus(13)</visible>
                <include>Help_Panel</include>
                <texture>help/wireless.png</texture>
            </control>
            <control type="image" description="NetworkOFF">
                <centerleft>460</centerleft>
                <visible>Controlgroup(1122).HasFocus(13) + !Skin.HasSetting(hideconnection)</visible>
                <include>Help_Panel</include>
                <texture>help/off.png</texture>
            </control>	
            <control type="image" description="HomeShader">
                <centerleft>460</centerleft>
                <visible>Controlgroup(1122).HasFocus(16)</visible>
                <include>Help_Panel</include>
                <texture>help/homeshadericon.png</texture>
            </control>
            <control type="image" description="HomeShaderOFF">
                <centerleft>460</centerleft>
                <visible>Controlgroup(1122).HasFocus(16) + !Skin.HasSetting(homeshader)</visible>
                <include>Help_Panel</include>
                <texture>help/off.png</texture>
            </control>
            <control type="image" description="homerss">
                <centerleft>460</centerleft>
                <visible>Controlgroup(1122).HasFocus(17)</visible>
                <include>Help_Panel</include>
                <texture>help/rssbottom.png</texture>
            </control>
            <control type="image" description="homerssOFF">
                <centerleft>460</centerleft>
                <visible>Controlgroup(1122).HasFocus(17) + !Skin.HasSetting(homerss)</visible>
                <include>Help_Panel</include>
                <texture>help/rsstop.png</texture>
            </control>
            <control type="image" description="homelines">
                <centerleft>460</centerleft>
                <visible>Controlgroup(1122).HasFocus(20)</visible>
                <include>Help_Panel</include>
                <texture>help/homelineson.png</texture>
            </control>
            <control type="image" description="homelinesOFF">
                <centerleft>460</centerleft>
                <visible>Controlgroup(1122).HasFocus(20) + !Skin.HasSetting(homelines)</visible>
                <include>Help_Panel</include>
                <texture>help/homelinesoff.png</texture>
            </control>						
            <control type="image" description="Logo">
                <centerleft>460</centerleft>
                <visible>Controlgroup(1122).HasFocus(1)</visible>
                <include>Help_Panel</include>
                <texture>DefaultAddon.png</texture>
            </control>
            <control type="image" description="ScrollBars">
                <centerleft>460</centerleft>
                <visible>Controlgroup(1122).HasFocus(2)</visible>
                <include>Help_Panel</include>
                <texture>help/scrollbars.png</texture>
            </control>
            <control type="image" description="ScrollBars">
                <centerleft>460</centerleft>
                <visible>Controlgroup(1122).HasFocus(2) + Skin.HasSetting(Scrollbars_Passive)</visible>
                <include>Help_Panel</include>
                <texture>help/off.png</texture>
            </control>
            <control type="image" description="Menuviews">
                <centerleft>460</centerleft>
                <visible>Controlgroup(1122).HasFocus(3)</visible>
                <include>Help_Panel</include>
                <texture>help/optionsmenu.png</texture>
            </control>
            <control type="image" description="Menuviews">
                <centerleft>460</centerleft>
                <visible>Controlgroup(1122).HasFocus(3) + Skin.HasSetting(ViewsMenuOff)</visible>
                <include>Help_Panel</include>
                <texture>help/off.png</texture>
            </control>
            <control type="image" description="shelf cinema">
                <centerleft>460</centerleft>
                <visible>Controlgroup(1122).HasFocus(4)</visible>
                <include>Help_Panel</include>
                <texture>help/shelf.png</texture>
            </control>
            <control type="image" description="quits">
                <centerleft>460</centerleft>
                <visible>Controlgroup(1122).HasFocus(8)</visible>
                <include>Help_Panel</include>
                <texture>help/menu$INFO[Skin.String(shutdown)].png</texture>
            </control>					
            <control type="image" description="clock">
                <centerleft>460</centerleft>
                <visible>Controlgroup(1122).HasFocus(9)</visible>
                <include>Help_Panel</include>
                <texture>help/clock.png</texture>
            </control>
            <control type="image" description="clock">
                <centerleft>460</centerleft>
                <visible>Controlgroup(1122).HasFocus(9) + Skin.HasSetting(HideClock)</visible>
                <include>Help_Panel</include>
                <texture>help/off.png</texture>
            </control>
            <control type="image" description="reset">
                <centerleft>460</centerleft>
                <visible>Controlgroup(1122).HasFocus(15)</visible>
                <include>Help_Panel</include>
                <texture>help/warning.png</texture>
            </control>
            <control type="image" description="MUSIC">
                <centerleft>460</centerleft>
                <visible>Controlgroup(1122).HasFocus(10)</visible>
                <include>Help_Panel</include>
                <texture>icons/music.png</texture>
            </control>		
            <control type="image" description="icon shelf">
                <centerleft>460</centerleft>
                <visible>Controlgroup(1122).HasFocus(12)</visible>
                <include>Help_Panel</include>
                <texture>$VAR[ShelfLogo]</texture>
            </control>
        </control>
        <control type="image" description="Line">
            <posx>150</posx>
            <top>540</top>
            <height>1</height>
            <width>660</width>
            <texture colordiffuse="$VAR[diffuselines]">lines/Line.png</texture>
        </control>
        <control type="textbox" description="HelpDetails">
            <posx>170</posx>
            <top>560</top>
            <width>660</width>
            <height>380</height>
            <font>size31</font>
            <align>justify</align>
            <label>[COLOR=$VAR[diffusetext]]$VAR[helptext][/COLOR]</label>
        </control>
        <control type="label" description="HelpDetails">
            <include>VisibleFade</include>
            <visible>Controlgroup(1122).HasFocus(12) + Skin.HasSetting(CustomImage)</visible>
            <top>500</top>
            <width>960</width>
            <height>25</height>
            <font>size21</font>
            <align>center</align>
            <textcolor>$VAR[diffusetext]</textcolor>
            <label>$VAR[ShelfLogo]</label>
        </control>
        <control type="label" description="HelpDetails">
            <include>VisibleFade</include>
            <visible>Controlgroup(1122).HasFocus(11) + Skin.HasSetting(CustomBg)</visible>
            <top>500</top>
            <width>960</width>
            <height>25</height>
            <font>size21</font>
            <align>center</align>
            <textcolor>$VAR[diffusetext]</textcolor>
            <label>$VAR[bgimg]</label>
        </control>
    </controls>
</window>
