<?xml version="1.0" encoding="UTF-8"?>
<window type="dialog" id="1152">
    <defaultcontrol always="true">9000</defaultcontrol>
            <animation effect="slide" start="540,0" end="0,0" time="500"reversible="true">WindowOpen</animation>
            <animation effect="slide" start="0,0" end="540,0" time="500" reversible="true">WindowClose</animation>			
    <controls>
        <control type="group" description="All dialog content">		
            <control type="image" description="List back">
                <top>290</top>
                <posx>1435</posx>
                <width>540</width>
                <height>500</height>
                <aspectratio>scale</aspectratio>
                <texture colordiffuse="$VAR[diffusemenu]">$VAR[bgimg2]</texture>
            </control>
            <control type="image" description="List back border">
                <top>290</top>
                <posx>1435</posx>
                <width>540</width>
                <height>500</height>
                <aspectratio>stretch</aspectratio>
                <texture colordiffuse="$VAR[diffuseborder]">borders/skinsettingsdialog.png</texture>
            </control>						
            <control type="group">
                <control type="grouplist" id="9000">
                <left>1450</left>
                <include>DialogGLs2</include>					
                <control type="radiobutton" id="1">
                    <label>OSD BG Darkness1</label>
                    <onclick>Skin.ToggleSetting(osddiffuse1)</onclick>
					<onclick condition="Skin.HasSetting(osddiffuse2)">Skin.ToggleSetting(osddiffuse2)</onclick>
					<onclick condition="Skin.HasSetting(osddiffuse3)">Skin.ToggleSetting(osddiffuse3)</onclick>
					<onclick condition="Skin.HasSetting(osddiffuse4)">Skin.ToggleSetting(osddiffuse4)</onclick>
					<onclick condition="Skin.HasSetting(osddiffuse5)">Skin.ToggleSetting(osddiffuse5)</onclick>	
					<onclick condition="Skin.HasSetting(osddiffuseblk)">Skin.ToggleSetting(osddiffuseblk)</onclick>						
                    <selected>Skin.HasSetting(osddiffuse1)</selected>				
                </control>
                <control type="radiobutton" id="2">
                    <label>OSD BG Darkness2</label>
                    <onclick>Skin.ToggleSetting(osddiffuse2)</onclick>
					<onclick condition="Skin.HasSetting(osddiffuse1)">Skin.ToggleSetting(osddiffuse1)</onclick>
					<onclick condition="Skin.HasSetting(osddiffuse3)">Skin.ToggleSetting(osddiffuse3)</onclick>
					<onclick condition="Skin.HasSetting(osddiffuse4)">Skin.ToggleSetting(osddiffuse4)</onclick>
					<onclick condition="Skin.HasSetting(osddiffuse5)">Skin.ToggleSetting(osddiffuse5)</onclick>		
					<onclick condition="Skin.HasSetting(osddiffuseblk)">Skin.ToggleSetting(osddiffuseblk)</onclick>						
                    <selected>Skin.HasSetting(osddiffuse2)</selected>				
                </control>
                <control type="radiobutton" id="3">
                    <label>OSD BG Darkness3</label>
                    <onclick>Skin.ToggleSetting(osddiffuse3)</onclick>
					<onclick condition="Skin.HasSetting(osddiffuse1)">Skin.ToggleSetting(osddiffuse1)</onclick>
					<onclick condition="Skin.HasSetting(osddiffuse2)">Skin.ToggleSetting(osddiffuse2)</onclick>
					<onclick condition="Skin.HasSetting(osddiffuse4)">Skin.ToggleSetting(osddiffuse4)</onclick>
					<onclick condition="Skin.HasSetting(osddiffuse5)">Skin.ToggleSetting(osddiffuse5)</onclick>		
					<onclick condition="Skin.HasSetting(osddiffuseblk)">Skin.ToggleSetting(osddiffuseblk)</onclick>						
                    <selected>Skin.HasSetting(osddiffuse3)</selected>				
                </control>								
                <control type="radiobutton" id="4">
                    <label>OSD BG Darkness4</label>
                    <onclick>Skin.ToggleSetting(osddiffuse4)</onclick>
					<onclick condition="Skin.HasSetting(osddiffuse1)">Skin.ToggleSetting(osddiffuse1)</onclick>
					<onclick condition="Skin.HasSetting(osddiffuse2)">Skin.ToggleSetting(osddiffuse2)</onclick>
					<onclick condition="Skin.HasSetting(osddiffuse3)">Skin.ToggleSetting(osddiffuse3)</onclick>
					<onclick condition="Skin.HasSetting(osddiffuse5)">Skin.ToggleSetting(osddiffuse5)</onclick>		
					<onclick condition="Skin.HasSetting(osddiffuseblk)">Skin.ToggleSetting(osddiffuseblk)</onclick>						
                    <selected>Skin.HasSetting(osddiffuse4)</selected>				
                </control>
                <control type="radiobutton" id="5">
                    <label>OSD BG Darkness5</label>
                    <onclick>Skin.ToggleSetting(osddiffuse5)</onclick>
					<onclick condition="Skin.HasSetting(osddiffuse1)">Skin.ToggleSetting(osddiffuse1)</onclick>
					<onclick condition="Skin.HasSetting(osddiffuse2)">Skin.ToggleSetting(osddiffuse2)</onclick>
					<onclick condition="Skin.HasSetting(osddiffuse3)">Skin.ToggleSetting(osddiffuse3)</onclick>
					<onclick condition="Skin.HasSetting(osddiffuse4)">Skin.ToggleSetting(osddiffuse4)</onclick>	
					<onclick condition="Skin.HasSetting(osddiffuseblk)">Skin.ToggleSetting(osddiffuseblk)</onclick>						
                    <selected>Skin.HasSetting(osddiffuse5)</selected>				
                </control>
                <control type="radiobutton" id="6">
                    <label>OSD BG Black</label>
                    <onclick>Skin.ToggleSetting(osddiffuseblk)</onclick>
					<onclick condition="Skin.HasSetting(osddiffuse1)">Skin.ToggleSetting(osddiffuse1)</onclick>
					<onclick condition="Skin.HasSetting(osddiffuse2)">Skin.ToggleSetting(osddiffuse2)</onclick>
					<onclick condition="Skin.HasSetting(osddiffuse3)">Skin.ToggleSetting(osddiffuse3)</onclick>
					<onclick condition="Skin.HasSetting(osddiffuse4)">Skin.ToggleSetting(osddiffuse4)</onclick>	
					<onclick condition="Skin.HasSetting(osddiffuse5)">Skin.ToggleSetting(osddiffuse5)</onclick>							
                    <selected>Skin.HasSetting(osddiffuseblk)</selected>				
                </control>				
                </control>
            </control>
        </control>
    </controls>
</window>
