<?xml version="1.0" encoding="UTF-8"?>
<window id="2002">
    <type>dialog</type>
    <defaultcontrol always="true">10</defaultcontrol>
    <allowoverlay>no</allowoverlay>
    <backgroundcolor>background</backgroundcolor>
    <include>DialogOpenClose</include>
    <controls>
        <control type="group">
            <posx>480</posx>
            <top>360</top>
            <control type="image">
                <posx>-210</posx>
                <top>-150</top>
                <width>1360</width>
                <height>740</height>
                <texture border="150" colordiffuse="$VAR[bgcolor1]">images/Dialog.png</texture>
            </control>

            <!--control type="image">
                <posx>-10</posx>
                <top>-100</top>
                <width>1160</width>
                <height>640</height>
                <texture border="150" colordiffuse="$VAR[diffusemenu]">$VAR[bgimg2]</texture>
            </control>	
            <control type="image">
                <posx>-210</posx>
                <top>-150</top>
                <width>1360</width>
                <height>740</height>
                <texture border="150" colordiffuse="$VAR[bgcolor1]">images/Dialog.png</texture>
            </control-->			
			
					
			
            <control type="label" id="1" description="Heading">
                <width>960</width>
                <label>-</label>
                <font>size28</font>
                <align>center</align>
            </control>
            <control type="textbox" id="9" description="content">
                <posx>0</posx>
                <top>108</top>
                <label>-</label>
                <width>960</width>
                <height>144</height>
                <align>center</align>
				<textcolor>$VAR[diffusetext]</textcolor>
                <autoscroll>false</autoscroll>
            </control>
            <control type="button" id="10" description="Ok">
                <posx>330</posx>
                <top>330</top>
                <width>300</width>
                <label>186</label>
                <texturenofocus border="8">images/white.png</texturenofocus>
            </control>
        </control>
    </controls>
</window>
