<?xml version="1.0" encoding="UTF-8"?>
<window id="100">
    <defaultcontrol always="true">10</defaultcontrol>
    <allowoverlay>yes</allowoverlay>
    <include>DialogOpenClose</include>
    <controls>
        <control type="image" description="Dialog">
            <centerleft>960</centerleft>
            <centertop>520</centertop>
            <width>840</width>
            <height>320</height>
            <texture>$VAR[bgimg2]</texture>
			<aspectratio>scale</aspectratio>
        </control>
        <control type="image" description="Dialog Border">
            <centerleft>960</centerleft>
            <centertop>520</centertop>
            <width>840</width>
            <height>320</height>
            <texture colordiffuse="$VAR[diffuseborder]">borders/yesno.png</texture>
			<aspectratio>stretch</aspectratio>
        </control>				
        <control type="group">
            <posx>559</posx>
            <top>380</top>
            <control type="image">
            <left>400</left>
            <top>223</top>
            <width>1</width>
            <height>74</height>
            <texture colordiffuse="$VAR[diffuselines]">lines/LineV1.png</texture>
        </control>
        <control type="image">
            <top>220</top>
            <width>810</width>
            <height>1</height>
            <texture colordiffuse="$VAR[diffuselines]">lines/LineSH.png</texture>
        </control>
            <control type="label" id="1" description="Heading">
                <label></label>
                <width>800</width>
                <font>size39B</font>
                <align>center</align>
            </control>
            <control type="textbox" id="9" description="content">
                <left>0</left>
                <top>88</top>
				<font>size33</font>
                <label>-</label>
                <width>800</width>
                <height>270</height>
                <align>center</align>
                <textcolor>$VAR[diffusetext]</textcolor>
                <autoscroll>false</autoscroll>
            </control>
            <control type="button" id="10" description="No">
                <left>-20</left>
                <top>220</top>
                <width>430</width>
				<font>size38</font>
                <label>106</label>
                <onleft>11</onleft>
                <onright>11</onright>
                <onup>10</onup>
                <ondown>10</ondown>
            </control>
            <control type="button" id="11" description="Yes">
                <left>394</left>
                <top>220</top>
                <width>430</width>
				<font>size38</font>
                <label>107</label>
                <onleft>10</onleft>
                <onright>10</onright>
                <onup>11</onup>
                <ondown>11</ondown>
            </control>
        </control>
    </controls>
</window>
