<?xml version="1.0" encoding="UTF-8"?>
<window id="132">
    <defaultcontrol always="true">20</defaultcontrol>
    <allowoverlay>no</allowoverlay>
    <backgroundcolor>background</backgroundcolor>
    <include>DialogOpenCloseVisible</include>
    <controls>	
        <!--control type="image">
            <centerleft>960</centerleft>
            <centertop>540</centertop>
            <width>1520</width>
            <height>1000</height>
            <texture border="150" colordiffuse="$VAR[bgcolor1]">sidepanel/Back.png</texture>
        </control-->		
        <control type="image" description="Dialog BG">
            <centerleft>960</centerleft>
            <centertop>540</centertop>
            <width>1520</width>
            <height>1000</height>
            <texture border="150" colordiffuse="$VAR[diffusemenu]">$VAR[bgimg2]</texture>
			<aspectratio>scale</aspectratio>
        </control>
        <control type="image" description="Dialog BG border">
            <centerleft>960</centerleft>
            <centertop>540</centertop>
            <width>1520</width>
            <height>1000</height>
            <texture border="150" colordiffuse="$VAR[diffuseborder]">borders/contextsettings.png</texture>
			<aspectratio>stretch</aspectratio>
        </control>				
        <control type="grouplist">
            <top>60</top>
            <centerleft>960</centerleft>
            <align>center</align>
            <onup>noop</onup>
            <ondown>21</ondown>
            <onleft>noop</onleft>
            <onright>noop</onright>
            <orientation>horizontal</orientation>
            <control type="label" description="Directory Contains">
                <align>center</align>
                <height>80</height>
                <font>size39B</font>
                <width>700</width>
                <label>$LOCALIZE[20344] :</label>
            </control>
             <control type="spincontrolex" id="20" description="Content Type">
                <width>700</width>
                <height>80</height>
                <align>left</align>
            </control>
        </control>
        <!--<control type="label" description="Content Type Label">-->
        <!--<left>100</left>-->
        <!--<textoffsetx>20</textoffsetx>-->
        <!--<width>760</width>-->
        <!--<height>62</height>-->
        <!--<align>left</align>-->
        <!--<label>$INFO[Control.GetLabel(3)]</label>-->
        <!--</control>-->
        <control type="list" id="21" description="Scraper list">
            <left>960</left>
            <top>140</top>
            <width>740</width>
            <height>300</height>
            <onup>20</onup>
            <onleft>noop</onleft>
            <onright>noop</onright>
            <ondown>5</ondown>
            <itemlayout height="75" width="740">
                <control type="label">
                    <left>30</left>
                    <width>750</width>
                    <height>75</height>
                    <info>ListItem.Label</info>
                    <selectedcolor>yellow</selectedcolor>
                </control>
            </itemlayout>
            <focusedlayout height="75" width="740">
                <control type="image">
                    <visible>Control.HasFocus(21)</visible>
                    <top>0</top>
                    <width>810</width>
                    <height>75</height>
                    <texture colordiffuse="$VAR[diffuseselect]">images/buttonselect1.png</texture>
                </control>
                <control type="label">
                    <left>30</left>
                    <width>750</width>
                    <height>75</height>
                    <info>ListItem.Label</info>
                    <selectedcolor>yellow</selectedcolor>
                </control>
            </focusedlayout>
        </control>
        <control type="grouplist" id="5" description="Control Area">
            <centerleft>960</centerleft>
            <top>441</top>
            <width>1480</width>
            <height>431</height>
            <itemgap>3</itemgap>
            <onup>21</onup>
            <ondown>22</ondown>
            <onleft>noop</onleft>
            <onright>noop</onright>
        </control>
        <control type="button" id="7" description="Button Default">
            <width>1480</width>
            <align>left</align>
        </control>
        <control type="radiobutton" id="8" description="RadioButton">
            <width>1480</width>
            <align>left</align>
            <radioleft>1020</radioleft>
        </control>
        <control type="button" id="22" description="Settings">
            <centerleft>960</centerleft>
            <top>872</top>
            <width>1480</width>
            <height>75</height>
            <align>center</align>
            <label>$LOCALIZE[5]</label>
            <onup>5</onup>
            <onleft>noop</onleft>
            <onright>noop</onright>
            <ondown>28</ondown>
        </control>
        <control type="grouplist">
            <centerleft>960</centerleft>
            <top>948</top>
            <align>center</align>
            <orientation>horizontal</orientation>
            <itemgap>20</itemgap>
            <control type="button" id="29" description="Cancel">
                <width>750</width>
                <label>222</label>
                <onleft>28</onleft>
                <onright>noop</onright>
                <onup>22</onup>
                <ondown>20</ondown>
            </control>
            <control type="button" id="28" description="OK">
                <width>750</width>
                <label>186</label>
                <onleft>noop</onleft>
                <onright>29</onright>
                <onup>22</onup>
                <ondown>20</ondown>
            </control>
        </control>
        <control type="image" description="Addon Icon">
            <visible>Control.HasFocus(21)</visible>
            <centerleft>585</centerleft>
            <centertop>290</centertop>
            <width>255</width>
            <height>255</height>
            <texture fallback="DefaultAddonNone.png">$INFO[Container(21).ListItem.Icon]</texture>
            <aspectratio aligny="top">scale</aspectratio>
            <bordertexture colordiffuse="black">images/white.png</bordertexture>
            <bordersize>2</bordersize>
        </control>
        <control type="image" description="Addon Icon">
            <visible>!Control.HasFocus(21)</visible>
            <centerleft>585</centerleft>
            <centertop>290</centertop>
            <width>255</width>
            <height>255</height>
            <texture fallback="DefaultAddonNone.png">$INFO[ListItem.Icon]</texture>
            <aspectratio aligny="top">scale</aspectratio>
            <bordertexture colordiffuse="black">images/white.png</bordertexture>
            <bordersize>2</bordersize>
        </control>
        <control type="image" description="topSplitter">
            <centerleft>960</centerleft>
            <top>140</top>
            <height>1</height>
            <width>1490</width>
            <texture colordiffuse="$VAR[diffuselines]">lines/LineR.png</texture>
        </control>
        <control type="image" description="midSplitter">
            <centerleft>960</centerleft>
            <top>440</top>
            <height>1</height>
            <width>1490</width>
            <texture colordiffuse="$VAR[diffuselines]">lines/LineL.png</texture>
        </control>
        <control type="image" description="lowSplitter">
            <centerleft>960</centerleft>
            <top>947</top>
            <height>1</height>
            <width>1490</width>
            <texture colordiffuse="$VAR[diffuselines]">lines/Line.png</texture>
        </control>
        <control type="image" description="lowSplitter">
            <centerleft>960</centerleft>
            <top>872</top>
            <height>1</height>
            <width>1490</width>
            <texture colordiffuse="$VAR[diffuselines]">lines/Line.png</texture>
        </control>
        <control type="image" description="topSplittermid">
            <centerleft>960</centerleft>
            <top>141</top>
            <height>300</height>
            <width>1</width>
            <texture colordiffuse="$VAR[diffuselines]">lines/LineV.png</texture>
        </control>
        <control type="image" description="lowSplittermid">
            <centerleft>960</centerleft>
            <top>947</top>
            <height>80</height>
            <width>1</width>
            <texture colordiffuse="$VAR[diffuselines]">lines/LineV.png</texture>
        </control>
    </controls>
</window>
