<?xml version="1.0" encoding="UTF-8"?>
<window>
    <defaultcontrol always="true">9000</defaultcontrol>
    <allowoverlay>no</allowoverlay>
    <backgroundcolor>background</backgroundcolor>
    <onload>RunScript(script.favourites)</onload>
    <include>OpenClose</include>
    <controls>
        <include>HomeBackground</include>
        <control type="group">
            <include>OpenClose</include>
            <control type="button" id="9009">
                <visible allowhiddenfocus="true">Control.HasFocus(9009)</visible>
                <top>26</top>
                <width>34</width>
                <height>34</height>
                <texturefocus aspectratio="keep" colordiffuse="black">images/hometoggle.png</texturefocus>
                <!--MOVIES-->
				
                <!--onclick  condition="Control.IsVisible(311) + StringCompare(Skin.String(moviesshelf),TR)">Skin.SetString(moviesshelf,)</onclick>
                <onclick  condition="Control.IsVisible(311) + StringCompare(Skin.String(moviesshelf),WL) + Skin.HasSetting(trailershelf)">Skin.SetString(moviesshelf,TR)</onclick-->
                <onclick  condition="Control.IsVisible(311) + StringCompare(Skin.String(moviesshelf),WL)">Skin.SetString(moviesshelf,)</onclick>
                <onclick  condition="Control.IsVisible(311) + StringCompare(Skin.String(moviesshelf),)">Skin.SetString(moviesshelf,WL)</onclick>
				
				
                <!--onclick  condition="Control.IsVisible(311) + StringCompare(Skin.String(moviesshelf),TR)">Skin.SetString(moviesshelf,)</onclick>
                <onclick  condition="Control.IsVisible(311) + StringCompare(Skin.String(moviesshelf),WL) + Skin.HasSetting(trailershelf)">Skin.SetString(moviesshelf,TR)</onclick>
                <onclick  condition="Control.IsVisible(311) + StringCompare(Skin.String(moviesshelf),WL) + !Skin.HasSetting(trailershelf)">Skin.SetString(moviesshelf,)</onclick>
                <onclick  condition="Control.IsVisible(311) + StringCompare(Skin.String(moviesshelf),)">Skin.SetString(moviesshelf,WL)</onclick-->
				
				
                <!--TVSHOWS-->
                <onclick  condition="Control.IsVisible(312)">Skin.ToggleSetting(TVShelf_Watchlist)</onclick>
                <!--MUSIC-->
                <onclick  condition="Control.IsVisible(313) + StringCompare(Skin.String(musicshelf),)">Skin.SetString(musicshelf,top)</onclick>
                <onclick  condition="Control.IsVisible(313) + StringCompare(Skin.String(musicshelf),top) + [Library.HasContent(Music)]">Skin.SetString(musicshelf,custom)</onclick>
                <onclick  condition="Control.IsVisible(313) + StringCompare(Skin.String(musicshelf),custom) + [Library.HasContent(Music)]">Skin.SetString(musicshelf,)</onclick>
                <onclick  condition="Control.IsVisible(315)">noop</onclick>
                <colordiffuse>black</colordiffuse>
                <onclick condition="Control.IsVisible(312)">ReplaceWindow(0)</onclick>
                <onup>noop</onup>
                <!--<ondown condition="!IntegerGreaterThan(Container(313).NumItems,0)">noop</ondown>-->
                <ondown>700</ondown>
                <onleft>noop</onleft>
                <onright>noop</onright>
            </control>
			
<!--     ICON SETTINGS       -->	


								
					<include condition="![Skin.HasSetting(homeicondefaultrow7) | Skin.HasSetting(homeicondefaultrow6) | Skin.HasSetting(homeicondefaultrow5) | Skin.HasSetting(homeiconroundrow8) | Skin.HasSetting(homeiconroundrow7) | Skin.HasSetting(homeiconroundrow6) | Skin.HasSetting(hideshelf) | Skin.HasSetting(homeiconsio2) | Skin.HasSetting(homeiconsio2x) | Skin.HasSetting(homeiconios)]">homeicondefault</include>
					<include condition="Skin.HasSetting(homeicondefaultrow7)">homeicondefault7row</include>
					<include condition="Skin.HasSetting(homeicondefaultrow6)">homeicondefault6row</include>
					<include condition="Skin.HasSetting(homeicondefaultrow5)">homeicondefault5row</include>				
					<include condition="Skin.HasSetting(hideshelf)">homeiconnoshelf</include>
					<include condition="Skin.HasSetting(homeiconsio2)">homeiconsio2</include>					
					<include condition="Skin.HasSetting(homeiconsio2x)">homeiconsio2x</include>	
					<include condition="Skin.HasSetting(homeiconroundrow8)">homeiconround8row</include>						
					<include condition="Skin.HasSetting(homeiconroundrow7)">homeiconround7row</include>
					<include condition="Skin.HasSetting(homeiconroundrow6)">homeiconround6row</include>
					<include condition="Skin.HasSetting(homeiconios)">homeiconios</include>					



		<!--control type="group" description="ICON HORIZONTAL">

		</control-->



			
<!--       ICON SETTINGS END        -->			
            <control type="group" description="Furniture">
                <animation condition="![Container(9000).Row(0) | Container(9000).Row(1)]" effect="slide" start="0,0" end="0,-500" time="220">Conditonal</animation>  
                <control type="image" description="Line">
	            	<visible>!Skin.HasSetting(homelines) + [!Player.HasVideo | Skin.HasSetting(homevidpreview)]</visible>	
                    <visible>![Container(9000).Row(4) | Container(9000).Row(5) | Container(9000).Row(6) | Container(9000).Row(7) | Container(9000).Row(8) | Container(9000).Row(9) | Container(9000).Row(10) | Container(9000).Row(11)]</visible>									
                    <posx>-90</posx>
                    <top>503</top>
                    <width>2100</width>
                    <height>1</height>
                    <aspectratio>stretch</aspectratio>
                    <texture colordiffuse="$VAR[diffuselines]">lines/Line1.png</texture>
                </control>
                <control type="image" description="Line">				
	            	<visible>!Skin.HasSetting(homelines) + [!Player.HasVideo | Skin.HasSetting(homevidpreview)]</visible>	
                    <visible>![Container(9000).Row(4) | Container(9000).Row(5) | Container(9000).Row(6) | Container(9000).Row(7) | Container(9000).Row(8) | Container(9000).Row(9) | Container(9000).Row(10) | Container(9000).Row(11)]</visible>									
                    <posx>-90</posx>
                    <top>537</top>
                    <width>2100</width>
                    <height>1</height>
                    <aspectratio>stretch</aspectratio>
                    <texture colordiffuse="$VAR[diffuselines]">lines/Line1.png</texture>
                </control>				
                <control type="rss" description="RSS Feed Top">
                    <visible>system.getbool(lookandfeel.enablerssfeeds)</visible>
	            	<visible>!Skin.HasSetting(homerss) + [!Player.HasVideo | Skin.HasSetting(homevidpreview)]</visible>
                    <visible>![Container(9000).Row(4) | Container(9000).Row(5) | Container(9000).Row(6) | Container(9000).Row(7) | Container(9000).Row(8) | Container(9000).Row(9) | Container(9000).Row(10) | Container(9000).Row(11)]</visible>				
                    <include>OpenClose</include>
                    <top>502</top>
                    <width>1920</width>
                    <height>33</height>
                    <font>size26</font>
                    <urlset>1</urlset>
                    <shadowcolor>-</shadowcolor>
                    <titlecolor>rsscolor</titlecolor>
                    <headlinecolor>rsscolor</headlinecolor>
                    <textcolor>rsscolor</textcolor>
                </control>				
				</control>
				<control type="rss" description="RSS Feed Bottom">
					<visible>system.getbool(lookandfeel.enablerssfeeds)</visible>
	            	<visible>Skin.HasSetting(homerss) + [!Player.HasVideo | Skin.HasSetting(homevidpreview)]</visible>
					<include>OpenClose</include>
					<posx>0</posx>
					<posy>1035</posy>
					<width>1920</width>
					<height>33</height>
					<font>size26</font>
					<urlset>1</urlset>
					<shadowcolor>rsscolor</shadowcolor>
					<titlecolor>rsscolor</titlecolor>
					<headlinecolor>rsscolor</headlinecolor>
					<textcolor>rsscolor</textcolor>
				</control>				
				<control type="image" description="TVLINE">
					<visible>!Skin.HasSetting(hideshelf)</visible>
					<include>ShelfFade</include>
					<animation effect="slide" end="485,0" time="400" condition="!Container(312).HasPrevious + !Skin.HasSetting(IntruderTV)">Conditional</animation>
					<visible>Container(9000).HasFocus(341) + !Skin.HasSetting(IntruderTV)</visible>
					<visible>Library.HasContent(TVShows)</visible>
					<left>-5</left>
					<top>30</top>
					<width>1</width>
					<height>450</height>
					<texture colordiffuse="$VAR[diffuselines]">lines/LineV.png</texture>
				</control>				
				<control type="image" description="homeshader">
					<visible>Skin.HasSetting(homeshader) + !IsEmpty(Skin.String(CustomBgHomeMAIN))</visible>
					<width>1920</width>
					<height>1082</height>
					<texture colordiffuse="$VAR[diffusehome]" diffuse="Shades/homeshader.png">$VAR[bgimghome]</texture>
					<aspectratio>scale</aspectratio>
				</control>					
				<control type="image" description="homeshader">
					<visible>Skin.HasSetting(homeshader) + IsEmpty(Skin.String(CustomBgHomeMAIN))</visible>
					<width>1920</width>
					<height>1082</height>
					<texture colordiffuse="black">Shades/homeshader.png</texture>
					<aspectratio>stretch</aspectratio>
				</control>				
            <control type="group" id="700" description="Shelf items">
				<!--visible>!Skin.HasSetting(hideshelf)</visible-->
				<visible>!Player.HasVideo</visible>
                <animation condition="![Container(9000).Row(0) | Container(9000).Row(1)]" effect="slide" start="0,0" end="0,-500" time="220">Conditonal</animation>
                <include>weather_shelf</include>
                <include condition="true">EPG_shelf</include>				
				<include>TV_FAVS</include>
				<!--include>MovieFavs</include-->								
				<include>Addon_Favorites1</include>				
                <include condition="!Skin.HasSetting(TVShelf_Watchlist)">TV_RA</include>
                <include condition="Skin.HasSetting(TVShelf_Watchlist)">TV_WL</include>
                <include condition="Skin.HasSetting(PicturesShelf_Custom)">Pictures_Shortcuts</include>
                <include condition="Skin.HasSetting(AddonsShelf_Custom)">Addons_Shortcuts</include>
                <include condition="Skin.HasSetting(hidetv) + Skin.HasSetting(hidemovie)">VAddons_Shortcuts</include>
                <include condition="System.HasAddon(script.tv.show.next.aired)">TV_NA</include>
                <include>Movies</include>
                <include>Music_RA</include>
							
                <include condition="!Skin.HasSetting(Favshelf1)">FAVSHELF1</include>
                <include condition="Skin.HasSetting(Favshelf1)">FAVSHELF2</include>				
							
                <control type="image" description="Logo">
                    <visible>![Control.IsVisible(303) | Control.IsVisible(302) | Control.IsVisible(301) | Control.IsVisible(321) | Control.IsVisible(318) | Control.IsVisible(316) | Control.IsVisible(311) | Control.IsVisible(312) | Control.IsVisible(319) | Control.IsVisible(313) | Control.IsVisible(315) | Control.IsVisible(314) | Container(9000).HasFocus(345) | Window.IsVisible(1190)]</visible>
                    <include>ShelfFade</include>
                    <width>1920</width>
                    <height>500</height>
                    <aspectratio aligny="bottom">keep</aspectratio>
                    <texture>$VAR[ShelfLogo]</texture>
                </control>
            </control>			
            <control type="group" id="700" description="Shelf items">
			    <visible>Skin.HasSetting(hideshelf)</visible>
                <animation condition="![Container(9000).Row(0) | Container(9000).Row(1)]" effect="slide" start="0,0" end="0,-500" time="220">Conditonal</animation>
            </control>						
        </control>
        <control type="group" description="Player Info">
            <visible>Player.HasAudio</visible>
            <visible>!IntegerGreaterThan(Player.Time,8) | !IntegerGreaterThan(Player.TimeRemaining,8)</visible>
            <animation effect="slide" tween="Sine" easing="Out" start="430,0" end="0,0" time="600" delay="200">VisibleChange</animation>
            <posx>1500</posx>
            <top>440</top>
            <control type="image" description="Playing BG">
                <width>430</width>
                <height>105</height>
                <texture border="20" colordiffuse="progressbg">images/progressbg.png</texture>
            </control>
            <control type="group">
                <control type="image">
                    <posx>18</posx>
                    <top>15</top>
                    <width>75</width>
                    <height>75</height>
                    <texture>$INFO[MusicPlayer.Cover]</texture>
                    <aspectratio>keep</aspectratio>
                </control>
                <control type="label">
                    <posx>110</posx>
                    <top>9</top>
                    <aligny>center</aligny>
                    <width>300</width>
                    <height>36</height>
                    <font>size24</font>
                    <textcolor>black</textcolor>
                    <label>$INFO[MusicPlayer.Title]</label>
                </control>
                <control type="label">
                    <posx>110</posx>
                    <top>36</top>
                    <aligny>center</aligny>
                    <width>300</width>
                    <height>36</height>
                    <font>size21</font>
                    <label>$INFO[MusicPlayer.Artist]</label>
                </control>
                <control type="label">
                    <posx>110</posx>
                    <top>60</top>
                    <aligny>center</aligny>
                    <width>300</width>
                    <height>36</height>
                    <font>size21</font>
                    <label>$INFO[MusicPlayer.Album]</label>
                </control>
            </control>
        </control>
        <!--control type="label">
            <description>SKIN VERSION</description>
            <right>10</right>
            <top>1055</top>
            <width>80</width>
            <height>30</height>
            <font>XS</font>
            <textcolor>$VAR[diffusetext]</textcolor>
            <align>right</align>
            <label>$INFO[System.AddonVersion(skin.co2)]</label>
        </control-->
        <control type="grouplist">
            <visible>[Container(9000).Row(0) | Container(9000).Row(1)] | Skin.HasSetting(hideshelf)</visible>
            <top>13</top>
            <right>20</right>
            <orientation>horizontal</orientation>
            <itemgap>15</itemgap>
            <align>right</align>
            <control type="label" description="Date">
                <visible>!Skin.HasSetting(HideClock)</visible>
                <width min="30" max="850">auto</width>
                <height>50</height>
                <font>Date</font>
                <label>$INFO[System.Date] -</label>
            </control>						
            <control type="label" description="Clock">
                <visible>!Skin.HasSetting(HideClock)</visible>
                <width min="30" max="850">auto</width>
                <height>50</height>
                <font>HomeClock</font>
                <label>$INFO[System.Time]</label>
            </control>		
        </control>		
	<control type="group" description="Weather Top">	
		<visible>Skin.HasSetting(hideshelf)</visible>
        <control type="grouplist">
            <top>8</top>
            <left>28</left>
            <orientation>horizontal</orientation>
            <itemgap>5</itemgap>
            <align>left</align>		
            <control type="label">
                <width>150</width>
                <height>60</height>
                <align>left</align>
				<font>Clock</font>
                <label>[B]$INFO[Weather.Temperature][/B]</label>
            </control>			
            <control type="image" description="Weather Icon">
                <width>70</width>
                <height>70</height>
                <texture></texture>
                <aspectratio>scale</aspectratio>
            </control>			
            <control type="label">
                <width>1754</width>
                <height>62</height>
                <align>left</align>
				<font>Clock</font>
                <label>$INFO[Weather.Location]</label>
            </control>															
        </control>
		<control type="image" description="Weather Icon">
            <top>-2</top>
			<width>90</width>            
            <left>167</left>	
            <height>80</height>
            <texture>$INFO[Window(Weather).Property(Day0.OutlookIcon)]</texture>
            <aspectratio>scale</aspectratio>
        </control>		
	</control>	
        <!--<control type="image" description="Current weather OVERLAY">-->
            <!--<visible>Skin.HasSetting(wehoov)</visible>-->
            <!--<height>1080</height>-->
            <!--<width>1920</width>-->
            <!--<aspectratio>stretch</aspectratio>-->
            <!--<texture>$INFO[Window(Weather).Property(Current.FanartCode),weatherhome/,.png]</texture>-->
        <!--</control>-->
        <!--<control type="image" description="Current weather OVERLAY">-->
        <!--<height>1080</height>-->
        <!--<width>1920</width>-->
        <!--<aspectratio>stretch</aspectratio>-->
        <!--<texture>weatherhome/36.png</texture>-->
        <!--</control>-->
        <!--<control type="multiimage">-->
        <!--<height>1080</height>-->
        <!--<width>1920</width>-->
        <!--<imagepath>weatherhome/</imagepath>-->
        <!--<timeperimage>1600</timeperimage>-->
        <!--</control>-->
    </controls>
</window>
