<?xml version="1.0" encoding="UTF-8"?>
<!--openelec-->
<window id="5533">
    <defaultcontrol always="true">1000</defaultcontrol>
    <allowoverlay>no</allowoverlay>
    <backgroundcolor>background</backgroundcolor>
    <controls>
        <include>BlackBackground</include>
        <control type="image">
            <top>81</top>
            <left>500</left>
            <width>1</width>
            <height>1000</height>
            <texture colordiffuse="$VAR[diffuselines]">lines/LineV.png</texture>
        </control>
        <control type="image">
            <top>80</top>
            <height>1</height>
            <width>1920</width>
            <texture colordiffuse="$VAR[diffuselines]">lines/Line.png</texture>
        </control>
        <control type="label">
            <width>1920</width>
            <height>80</height>
            <align>center</align>
            <font>size42B</font>
            <label>$ADDON[service.openelec.settings 600]</label>
        </control>
        <control type="image">
            <description>LOGO</description>
            <width>500</width>
            <height>80</height>
            <aspectratio>keep</aspectratio>
            <texture>openelec/OpenELEC_Logo.png</texture>
        </control>
        <control type="scrollbar" id="1097">
            <description>scroll bar indicator for lists</description>
            <left>30r</left>
            <top>90</top>
            <height>950</height>
            <onleft>1100</onleft>
            <onright>1500</onright>
            <orientation>vertical</orientation>
            <showonepage>false</showonepage>
            <visible>StringCompare(Container(1000).ListItem.Property(listTyp), 1100)</visible>
        </control>
        <control type="scrollbar" id="1098">
            <description>scroll bar indicator for lists</description>
            <left>30r</left>
            <top>90</top>
            <height>950</height>
            <onleft>1200</onleft>
            <onright>1500</onright>
            <orientation>vertical</orientation>
            <showonepage>false</showonepage>
            <visible>StringCompare(Container(1000).ListItem.Property(listTyp), 1200)</visible>
        </control>
        <control type="scrollbar" id="1099">
            <description>scroll bar indicator for lists</description>
            <left>30r</left>
            <top>90</top>
            <height>950</height>
            <onleft>1300</onleft>
            <onright>1500</onright>
            <orientation>vertical</orientation>
            <showonepage>false</showonepage>
            <visible>StringCompare(Container(1000).ListItem.Property(listTyp), 1300)</visible>
        </control>


        <!-- White Menu (left) -->
        <control type="list" id="1000">
            <top>81</top>
            <width>500</width>
            <height>541</height>
            <onleft>1500</onleft>
            <pagecontrol>-</pagecontrol>
            <scrolltime>300</scrolltime>
            <itemlayout height="81" width="500">
                <control type="label">
                    <width>480</width>
                    <height>81</height>
                    <align>right</align>
                    <aligny>center</aligny>
                    <font>size33</font>
                    <label>$INFO[ListItem.Label]</label>
                </control>
            </itemlayout>
            <focusedlayout height="81" width="500">
                <control type="image">
                    <width>500</width>
                    <height>81</height>
                    <texture flipx="true" colordiffuse="$VAR[diffuseselect]">images/buttonselect1.png</texture>
                    <animation effect="fade" end="50">unFocus</animation>
                </control>
                <control type="label">
                    <width>480</width>
                    <height>81</height>
                    <align>right</align>
                    <aligny>center</aligny>
                    <font>size33</font>
                    <label>$INFO[ListItem.Label]</label>
                </control>
            </focusedlayout>
        </control>

        <!-- Other Content (right)-->
        <control type="group">
            <left>500</left>
            <top>81</top>
            <width>1380</width>
            <height>972</height>
            <control type="group" id="1900">
                <visible>StringCompare(Container(1000).ListItem.Property(listTyp), 1900)</visible>
                <control type="image">
                    <right>60</right>
                    <top>20</top>
                    <width>200</width>
                    <height>200</height>
                    <texture border="1">openelec/logo_big.png</texture>
                </control>
                <control type="label">
                    <left>20</left>
                    <width>1000</width>
                    <height>81</height>
                    <align>left</align>
                    <aligny>center</aligny>
                    <label>[COLOR=Blue]$ADDON[service.openelec.settings 606] : [/COLOR] $INFO[Container(5533).Property(Distri)] ($INFO[Container(5533).Property(build)])</label>
                </control>
                <control type="label">
                    <left>20</left>
                    <top>82</top>
                    <width>1000</width>
                    <height>81</height>
                    <align>left</align>
                    <aligny>center</aligny>
                    <label>[COLOR=Blue]$ADDON[service.openelec.settings 607] : [/COLOR] $INFO[Container(5533).Property(Version)]</label>
                </control>
                <control type="label">
                    <left>20</left>
                    <top>163</top>
                    <width>1000</width>
                    <height>81</height>
                    <align>left</align>
                    <aligny>center</aligny>
                    <label>[COLOR=Blue]$ADDON[service.openelec.settings 608] : [/COLOR] $INFO[Container(5533).Property(Arch)]</label>
                </control>
                <control type="textbox">
                    <left>20</left>
                    <top>250</top>
                    <width>1320</width>
                    <height>160</height>
                    <font>font13</font>
                    <align>justify</align>
                    <label>$ADDON[service.openelec.settings 609]</label>
                </control>
                <control type="textbox">
                    <left>20</left>
                    <top>410</top>
                    <width>1320</width>
                    <height>250</height>
                    <font>font13</font>
                    <align>justify</align>
                    <label>$ADDON[service.openelec.settings 610]</label>
                </control>
                <control type="textbox">
                    <left>20</left>
                    <top>710</top>
                    <width>1320</width>
                    <height>350</height>
                    <font>font13</font>
                    <align>justify</align>
                    <label>$ADDON[service.openelec.settings 611]</label>
                </control>
            </control>
            <!-- simple list content -->
            <control type="list" id="1100">
                <width>1380</width>
                <height>972</height>
                <onleft>1000</onleft>
                <onright>1097</onright>
                <ondown>9000</ondown>
                <scrolltime>300</scrolltime>
                <pagecontrol>1097</pagecontrol>
                <visible>StringCompare(Container(1000).ListItem.Property(listTyp), 1100)</visible>
                <itemlayout height="81" width="1380">
                    <control type="group">
                        <visible>!StringCompare(ListItem.Property(Typ), separator)</visible>
                        <control type="label">
                            <left>40</left>
                            <width>980</width>
                            <height>81</height>
                            <aligny>center</aligny>
                            <info>ListItem.Label</info>
                        </control>
                        <control type="label">
                            <align>right</align>
                            <right>30</right>
                            <width>400</width>
                            <height>81</height>
                            <aligny>center</aligny>
                            <info>ListItem.Property(value)</info>
                            <visible>!StringCompare(ListItem.Property(Typ), bool) + !StringCompare(ListItem.Property(Typ), button)</visible>
                        </control>
                    </control>
                    <control type="label">
                        <visible>StringCompare(ListItem.Property(Typ), separator)</visible>
                        <left>15</left>
                        <width>400</width>
                        <height>81</height>
                        <font>font13_title</font>
                        <textcolor>gray</textcolor>
                        <info>ListItem.Label</info>
                    </control>
                    <control type="group">
                        <visible>StringCompare(ListItem.Property(Typ), bool)</visible>
                        <control type="image">
                            <left>1300</left>
                            <top>3</top>
                            <width>60</width>
                            <height>81</height>
                            <aspectratio>keep</aspectratio>
                            <texture border="5">images/radioOFF.png</texture>
                            <visible>StringCompare(ListItem.Property(value), 0) | StringCompare(ListItem.Property(value), false) | IsEmpty(ListItem.Property(value))</visible>
                        </control>
                        <control type="image">
                            <left>1300</left>
                            <top>3</top>
                            <width>60</width>
                            <height>81</height>
                            <aspectratio>keep</aspectratio>
                            <texture border="5">images/radioON.png</texture>
                            <visible>StringCompare(ListItem.Property(value), 1) | StringCompare(ListItem.Property(value), true)</visible>
                        </control>
                    </control>
                    <control type="group">
                        <visible>StringCompare(ListItem.Property(Typ), button)</visible>
                        <control type="image">
                            <left>1300</left>
                            <top>7</top>
                            <width>60</width>
                            <height>81</height>
                            <aspectratio>keep</aspectratio>
                            <texture border="5">openelec/do.png</texture>
                        </control>
                    </control>
                </itemlayout>
                <focusedlayout height="81" width="1380">
                    <control type="group">
                        <visible>!StringCompare(ListItem.Property(Typ), separator)</visible>
                        <control type="image">
                            <width>1380</width>
                            <height>81</height>
                            <visible>Control.HasFocus(1100)</visible>
                            <texture colordiffuse="$VAR[diffuseselect]">images/buttonselect1.png</texture>
                        </control>
                        <control type="label">
                            <left>40</left>
                            <width>980</width>
                            <height>81</height>
                            <aligny>center</aligny>
                            <info>ListItem.Label</info>
                        </control>
                        <control type="label">
                            <align>right</align>
                            <right>30</right>
                            <width>400</width>
                            <height>81</height>
                            <aligny>center</aligny>
                            <info>ListItem.Property(value)</info>
                            <visible>!StringCompare(ListItem.Property(Typ), bool) + !StringCompare(ListItem.Property(Typ), button)</visible>
                        </control>
                    </control>
                    <control type="label">
                        <visible>StringCompare(ListItem.Property(Typ), separator)</visible>
                        <left>15</left>
                        <width>400</width>
                        <height>81</height>
                        <font>font13_title</font>
                        <textcolor>gray</textcolor>
                        <info>ListItem.Label</info>
                    </control>
                    <control type="group">
                        <visible>StringCompare(ListItem.Property(Typ), bool)</visible>
                        <control type="image">
                            <left>1300</left>
                            <top>3</top>
                            <width>60</width>
                            <height>81</height>
                            <aspectratio>keep</aspectratio>
                            <texture border="5">images/radioOFF.png</texture>
                            <visible>StringCompare(ListItem.Property(value), 0) | StringCompare(ListItem.Property(value), false) | IsEmpty(ListItem.Property(value))</visible>
                        </control>
                        <control type="image">
                            <left>1300</left>
                            <top>3</top>
                            <width>60</width>
                            <height>81</height>
                            <aspectratio>keep</aspectratio>
                            <texture border="5">images/radioON.png</texture>
                            <visible>StringCompare(ListItem.Property(value), 1) | StringCompare(ListItem.Property(value), true)</visible>
                        </control>
                    </control>
                    <control type="group">
                        <visible>StringCompare(ListItem.Property(Typ), button)</visible>
                        <control type="image">
                            <left>1300</left>
                            <top>7</top>
                            <width>60</width>
                            <height>81</height>
                            <aspectratio>keep</aspectratio>
                            <texture border="5">openelec/do.png</texture>
                        </control>
                    </control>
                </focusedlayout>
            </control>
            <!-- Network Menu Content -->
            <control type="list" id="1200">
                <width>1380</width>
                <height>972</height>
                <onleft>1000</onleft>
                <onright>1098</onright>
                <pagecontrol>1098</pagecontrol>
                <scrolltime>300</scrolltime>
                <visible>StringCompare(Container(1000).ListItem.Property(listTyp), 1200)</visible>
                <itemlayout height="162" width="1380">
                    <!-- Icon ethernet -->
                    <control type="image">
                        <width>80</width>
                        <height>162</height>
                        <aspectratio>keep</aspectratio>
                        <visible>StringCompare(ListItem.Property(netType), ethernet)</visible>
                        <texture>openelec/eth.png</texture>
                    </control>
                    <!-- Icon wifi -->
                    <control type="image">
                        <width>80</width>
                        <height>162</height>
                        <aspectratio>keep</aspectratio>
                        <visible>StringCompare(ListItem.Property(netType), wifi)</visible>
                        <texture>openelec/wlan.png</texture>
                    </control>
                    <!-- Icon vpn -->
                    <control type="image">
                        <width>80</width>
                        <height>162</height>
                        <aspectratio>keep</aspectratio>
                        <visible>StringCompare(ListItem.Property(netType), vpn)</visible>
                        <texture>openelec/vpn.png</texture>
                    </control>
                    <!-- Connection Name -->
                    <control type="label">
                        <left>110</left>
                        <width>770</width>
                        <height>81</height>
                        <font>Size33B</font>
                        <info>ListItem.Label</info>
                    </control>
                    <!-- Interface -->
                    <control type="label">
                        <left>110</left>
                        <top>81</top>
                        <width>350</width>
                        <height>81</height>
                        <label>$ADDON[service.openelec.settings 601]: [COLOR=Red]$INFO[ListItem.Property(Interface)][/COLOR]</label>
                        <visible>!IsEmpty(ListItem.Property(Interface))</visible>
                    </control>
                    <!-- Connection Address -->
                    <control type="label">
                        <left>470</left>
                        <top>81</top>
                        <width>400</width>
                        <height>81</height>
                        <label>$ADDON[service.openelec.settings 602]: [COLOR=Red]$INFO[ListItem.Property(Address)][/COLOR]</label>
                        <visible>StringCompare(ListItem.Property(State), online) | StringCompare(ListItem.Property(State), ready)</visible>
                    </control>
                    <!-- Method -->
                    <control type="label">
                        <left>950</left>
                        <width>350</width>
                        <height>81</height>
                        <label>$ADDON[service.openelec.settings 603]: [COLOR=Red]$INFO[ListItem.Property(Method)][/COLOR]</label>
                    </control>
                    <!-- State -->
                    <control type="label">
                        <left>950</left>
                        <top>81</top>
                        <width>350</width>
                        <height>81</height>
                        <label>$ADDON[service.openelec.settings 604]: [COLOR=Red]$INFO[ListItem.Property(State)][/COLOR]</label>
                    </control>
                    <!-- Signal strength -->
                    <control type="progress">
                        <left>20</left>
                        <top>148</top>
                        <width>1200</width>
                        <height>9</height>
                        <texturebg border="4">progress/ProgressBG.png</texturebg>
                        <midtexture border="4">progress/ProgressM.png</midtexture>
                        <righttexture border="4">progress/ProgressR.png</righttexture>
                        <lefttexture border="4">progress/ProgressL.png</lefttexture>
                        <info>ListItem.Property(Strength)</info>
                        <visible>StringCompare(ListItem.Property(netType), wifi)</visible>
                    </control>
                    <!-- Online Symbol (top right) -->
                    <control type="image">
                        <top>6</top>
                        <left>1300</left>
                        <width>60</width>
                        <height>60</height>
                        <aspectratio>keep</aspectratio>
                        <visible>StringCompare(ListItem.Property(State), online)</visible>
                        <texture colordiffuse="White">openelec/connected.png</texture>
                    </control>
                    <!-- Favorite Symbol (bottom right) -->
                    <control type="image">
                        <top>56</top>
                        <left>1300</left>
                        <width>50</width>
                        <height>50</height>
                        <aspectratio>keep</aspectratio>
                        <visible>StringCompare(ListItem.Property(Favorite), 1)</visible>
                        <texture colordiffuse="White">openelec/Favorite.png</texture>
                    </control>
                    <!-- Secure Symbol (bottom right) -->
                    <control type="image">
                        <top>106</top>
                        <left>1300</left>
                        <width>50</width>
                        <height>50</height>
                        <aspectratio>keep</aspectratio>
                        <visible>IntegerGreaterThan(ListItem.Property(Security), 0)</visible>
                        <texture colordiffuse="White">openelec/Key.png</texture>
                    </control>
                </itemlayout>
                <focusedlayout height="162">
                    <control type="image">
                        <visible>Control.HasFocus(1200)</visible>
                        <width>1360</width>
                        <height>162</height>
                        <texture colordiffuse="$VAR[diffuseselect]">images/white.png</texture>
                    </control>
                    <!-- Icon ethernet -->
                    <control type="image">
                        <width>80</width>
                        <height>162</height>
                        <aspectratio>keep</aspectratio>
                        <visible>StringCompare(ListItem.Property(netType), ethernet)</visible>
                        <texture colordiffuse="White">openelec/eth.png</texture>
                    </control>
                    <!-- Icon wifi -->
                    <control type="image">
                        <width>80</width>
                        <height>162</height>
                        <aspectratio>keep</aspectratio>
                        <visible>StringCompare(ListItem.Property(netType), wifi)</visible>
                        <texture colordiffuse="White">openelec/wlan.png</texture>
                    </control>
                    <!-- Icon vpn -->
                    <control type="image">
                        <width>80</width>
                        <height>162</height>
                        <aspectratio>keep</aspectratio>
                        <visible>StringCompare(ListItem.Property(netType), vpn)</visible>
                        <texture colordiffuse="White">openelec/vpn.png</texture>
                    </control>
                    <!-- Connection Name -->
                    <control type="label">
                        <left>110</left>
                        <width>770</width>
                        <height>81</height>
                        <font>Size33B</font>
                        <info>ListItem.Label</info>
                    </control>
                    <!-- Interface -->
                    <control type="label">
                        <left>110</left>
                        <top>81</top>
                        <width>350</width>
                        <height>81</height>
                        <label>$ADDON[service.openelec.settings 601]: [COLOR=Red]$INFO[ListItem.Property(Interface)][/COLOR]</label>
                        <visible>!IsEmpty(ListItem.Property(Interface))</visible>
                    </control>
                    <!-- Connection Address -->
                    <control type="label">
                        <left>470</left>
                        <top>81</top>
                        <width>400</width>
                        <height>81</height>
                        <label>$ADDON[service.openelec.settings 602]: [COLOR=Red]$INFO[ListItem.Property(Address)][/COLOR]</label>
                        <visible>StringCompare(ListItem.Property(State), online) | StringCompare(ListItem.Property(State), ready)</visible>
                    </control>
                    <!-- Method -->
                    <control type="label">
                        <left>950</left>
                        <width>350</width>
                        <height>81</height>
                        <label>$ADDON[service.openelec.settings 603]: [COLOR=Red]$INFO[ListItem.Property(Method)][/COLOR]</label>
                    </control>
                    <!-- State -->
                    <control type="label">
                        <left>950</left>
                        <top>81</top>
                        <width>350</width>
                        <height>81</height>
                        <label>$ADDON[service.openelec.settings 604]: [COLOR=Red]$INFO[ListItem.Property(State)][/COLOR]</label>
                    </control>
                    <!-- Signal strength -->
                    <control type="progress">
                        <left>20</left>
                        <top>148</top>
                        <width>1200</width>
                        <height>9</height>
                        <texturebg border="4">progress/ProgressBG.png</texturebg>
                        <midtexture border="4">progress/ProgressM.png</midtexture>
                        <righttexture border="4">progress/ProgressR.png</righttexture>
                        <lefttexture border="4">progress/ProgressL.png</lefttexture>
                        <info>ListItem.Property(Strength)</info>
                        <visible>StringCompare(ListItem.Property(netType), wifi)</visible>
                    </control>
                    <!-- Online Symbol (top right) -->
                    <control type="image">
                        <top>6</top>
                        <left>1300</left>
                        <width>60</width>
                        <height>60</height>
                        <aspectratio>keep</aspectratio>
                        <visible>StringCompare(ListItem.Property(State), online)</visible>
                        <texture colordiffuse="White">openelec/connected.png</texture>
                    </control>
                    <!-- Favorite Symbol (bottom right) -->
                    <control type="image">
                        <top>56</top>
                        <left>1300</left>
                        <width>50</width>
                        <height>50</height>
                        <aspectratio>keep</aspectratio>
                        <visible>StringCompare(ListItem.Property(Favorite), 1)</visible>
                        <texture colordiffuse="White">openelec/Favorite.png</texture>
                    </control>
                    <!-- Secure Symbol (bottom right) -->
                    <control type="image">
                        <top>106</top>
                        <left>1300</left>
                        <width>50</width>
                        <height>50</height>
                        <aspectratio>keep</aspectratio>
                        <visible>IntegerGreaterThan(ListItem.Property(Security), 0)</visible>
                        <texture colordiffuse="White">openelec/Key.png</texture>
                    </control>
                </focusedlayout>
            </control>

            <!--todo bluetooh-->
            <!-- Bluetooth Menu Content -->
            <control type="label" id="1301">
                <left>0</left>
                <width>1380</width>
                <height>220</height>
                <info></info>
                <align>center</align>
                <visible>StringCompare(Container(1000).ListItem.Property(listTyp), 1300) + StringCompare(Container(1300).NumItems, 0)</visible>
            </control>
            <control type="list" id="1300">
                <width>1380</width>
                <height>972</height>
                <onleft>1000</onleft>
                <onright>1099</onright>
                <pagecontrol>1099</pagecontrol>
                <scrolltime>300</scrolltime>
                <visible>StringCompare(Container(1000).ListItem.Property(listTyp), 1300)</visible>
                <itemlayout height="81">
                    <!-- default -->
                    <control type="image">
                        <left>15</left>
                        <top>12</top>
                        <width>48</width>
                        <height>48</height>
                        <aspectratio>keep</aspectratio>
                        <visible>StringCompare(ListItem.Property(Icon), default)</visible>
                        <texture colordiffuse="White">bt.png</texture>
                    </control>
                    <!-- modem -->
                    <control type="image">
                        <left>15</left>
                        <top>12</top>
                        <width>48</width>
                        <height>48</height>
                        <aspectratio>keep</aspectratio>
                        <visible>StringCompare(ListItem.Property(Icon), modem)</visible>
                        <texture>bt-modem.png</texture>
                    </control>
                    <!-- audio -->
                    <control type="image">
                        <left>15</left>
                        <top>12</top>
                        <width>48</width>
                        <height>48</height>
                        <aspectratio>keep</aspectratio>
                        <visible>StringCompare(ListItem.Property(Icon), audio-card)</visible>
                        <texture>bt-audio-card.png</texture>
                    </control>
                    <!-- Camera Photo -->
                    <control type="image">
                        <left>15</left>
                        <top>12</top>
                        <width>48</width>
                        <height>48</height>
                        <aspectratio>keep</aspectratio>
                        <visible>StringCompare(ListItem.Property(Icon), camera-photo)</visible>
                        <texture>bt-camera-photo.png</texture>
                    </control>
                    <!-- Icon phone -->
                    <control type="image">
                        <left>15</left>
                        <top>12</top>
                        <width>48</width>
                        <height>48</height>
                        <aspectratio>keep</aspectratio>
                        <visible>StringCompare(ListItem.Property(Icon), phone)</visible>
                        <texture>bt-phone.png</texture>
                    </control>
                    <!-- camera-video -->
                    <control type="image">
                        <left>15</left>
                        <top>12</top>
                        <width>48</width>
                        <height>48</height>
                        <aspectratio>keep</aspectratio>
                        <visible>StringCompare(ListItem.Property(Icon), camera-video)</visible>
                        <texture>bt-camera-video.png</texture>
                    </control>
                    <!-- input-mouse -->
                    <control type="image">
                        <left>15</left>
                        <top>12</top>
                        <width>48</width>
                        <height>48</height>
                        <aspectratio>keep</aspectratio>
                        <visible>StringCompare(ListItem.Property(Icon), input-mouse)</visible>
                        <texture>bt-input-mouse.png</texture>
                    </control>
                    <!-- input-gaming -->
                    <control type="image">
                        <left>15</left>
                        <top>12</top>
                        <width>48</width>
                        <height>48</height>
                        <aspectratio>keep</aspectratio>
                        <visible>StringCompare(ListItem.Property(Icon), input-gaming)</visible>
                        <texture>bt-input-gaming.png</texture>
                    </control>
                    <!-- input-keyboard -->
                    <control type="image">
                        <left>15</left>
                        <top>12</top>
                        <width>48</width>
                        <height>48</height>
                        <aspectratio>keep</aspectratio>
                        <visible>StringCompare(ListItem.Property(Icon), input-keyboard)</visible>
                        <texture>bt-input-keyboard.png</texture>
                    </control>
                    <!-- input-tablet -->
                    <control type="image">
                        <left>15</left>
                        <top>12</top>
                        <width>48</width>
                        <height>48</height>
                        <aspectratio>keep</aspectratio>
                        <visible>StringCompare(ListItem.Property(Icon), input-tablet)</visible>
                        <texture>bt-input-tablet.png</texture>
                    </control>
                    <!-- Printer -->
                    <control type="image">
                        <left>15</left>
                        <top>12</top>
                        <width>48</width>
                        <height>48</height>
                        <aspectratio>keep</aspectratio>
                        <visible>StringCompare(ListItem.Property(Icon), printer)</visible>
                        <texture>bt-printer.png</texture>
                    </control>
                    <!-- Computer -->
                    <control type="image">
                        <left>15</left>
                        <top>12</top>
                        <width>48</width>
                        <height>48</height>
                        <aspectratio>keep</aspectratio>
                        <visible>StringCompare(ListItem.Property(Icon), computer)</visible>
                        <texture>bt-computer.png</texture>
                    </control>
                    <!-- Connection Name -->
                    <control type="label">
                        <left>120</left>
                        <top>10</top>
                        <width>390</width>
                        <height>30</height>
                        <font>font24_title</font>
                        <textcolor>Blue</textcolor>
                        <info>ListItem.Label</info>

                    </control>
                    <!-- Connection Address -->
                    <control type="label">
                        <left>120</left>
                        <top>42</top>
                        <width>350</width>
                        <height>20</height>
                        <font>font12</font>
                        <textcolor>Blue</textcolor>
                        <label>$ADDON[service.openelec.settings 605]: [COLOR=White]$INFO[ListItem.Property(Address)][/COLOR]</label>
                    </control>
                    <!-- Connected State -->
                    <control type="label">
                        <left>520</left>
                        <top>42</top>
                        <width>350</width>
                        <height>20</height>
                        <font>font12</font>
                        <textcolor>Blue</textcolor>
                        <label>$INFO[ListItem.Property(ConnectedState)]</label>
                    </control>
                    <!-- Paired Symbol (bottom right) -->
                    <control type="image">
                        <left>720</left>
                        <top>42</top>
                        <width>20</width>
                        <height>20</height>
                        <aspectratio>keep</aspectratio>
                        <visible>StringCompare(ListItem.Property(Paired), 1)</visible>
                        <texture colordiffuse="White">Favorite.png</texture>
                    </control>
                    <!-- Trusted Symbol (bottom right) -->
                    <control type="image">
                        <left>750</left>
                        <top>42</top>
                        <width>20</width>
                        <height>20</height>
                        <aspectratio>keep</aspectratio>
                        <visible>IntegerGreaterThan(ListItem.Property(Trusted), 0)</visible>
                        <texture colordiffuse="White">Key.png</texture>
                    </control>
                </itemlayout>
                <focusedlayout height="81">
                    <control type="image">
                        <left>0</left>
                        <top>0</top>
                        <width>788</width>
                        <height>68</height>
                        <texture border="5">button-nofocus.png</texture>
                    </control>
                    <control type="image">
                        <left>0</left>
                        <top>0</top>
                        <width>788</width>
                        <height>68</height>
                        <visible>Control.HasFocus(1300)</visible>
                        <texture border="5">button-focus2.png</texture>
                        <animation type="Visible" reversible="false">
                            <effect type="fade" start="0" end="100" time="300" />
                        </animation>
                    </control>
                    <!-- default -->
                    <control type="image">
                        <left>15</left>
                        <top>12</top>
                        <width>48</width>
                        <height>48</height>
                        <aspectratio>keep</aspectratio>
                        <visible>StringCompare(ListItem.Property(Icon), default)</visible>
                        <texture colordiffuse="White">bt.png</texture>
                    </control>
                    <!-- modem -->
                    <control type="image">
                        <left>15</left>
                        <top>12</top>
                        <width>48</width>
                        <height>48</height>
                        <aspectratio>keep</aspectratio>
                        <visible>StringCompare(ListItem.Property(Icon), modem)</visible>
                        <texture>bt-modem.png</texture>
                    </control>
                    <!-- audio -->
                    <control type="image">
                        <left>15</left>
                        <top>12</top>
                        <width>48</width>
                        <height>48</height>
                        <aspectratio>keep</aspectratio>
                        <visible>StringCompare(ListItem.Property(Icon), audio-card)</visible>
                        <texture>bt-audio-card.png</texture>
                    </control>
                    <!-- Camera Photo -->
                    <control type="image">
                        <left>15</left>
                        <top>12</top>
                        <width>48</width>
                        <height>48</height>
                        <aspectratio>keep</aspectratio>
                        <visible>StringCompare(ListItem.Property(Icon), camera-photo)</visible>
                        <texture>bt-camera-photo.png</texture>
                    </control>
                    <!-- Icon phone -->
                    <control type="image">
                        <left>15</left>
                        <top>12</top>
                        <width>48</width>
                        <height>48</height>
                        <aspectratio>keep</aspectratio>
                        <visible>StringCompare(ListItem.Property(Icon), phone)</visible>
                        <texture>bt-phone.png</texture>
                    </control>
                    <!-- camera-video -->
                    <control type="image">
                        <left>15</left>
                        <top>12</top>
                        <width>48</width>
                        <height>48</height>
                        <aspectratio>keep</aspectratio>
                        <visible>StringCompare(ListItem.Property(Icon), camera-video)</visible>
                        <texture>bt-camera-video.png</texture>
                    </control>
                    <!-- input-mouse -->
                    <control type="image">
                        <left>15</left>
                        <top>12</top>
                        <width>48</width>
                        <height>48</height>
                        <aspectratio>keep</aspectratio>
                        <visible>StringCompare(ListItem.Property(Icon), input-mouse)</visible>
                        <texture>bt-input-mouse.png</texture>
                    </control>
                    <!-- input-gaming -->
                    <control type="image">
                        <left>15</left>
                        <top>12</top>
                        <width>48</width>
                        <height>48</height>
                        <aspectratio>keep</aspectratio>
                        <visible>StringCompare(ListItem.Property(Icon), input-gaming)</visible>
                        <texture>bt-input-gaming.png</texture>
                    </control>
                    <!-- input-keyboard -->
                    <control type="image">
                        <left>15</left>
                        <top>12</top>
                        <width>48</width>
                        <height>48</height>
                        <aspectratio>keep</aspectratio>
                        <visible>StringCompare(ListItem.Property(Icon), input-keyboard)</visible>
                        <texture>bt-input-keyboard.png</texture>
                    </control>
                    <!-- input-tablet -->
                    <control type="image">
                        <left>15</left>
                        <top>12</top>
                        <width>48</width>
                        <height>48</height>
                        <aspectratio>keep</aspectratio>
                        <visible>StringCompare(ListItem.Property(Icon), input-tablet)</visible>
                        <texture>bt-input-tablet.png</texture>
                    </control>
                    <!-- Printer -->
                    <control type="image">
                        <left>15</left>
                        <top>12</top>
                        <width>48</width>
                        <height>48</height>
                        <aspectratio>keep</aspectratio>
                        <visible>StringCompare(ListItem.Property(Icon), printer)</visible>
                        <texture>bt-printer.png</texture>
                    </control>
                    <!-- Computer -->
                    <control type="image">
                        <left>15</left>
                        <top>12</top>
                        <width>48</width>
                        <height>48</height>
                        <aspectratio>keep</aspectratio>
                        <visible>StringCompare(ListItem.Property(Icon), computer)</visible>
                        <texture>bt-computer.png</texture>
                    </control>
                    <!-- Connection Name -->
                    <control type="label">
                        <left>120</left>
                        <top>10</top>
                        <width>390</width>
                        <height>30</height>
                        <font>font24_title</font>
                        <textcolor>Blue</textcolor>
                        <info>ListItem.Label</info>

                    </control>
                    <!-- Connection Address -->
                    <control type="label">
                        <left>120</left>
                        <top>42</top>
                        <width>350</width>
                        <height>20</height>
                        <font>font12</font>
                        <textcolor>Blue</textcolor>
                        <label>$ADDON[service.openelec.settings 605]: [COLOR=White]$INFO[ListItem.Property(Address)][/COLOR]</label>
                    </control>
                    <!-- Connected State -->
                    <control type="label">
                        <left>520</left>
                        <top>42</top>
                        <width>350</width>
                        <height>20</height>
                        <font>font12</font>
                        <textcolor>Blue</textcolor>
                        <label>$INFO[ListItem.Property(ConnectedState)]</label>
                    </control>
                    <!-- Paired Symbol (bottom right) -->
                    <control type="image">
                        <left>720</left>
                        <top>42</top>
                        <width>20</width>
                        <height>20</height>
                        <aspectratio>keep</aspectratio>
                        <visible>StringCompare(ListItem.Property(Paired), 1)</visible>
                        <texture colordiffuse="White">Favorite.png</texture>
                    </control>
                    <!-- Trusted Symbol (bottom right) -->
                    <control type="image">
                        <left>750</left>
                        <top>42</top>
                        <width>20</width>
                        <height>20</height>
                        <aspectratio>keep</aspectratio>
                        <visible>IntegerGreaterThan(ListItem.Property(Trusted), 0)</visible>
                        <texture colordiffuse="White">Key.png</texture>
                    </control>
                </focusedlayout>
            </control>
        </control>


        <control type="group">
            <top>780</top>
            <visible>!Control.HasFocus(20)</visible>
            <animation effect="slide" start="-620,0" end="0,0" time="500" reversible="true" delay="100">VisibleChange</animation>
            <!--control type="image">
                <left>-100</left>
                <width>620</width>
                <height>285</height>
                <texture border="50">sidepanel/Back.png</texture>
            </control-->
            <control type="image">
                <left>0</left>
                <width>496</width>
                <height>161</height>
                <texture colordiffuse="$VAR[diffusemenu]">$VAR[bgimg2]</texture>
				<aspectratio>scale</aspectratio>
            </control>
            <control type="image">
                <left>0</left>
                <width>500</width>
                <height>165</height>
                <texture colordiffuse="$VAR[diffuseborder]">borders/backborder.png</texture>
            </control>			
            <control type="textbox" id="90">
                <top>20</top>
                <left>10</left>
                <width>470</width>
                <height>240</height>
                <font>size24</font>
                <label>$INFO[Container(5533).Property(InfoText)]</label>
                <align>justify</align>
            </control>
        </control>


        <control type="grouplist" id="9000">
            <width>1380</width>
            <top>1000</top>
            <left>500</left>
            <align>center</align>
            <orientation>horizontal</orientation>
            <itemgap>0</itemgap>
            <onup>1100</onup>
            <control type="button" id="1504">
                <width>300</width>
                <height>81</height>
                <label>
                </label>
                <align>center</align>
                <visible>!IsEmpty(Control.GetLabel(1504))</visible>
            </control>
            <control type="button" id="1503">
                <width>300</width>
                <height>81</height>
                <label>
                </label>
                <align>center</align>
                <visible>!IsEmpty(Control.GetLabel(1503))</visible>
            </control>
            <control type="button" id="1502">
                <width>300</width>
                <height>81</height>
                <label>
                </label>
                <align>center</align>
                <visible>!IsEmpty(Control.GetLabel(1502))</visible>
            </control>
            <control type="button" id="1501">
                <width>300</width>
                <height>81</height>
                <label>
                </label>
                <align>center</align>
                <visible>!IsEmpty(Control.GetLabel(1501))</visible>
            </control>
            <control type="button" id="1500">
                <width>300</width>
                <height>81</height>
                <label>
                </label>
                <align>center</align>
                <visible>!IsEmpty(Control.GetLabel(1500))</visible>
            </control>

        </control>
    </controls>
</window>
