<?xml version="1.0" encoding="UTF-8"?>
<window type="dialog" id="1118">
    <defaultcontrol always="true">9000</defaultcontrol>
    <include>DialogOpenClose</include>
    <controls>
        <control type="group" description="choiceAddons">
            <include>DialogOpenCloseVisible</include>
	
            <control type="image" description="List back">
                <centerleft>960</centerleft>
                <centertop>540</centertop>
                <width>802</width>
                <height>520</height>
                <aspectratio>stretch</aspectratio>
				<include condition="IsEmpty(Skin.String(CustomBgDialog)) + IsEmpty(Skin.String(CustomBgHome)) + ![Skin.HasTheme(Dark)|Skin.HasTheme(White)]">DialogTexture</include>
				<include condition="!IsEmpty(Skin.String(CustomBgDialog)) | !IsEmpty(Skin.String(CustomBgHome)) | Skin.HasTheme(Dark) | Skin.HasTheme(White)">DialogTextureBG</include>
            </control>	
            <control type="image" description="List back diffuse">
                <centerleft>960</centerleft>
                <centertop>540</centertop>
                <width>802</width>
                <height>520</height>
                <aspectratio>stretch</aspectratio>
				<texture border="50" colordiffuse="$VAR[diffusedialog]" diffuse="images/DialogDiffuse.png">images/whitebg.png</texture>
            </control>
			<control type="image" description="List back border">
			  <centerleft>960</centerleft>
			  <centertop>540</centertop>
              <width>738</width>
              <height>456</height>
			  <aspectratio>stretch</aspectratio>
			  <texture>$VAR[BorderColor]</texture>	  
			</control>		
<!--			
            <control type="image" description="List back">
                <centerleft>960</centerleft>
                <centertop>540</centertop>
                <width>802</width>
                <height>450</height>
                <aspectratio>stretch</aspectratio>
                <texture border="50">$VAR[ContextMenu]</texture>
                <!--colordiffuse>dialog</colordiffuse>
            </control>
-->					
            <control type="grouplist" id="9000">
                <centertop>540</centertop>
                <height>400</height>
                <align>center</align>
                <include>DialogGLs</include>
                <control type="button" id="699">
                    <include>DialogButt</include>
                    <label>1037</label>
                    <onclick>Close</onclick>
                    <onclick>ActivateWindow(Videos,Addons)</onclick>
                </control>
                <control type="button" id="700">
                    <include>DialogButt</include>
                    <label>1038</label>
                    <onclick>Close</onclick>
                    <onclick>ActivateWindow(Music,Addons)</onclick>
                </control>
                <control type="button" id="701">
                    <include>DialogButt</include>
                    <label>0</label>
                    <onclick>Close</onclick>
                    <onclick>ActivateWindow(Programs,addons://sources/executable/,return)</onclick>
                </control>
                <control type="button" id="702">
                    <include>DialogButt</include>
                    <label>222</label>
                    <onclick>Close</onclick>
                </control>
            </control>
        </control>
    </controls>
</window>