<?xml version="1.0" encoding="UTF-8"?>
<window id="1617">
    <defaultcontrol always="true">52</defaultcontrol>
    <include>OpenClose</include>
    <controls>
        <include>OtherBackground</include>
        <control type="label" description="Heading">
            <left>495</left>
            <top>20</top>
            <width>930</width>
            <height>75</height>
            <align>center</align>
            <aligny>bottom</aligny>
            <font>size42B</font>
            <textcolor>white</textcolor>
            <label>$LOCALIZE[31040]</label>
        </control>
        <control type="image" description="THUMB">
            <centerleft>480</centerleft>
            <centertop>540</centertop>
            <height>400</height>
            <width>400</width>
            <texture>icons/addons.png</texture>
            <aspectratio>keep</aspectratio>
        </control>
        <control type="grouplist" id="52">
            <left>1000</left>
            <top>110</top>
            <width>800</width>
            <height>200</height>
            <onup>50</onup>
            <onleft>50</onleft>
            <onright>50</onright>
            <ondown>noop</ondown>
            <itemgap>15</itemgap>
            <pagecontrol>60</pagecontrol>
            <scrolltime tween="sine" easing="inout">280</scrolltime>
            <control type="radiobutton" id="503" description="Custom">
                <include>SettingsSubmenuButtons</include>
                <label>31051</label>
                <onclick>Skin.ToggleSetting(AddonsShelf_Custom)</onclick>
                <selected>Skin.HasSetting(AddonsShelf_Custom)</selected>
            </control>
            <control type="button" id="504" description="customize">
                <visible>Skin.HasSetting(AddonsShelf_Custom)</visible>
                <include>SettingsSubmenuButtons</include>
                <label>Customize</label>
                <onclick>RunScript(script.skinshortcuts,type=manage&amp;group=24001)</onclick>
            </control>
        </control>
        <control type="list">
            <left>1000</left>
            <top>320</top>
            <width>800</width>
            <height>760</height>
            <onup>noop</onup>
            <ondown>noop</ondown>
            <onleft>noop</onleft>
            <onright>noop</onright>
            <pagecontrol>25</pagecontrol>
            <autoscroll>true</autoscroll>
            <scrolltime tween="sine" easing="out">200</scrolltime>
            <onclick>noop</onclick>
            <itemlayout height="80">
                <control type="image">
                    <centertop>40</centertop>
                    <width>60</width>
                    <height>60</height>
                    <info>ListItem.Icon</info>
                    <aspectratio>keep</aspectratio>
                </control>
                <control type="label">
                    <left>50</left>
                    <include>SettingsSubmenuButtons</include>
                    <info>ListItem.Label</info>
                </control>
            </itemlayout>
            <focusedlayout height="80">
                <control type="image">
                    <centertop>40</centertop>
                    <width>60</width>
                    <height>60</height>
                    <info>ListItem.Icon</info>
                    <aspectratio>keep</aspectratio>
                </control>
                <control type="label">
                    <left>50</left>
                    <include>SettingsSubmenuButtons</include>
                    <info>ListItem.Label</info>
                </control>
            </focusedlayout>
            <content><include>skinshortcuts-group-num-24001</include></content>
        </control>
    </controls>
</window>
