<?xml version="1.0" encoding="UTF-8"?>
<window type="dialog" id="1801">
  <defaultcontrol>9000</defaultcontrol>
  <include>DialogOpenClose</include>
  <controls>

	<control type="image" description="List back border">
	  <centerleft>960</centerleft>
	  <centertop>540</centertop>
	  <width>738</width>
	  <height>888</height>
	  <aspectratio>stretch</aspectratio>
	  <texture>$VAR[BorderColor]</texture>	  
	</control>	
	<control type="image" description="List back">
		<centerleft>960</centerleft>
		<centertop>540</centertop>
		<width>802</width>
		<height>1000</height>
		<aspectratio>stretch</aspectratio>
		<include condition="IsEmpty(Skin.String(CustomBgDialog)) + IsEmpty(Skin.String(CustomBgHome)) + ![Skin.HasTheme(Dark)|Skin.HasTheme(White)]">DialogTexture</include>
		<include condition="!IsEmpty(Skin.String(CustomBgDialog)) | !IsEmpty(Skin.String(CustomBgHome)) | Skin.HasTheme(Dark) | Skin.HasTheme(White)">DialogTextureBG</include>	
	</control>	
	<control type="image" description="List back diffuse">
		<centerleft>960</centerleft>
		<centertop>540</centertop>
		<width>802</width>
		<height>1000</height>
		<aspectratio>stretch</aspectratio>
		<texture border="50" colordiffuse="$VAR[diffusedialog]" diffuse="images/DialogDiffuse.png">images/whitebg.png</texture>
	</control> 
  
<!--  
    <control type="image" description="List back">
      <centerleft>960</centerleft>
      <centertop>540</centertop>
      <width>802</width>
      <height>640</height>
      <aspectratio>stretch</aspectratio>
      <texture border="50">$VAR[ContextMenu]</texture>
      <!--colordiffuse>dialog</colordiffuse>
    </control>
-->
    <control type="grouplist" id="9000">
      <centertop>522</centertop>
      <height>844</height>
      <align>center</align>
      <include>DialogGLs</include> 
	  <control type="label" id="99" description="Dialog heading">
		<width>525</width>
		<height>112</height>
		<label>$LOCALIZE[31090]</label>
		<align>center</align>
		<aligny>center</aligny>
		<font>size30</font>
		<textcolor>darktextunfo</textcolor>
	  </control>
	  <control type="radiobutton" id="1">
		<label>$LOCALIZE[353]</label>
		<onclick>Skin.ToggleSetting(Black-HomeBG)</onclick>	
		<onclick condition="Skin.HasSetting(Red-HomeBG)">Skin.ToggleSetting(Red-HomeBG)</onclick>			
		<onclick condition="Skin.HasSetting(Orange-HomeBG)">Skin.ToggleSetting(Orange-HomeBG)</onclick>
		<onclick condition="Skin.HasSetting(Yellow-HomeBG)">Skin.ToggleSetting(Yellow-HomeBG)</onclick>
		<onclick condition="Skin.HasSetting(Green-HomeBG)">Skin.ToggleSetting(Green-HomeBG)</onclick>
		<onclick condition="Skin.HasSetting(Blue-HomeBG)">Skin.ToggleSetting(Blue-HomeBG)</onclick>
		<onclick condition="Skin.HasSetting(Indigo-HomeBG)">Skin.ToggleSetting(Indigo-HomeBG)</onclick>
		<onclick condition="Skin.HasSetting(Violet-HomeBG)">Skin.ToggleSetting(Violet-HomeBG)</onclick>
		<onclick condition="!IsEmpty(Skin.String(HomeBGcolor))">Skin.Reset(HomeBGcolor)</onclick>		
		<selected>Skin.HasSetting(Black-HomeBG)</selected>				
	  </control>	  
	  <control type="radiobutton" id="2">
		<label>$LOCALIZE[13343]</label>
		<onclick>Skin.ToggleSetting(Red-HomeBG)</onclick>	
		<onclick condition="Skin.HasSetting(Black-HomeBG)">Skin.ToggleSetting(Black-HomeBG)</onclick>		
		<onclick condition="Skin.HasSetting(Orange-HomeBG)">Skin.ToggleSetting(Orange-HomeBG)</onclick>
		<onclick condition="Skin.HasSetting(Yellow-HomeBG)">Skin.ToggleSetting(Yellow-HomeBG)</onclick>
		<onclick condition="Skin.HasSetting(Green-HomeBG)">Skin.ToggleSetting(Green-HomeBG)</onclick>
		<onclick condition="Skin.HasSetting(Blue-HomeBG)">Skin.ToggleSetting(Blue-HomeBG)</onclick>
		<onclick condition="Skin.HasSetting(Indigo-HomeBG)">Skin.ToggleSetting(Indigo-HomeBG)</onclick>
		<onclick condition="Skin.HasSetting(Violet-HomeBG)">Skin.ToggleSetting(Violet-HomeBG)</onclick>
		<onclick condition="!IsEmpty(Skin.String(HomeBGcolor))">Skin.Reset(HomeBGcolor)</onclick>		
		<selected>Skin.HasSetting(Red-HomeBG)</selected>				
	  </control>
	  <control type="radiobutton" id="3">
		<label>$LOCALIZE[13342]</label>
		<onclick>Skin.ToggleSetting(Orange-HomeBG)</onclick>
		<onclick condition="Skin.HasSetting(Black-HomeBG)">Skin.ToggleSetting(Black-HomeBG)</onclick>
		<onclick condition="Skin.HasSetting(Red-HomeBG)">Skin.ToggleSetting(Red-HomeBG)</onclick>		
		<onclick condition="Skin.HasSetting(Yellow-HomeBG)">Skin.ToggleSetting(Yellow-HomeBG)</onclick>
		<onclick condition="Skin.HasSetting(Green-HomeBG)">Skin.ToggleSetting(Green-HomeBG)</onclick>
		<onclick condition="Skin.HasSetting(Blue-HomeBG)">Skin.ToggleSetting(Blue-HomeBG)</onclick>
		<onclick condition="Skin.HasSetting(Indigo-HomeBG)">Skin.ToggleSetting(Indigo-HomeBG)</onclick>
		<onclick condition="Skin.HasSetting(Violet-HomeBG)">Skin.ToggleSetting(Violet-HomeBG)</onclick>
		<onclick condition="!IsEmpty(Skin.String(HomeBGcolor))">Skin.Reset(HomeBGcolor)</onclick>		
		<selected>Skin.HasSetting(Orange-HomeBG)</selected>				
	  </control>
	  <control type="radiobutton" id="4">
		<label>$LOCALIZE[743]</label>
		<onclick>Skin.ToggleSetting(Yellow-HomeBG)</onclick>
		<onclick condition="Skin.HasSetting(Black-HomeBG)">Skin.ToggleSetting(Black-HomeBG)</onclick>		
		<onclick condition="Skin.HasSetting(Red-HomeBG)">Skin.ToggleSetting(Red-HomeBG)</onclick>		
		<onclick condition="Skin.HasSetting(Orange-HomeBG)">Skin.ToggleSetting(Orange-HomeBG)</onclick>
		<onclick condition="Skin.HasSetting(Green-HomeBG)">Skin.ToggleSetting(Green-HomeBG)</onclick>
		<onclick condition="Skin.HasSetting(Blue-HomeBG)">Skin.ToggleSetting(Blue-HomeBG)</onclick>
		<onclick condition="Skin.HasSetting(Indigo-HomeBG)">Skin.ToggleSetting(Indigo-HomeBG)</onclick>
		<onclick condition="Skin.HasSetting(Violet-HomeBG)">Skin.ToggleSetting(Violet-HomeBG)</onclick>
		<onclick condition="!IsEmpty(Skin.String(HomeBGcolor))">Skin.Reset(HomeBGcolor)</onclick>		
		<selected>Skin.HasSetting(Yellow-HomeBG)</selected>				
	  </control>
	  <control type="radiobutton" id="5">
		<label>$LOCALIZE[13341]</label>
		<onclick>Skin.ToggleSetting(Green-HomeBG)</onclick>
		<onclick condition="Skin.HasSetting(Black-HomeBG)">Skin.ToggleSetting(Black-HomeBG)</onclick>		
		<onclick condition="Skin.HasSetting(Red-HomeBG)">Skin.ToggleSetting(Red-HomeBG)</onclick>		
		<onclick condition="Skin.HasSetting(Orange-HomeBG)">Skin.ToggleSetting(Orange-HomeBG)</onclick>
		<onclick condition="Skin.HasSetting(Yellow-HomeBG)">Skin.ToggleSetting(Yellow-HomeBG)</onclick>
		<onclick condition="Skin.HasSetting(Blue-HomeBG)">Skin.ToggleSetting(Blue-HomeBG)</onclick>
		<onclick condition="Skin.HasSetting(Indigo-HomeBG)">Skin.ToggleSetting(Indigo-HomeBG)</onclick>
		<onclick condition="Skin.HasSetting(Violet-HomeBG)">Skin.ToggleSetting(Violet-HomeBG)</onclick>
		<onclick condition="!IsEmpty(Skin.String(HomeBGcolor))">Skin.Reset(HomeBGcolor)</onclick>		
		<selected>Skin.HasSetting(Green-HomeBG)</selected>				
	  </control>
	  <control type="radiobutton" id="6">
		<label>$LOCALIZE[762]</label>
		<onclick>Skin.ToggleSetting(Blue-HomeBG)</onclick>
		<onclick condition="Skin.HasSetting(Black-HomeBG)">Skin.ToggleSetting(Black-HomeBG)</onclick>		
		<onclick condition="Skin.HasSetting(Red-HomeBG)">Skin.ToggleSetting(Red-HomeBG)</onclick>		
		<onclick condition="Skin.HasSetting(Orange-HomeBG)">Skin.ToggleSetting(Orange-HomeBG)</onclick>
		<onclick condition="Skin.HasSetting(Yellow-HomeBG)">Skin.ToggleSetting(Yellow-HomeBG)</onclick>
		<onclick condition="Skin.HasSetting(Green-HomeBG)">Skin.ToggleSetting(Green-HomeBG)</onclick>
		<onclick condition="Skin.HasSetting(Indigo-HomeBG)">Skin.ToggleSetting(Indigo-HomeBG)</onclick>
		<onclick condition="Skin.HasSetting(Violet-HomeBG)">Skin.ToggleSetting(Violet-HomeBG)</onclick>
		<onclick condition="!IsEmpty(Skin.String(HomeBGcolor))">Skin.Reset(HomeBGcolor)</onclick>			
		<selected>Skin.HasSetting(Blue-HomeBG)</selected>				
	  </control>
	  <control type="radiobutton" id="7">
		<label>$LOCALIZE[31088]</label>
		<onclick>Skin.ToggleSetting(Indigo-HomeBG)</onclick>
		<onclick condition="Skin.HasSetting(Black-HomeBG)">Skin.ToggleSetting(Black-HomeBG)</onclick>		
		<onclick condition="Skin.HasSetting(Red-HomeBG)">Skin.ToggleSetting(Red-HomeBG)</onclick>		
		<onclick condition="Skin.HasSetting(Orange-HomeBG)">Skin.ToggleSetting(Orange-HomeBG)</onclick>
		<onclick condition="Skin.HasSetting(Yellow-HomeBG)">Skin.ToggleSetting(Yellow-HomeBG)</onclick>
		<onclick condition="Skin.HasSetting(Green-HomeBG)">Skin.ToggleSetting(Green-HomeBG)</onclick>
		<onclick condition="Skin.HasSetting(Blue-HomeBG)">Skin.ToggleSetting(Blue-HomeBG)</onclick>
		<onclick condition="Skin.HasSetting(Violet-HomeBG)">Skin.ToggleSetting(Violet-HomeBG)</onclick>
		<onclick condition="!IsEmpty(Skin.String(HomeBGcolor))">Skin.Reset(HomeBGcolor)</onclick>			
		<selected>Skin.HasSetting(Indigo-HomeBG)</selected>				
	  </control>
	  <control type="radiobutton" id="8">
		<label>$LOCALIZE[31089]</label>
		<onclick>Skin.ToggleSetting(Violet-HomeBG)</onclick>
		<onclick condition="Skin.HasSetting(Black-HomeBG)">Skin.ToggleSetting(Black-HomeBG)</onclick>		
		<onclick condition="Skin.HasSetting(Red-HomeBG)">Skin.ToggleSetting(Red-HomeBG)</onclick>		
		<onclick condition="Skin.HasSetting(Orange-HomeBG)">Skin.ToggleSetting(Orange-HomeBG)</onclick>
		<onclick condition="Skin.HasSetting(Yellow-HomeBG)">Skin.ToggleSetting(Yellow-HomeBG)</onclick>
		<onclick condition="Skin.HasSetting(Green-HomeBG)">Skin.ToggleSetting(Green-HomeBG)</onclick>
		<onclick condition="Skin.HasSetting(Blue-HomeBG)">Skin.ToggleSetting(Blue-HomeBG)</onclick>
		<onclick condition="Skin.HasSetting(Indigo-HomeBG)">Skin.ToggleSetting(Indigo-HomeBG)</onclick>
		<onclick condition="!IsEmpty(Skin.String(HomeBGcolor))">Skin.Reset(HomeBGcolor)</onclick>			
		<selected>Skin.HasSetting(Violet-HomeBG)</selected>				
	  </control>
	  <control type="radiobutton" id="9">
		<label>$LOCALIZE[20190]</label>
		<onclick condition="Skin.HasSetting(Black-HomeBG)">Skin.ToggleSetting(Black-HomeBG)</onclick>		
		<onclick condition="Skin.HasSetting(Red-HomeBG)">Skin.ToggleSetting(Red-HomeBG)</onclick>		
		<onclick condition="Skin.HasSetting(Orange-HomeBG)">Skin.ToggleSetting(Orange-HomeBG)</onclick>
		<onclick condition="Skin.HasSetting(Yellow-HomeBG)">Skin.ToggleSetting(Yellow-HomeBG)</onclick>
		<onclick condition="Skin.HasSetting(Green-HomeBG)">Skin.ToggleSetting(Green-HomeBG)</onclick>
		<onclick condition="Skin.HasSetting(Blue-HomeBG)">Skin.ToggleSetting(Blue-HomeBG)</onclick>
		<onclick condition="Skin.HasSetting(Indigo-HomeBG)">Skin.ToggleSetting(Indigo-HomeBG)</onclick>
		<onclick condition="Skin.HasSetting(Violet-HomeBG)">Skin.ToggleSetting(Violet-HomeBG)</onclick>
		<onclick condition="IsEmpty(Skin.String(HomeBGcolor))">Skin.SetString(HomeBGcolor)</onclick>		
		<onclick condition="!IsEmpty(Skin.String(HomeBGcolor))">Skin.Reset(HomeBGcolor)</onclick>		
		<selected>!IsEmpty(Skin.String(HomeBGcolor))</selected>				
	  </control>	  
    </control>
  </controls>
</window>
