<?xml version="1.0" encoding="UTF-8"?>
<window id="1707">
    <backgroundcolor>background</backgroundcolor>
    <defaultcontrol always="true">50</defaultcontrol>
    <allowoverlay>no</allowoverlay>
    <include>OpenClose</include>
    <controls>
        <include>OtherBackground</include>
        <control type="group">
            <left>1020</left>
            <top>130</top>
            <control type="grouplist" id="50">
                <width>902</width>
                <height>910</height>
                <onleft>noop</onleft>
                <onright>noop</onright>
                <onup>50</onup>
                <ondown>50</ondown>
                <itemgap>14</itemgap>
                <control type="radiobutton" id="1" description="Home Panel Zoom Animation">
					<visible>!Skin.HasSetting(HomeMenuWraplist)</visible>
                    <width>840</width>
                    <align>left</align>
                    <label>$LOCALIZE[31104]</label>
                    <texturenofocus border="8" colordiffuse="$VAR[bannercolor]">images/White.png</texturenofocus>
                    <onclick>Skin.ToggleSetting(HomeZoom)</onclick>
                    <selected>!Skin.HasSetting(HomeZoom)</selected>
                </control>				
                <control type="radiobutton" id="2" description="Home Icon Zoom Animation">
					<visible>[![Skin.HasTheme(Dark)|Skin.HasTheme(White)]] + !Skin.HasSetting(HomeMenuWraplist)</visible>
                    <width>840</width>
                    <align>left</align>
                    <label>$LOCALIZE[31071]</label>
                    <texturenofocus border="8" colordiffuse="$VAR[bannercolor]">images/White.png</texturenofocus>
                    <onclick>Skin.ToggleSetting(HomeIconZoom)</onclick>
                    <selected>Skin.HasSetting(HomeIconZoom)</selected>
                </control>				
                <control type="radiobutton" id="3">
                    <width>840</width>
                    <align>left</align>
                    <label>$LOCALIZE[31047]</label>
                    <texturenofocus border="8" colordiffuse="$VAR[bannercolor]">images/White.png</texturenofocus>
                    <onclick>Skin.ToggleSetting(upcomingmovies)</onclick>
                    <selected>Skin.HasSetting(upcomingmovies)</selected>
                </control>				
                <control type="radiobutton" id="4" description="Home Banner">
					<visible>!Skin.HasSetting(HomeMenuWraplist)</visible>				
                    <width>840</width>
                    <align>left</align>
                    <label>$LOCALIZE[31072]</label>
                    <texturenofocus border="8" colordiffuse="$VAR[bannercolor]">images/White.png</texturenofocus>
                    <onclick>Skin.ToggleSetting(HomeBanner)</onclick>
                    <selected>!Skin.HasSetting(HomeBanner)</selected>
                </control>	
                <control type="radiobutton" id="5" description="Home Banner Animation">
					<visible>!Skin.HasSetting(HomeMenuWraplist)</visible>				
                    <width>840</width>
                    <align>left</align>
                    <label>$LOCALIZE[31073]</label>
                    <texturenofocus border="8" colordiffuse="$VAR[bannercolor]">images/White.png</texturenofocus>
                    <onclick>Skin.ToggleSetting(HomeBannerAnimation)</onclick>
                    <selected>Skin.HasSetting(HomeBannerAnimation)</selected>
                </control>
                <control type="button" id="6" description="Custom Banner Color">
                    <width>840</width>
                    <align>left</align>
                    <label>$LOCALIZE[31084]</label>
                    <texturenofocus border="8" colordiffuse="$VAR[bannercolor]">images/White.png</texturenofocus>
                    <onclick>ActivateWindow(1704)</onclick>
                </control>
				<!-- Alternative Home Menu -->
                <control type="radiobutton" id="7" description="HomeMenuWraplist">
                    <width>840</width>
                    <align>left</align>
                    <label>$LOCALIZE[31115]</label>
                    <texturenofocus border="8" colordiffuse="$VAR[bannercolor]">images/White.png</texturenofocus>
                    <onclick>Skin.ToggleSetting(HomeMenuWraplist)</onclick>
                    <selected>Skin.HasSetting(HomeMenuWraplist)</selected>
                </control>				
                <control type="radiobutton" id="8" description="HomeMenuAnimation">
					<visible>Skin.HasSetting(HomeMenuWraplist)</visible>
                    <width>840</width>
                    <align>left</align>
                    <label>$LOCALIZE[31116]</label>
                    <texturenofocus border="8" colordiffuse="$VAR[bannercolor]">images/White.png</texturenofocus>
                    <onclick>Skin.ToggleSetting(HomeMenuAnimation)</onclick>
                    <selected>!Skin.HasSetting(HomeMenuAnimation)</selected>
                </control>	
                <control type="radiobutton" id="9" description="HomeMenuAnimation">
					<visible>Skin.HasSetting(HomeMenuWraplist)</visible>
                    <width>840</width>
                    <align>left</align>
                    <label>$LOCALIZE[31117]</label>
                    <texturenofocus border="8" colordiffuse="$VAR[bannercolor]">images/White.png</texturenofocus>
                    <onclick>Skin.ToggleSetting(ClassicHomeMenu)</onclick>
                    <selected>Skin.HasSetting(ClassicHomeMenu)</selected>
                </control>
				<!--control type="radiobutton" id="20">
					<description>Home Menu Overlay</description>
				<include>SettingsRadioButton</include>
					<label>Home Menu Overlay</label>
					<onclick>Skin.ToggleSetting(HomeMenuOverlay)</onclick>
					<selected>!Skin.HasSetting(HomeMenuOverlay)</selected>
				</control-->
				
			</control>
        </control>
        <control type="image">
            <centerleft>500</centerleft>
            <centertop>530</centertop>
            <height>520</height>
            <width>520</width>
            <texture>images/tvOS-X-logo.png</texture>
        </control>
        <control type="label">
            <include>Heading</include>
            <label>$LOCALIZE[31096]</label>
        </control>
    </controls>
</window>
