<?xml version="1.0" encoding="UTF-8"?>
<window id="147">
    <defaultcontrol>61</defaultcontrol>
    <include>DialogOpenClose</include>
    <controls>
	
	
        <control type="image" description="OtherBG">
			<visible>IsEmpty(Skin.String(CustomBgOther))</visible>
            <centerleft>960</centerleft>
            <centertop>540</centertop>
            <width>1320</width>
            <height>1040</height>
            <texture>$VAR[OtherBG]</texture>
            <aspectratio align="center">scale</aspectratio>
        </control>		
        <control type="image" description="OtherBG">
			<visible>!IsEmpty(Skin.String(CustomBgOther)) | !IsEmpty(Skin.String(CustomBgHome))</visible>
            <centerleft>960</centerleft>
            <centertop>540</centertop>
            <width>1320</width>
            <height>1040</height>
            <texture>$VAR[OtherBG]</texture>
            <aspectratio align="center">scale</aspectratio>
        </control>			
        <control type="image" description="Diffuse Other BG">
            <centerleft>960</centerleft>
            <centertop>540</centertop>
            <width>1320</width>
            <height>1040</height>
            <texture colordiffuse="$VAR[diffuseother]">images/whitebg.png</texture>
            <aspectratio align="center">scale</aspectratio>
        </control>			

		
        <control type="label" id="1" description="Header">
            <centerleft>960</centerleft>
            <top>60</top>
            <align>center</align>
            <width>1920</width>
            <height>40</height>
        </control>
        <control type="textbox" id="5" description="Textarea">
            <centerleft>960</centerleft>
            <centertop>560</centertop>
            <width>1200</width>
            <height>860</height>
            <font>size26</font>
            <!--<align>justify</align>-->
        </control>
    </controls>
</window>
