<?xml version="1.0" encoding="UTF-8"?>
<window id="139">
    <defaultcontrol always="true">5</defaultcontrol>
    <allowoverlay>no</allowoverlay>
    <include>DialogOpenClose</include>
    <controls>
        <include>OtherBackground</include>
        <control type="label" description="Heading">
            <include>Heading</include>
            <label>13406</label>
        </control>
        <control type="list" id="5">
            <left>960</left>
            <top>100</top>
            <width>930</width>
            <height>980</height>
            <onleft>noop</onleft>
            <onright>9000</onright>
            <onup>noop</onup>
            <ondown>noop</ondown>
            <pagecontrol>60</pagecontrol>
            <itemlayout height="40">
                <control type="label">
                    <left>30</left>
                    <height>40</height>
                    <width>460</width>
                    <scroll>false</scroll>
                    <info>ListItem.Label</info>
                </control>
                <control type="label">
                    <left>460</left>
                    <height>40</height>
                    <width>440</width>
                    <align>right</align>
                    <scroll>false</scroll>
                    <font>size26</font>
                    <info>ListItem.Label2</info>
                </control>
            </itemlayout>
            <focusedlayout height="40">
                <control type="group">
                    <animation effect="zoom" time="120" start="100" end="105" center="465,0" tween="Back" easing="Out">Focus</animation>
                    <control type="image">
                        <height>40</height>
                        <width>930</width>
                        <texture border="8">images/White.png</texture>
                    </control>
                    <control type="label">
                        <left>30</left>
                        <height>40</height>
                        <width>460</width>
                        <scroll>false</scroll>
                        <textcolor>darktext</textcolor>
                        <info>ListItem.Label</info>
                    </control>
                    <control type="label">
                        <left>460</left>
                        <height>40</height>
                        <width>440</width>
                        <align>right</align>
                        <scroll>false</scroll>
                        <font>size26</font>
                        <textcolor>darktext</textcolor>
                        <info>ListItem.Label2</info>
                    </control>
                </control>
            </focusedlayout>
        </control>
        <control type="image" description="Thumb">
            <centerleft>480</centerleft>
            <centertop>540</centertop>
            <width>920</width>
            <height>880</height>
            <include>Icon_Fade</include>
            <texture background="true">$INFO[ListItem.Icon]</texture>
            <aspectratio aligny="center">keep</aspectratio>
        </control>
    </controls>
</window>
