<?xml version="1.0" encoding="UTF-8"?>
<window type="buttonMenu">
  <defaultcontrol>9000</defaultcontrol>
  <include>DialogOpenClose</include>
  <controls>
	<control type="image" description="List back">
	  <visible>!System.HasAddon(service.libreelec.settings) | System.HasLoginScreen</visible>	
		<centerleft>960</centerleft>
		<centertop>540</centertop>
		<width>802</width>
		<height>766</height>
		<aspectratio>stretch</aspectratio>
		<include condition="IsEmpty(Skin.String(CustomBgDialog)) + IsEmpty(Skin.String(CustomBgHome)) + ![Skin.HasTheme(Dark)|Skin.HasTheme(White)]">DialogTexture</include>
		<include condition="!IsEmpty(Skin.String(CustomBgDialog)) | !IsEmpty(Skin.String(CustomBgHome)) | Skin.HasTheme(Dark) | Skin.HasTheme(White)">DialogTextureBG</include>
	</control>
	<control type="image" description="List back short">
		<visible>System.HasAddon(service.libreelec.settings) + !System.HasLoginScreen</visible>
		<centerleft>960</centerleft>
		<centertop>540</centertop>
		<width>802</width>
		<height>520</height>
		<aspectratio>stretch</aspectratio>
		<include condition="IsEmpty(Skin.String(CustomBgDialog)) + IsEmpty(Skin.String(CustomBgHome)) + ![Skin.HasTheme(Dark)|Skin.HasTheme(White)]">DialogTexture</include>
		<include condition="!IsEmpty(Skin.String(CustomBgDialog)) | !IsEmpty(Skin.String(CustomBgHome)) | Skin.HasTheme(Dark) | Skin.HasTheme(White)">DialogTextureBG</include>		
	</control>
	<control type="image" description="List back diffuse">
	    <visible>!System.HasAddon(service.libreelec.settings) + System.HasLoginScreen</visible>	
		<centerleft>960</centerleft>
		<centertop>540</centertop>
		<width>802</width>
		<height>766</height>
		<aspectratio>stretch</aspectratio>
		<texture border="50" colordiffuse="$VAR[diffusedialog]" diffuse="images/DialogDiffuse.png">images/whitebg.png</texture>
	</control>	
	<control type="image" description="List back diffuse">
		<visible>System.HasAddon(service.libreelec.settings) + !System.HasLoginScreen</visible>
		<centerleft>960</centerleft>
		<centertop>540</centertop>
		<width>802</width>
		<height>520</height>
		<aspectratio>stretch</aspectratio>
		<texture border="50" colordiffuse="$VAR[diffusedialog]" diffuse="images/DialogDiffuse.png">images/whitebg.png</texture>
	</control>
	<control type="image" description="List back border">
	  <visible>!System.HasAddon(service.libreelec.settings) + System.HasLoginScreen</visible>
	  <centerleft>960</centerleft>
	  <centertop>540</centertop>
	  <width>738</width>
	  <height>730</height>
	  <aspectratio>stretch</aspectratio>
	  <texture>$VAR[BorderColor]</texture>	  
	</control>
	<control type="image" description="List back border">
	  <visible>System.HasAddon(service.libreelec.settings) + !System.HasLoginScreen</visible>
	  <centerleft>960</centerleft>
	  <centertop>540</centertop>
	  <width>738</width>
	  <height>456</height>
	  <aspectratio>stretch</aspectratio>
	  <texture>$VAR[BorderColor]</texture>	  
	</control>
	    
<!-- OLD 
	<control type="image" description="List back border">
	  <centerleft>960</centerleft>
	  <centertop>540</centertop>
	  <width>738</width>
	  <height>726</height>
	  <aspectratio>stretch</aspectratio>
	  <texture>borders/DialogBorder-Dark.png</texture>	  
	</control>  
	<control type="image" description="List back">
		<centerleft>960</centerleft>
		<centertop>540</centertop>
		<width>802</width>
		<height>760</height>
		<aspectratio>stretch</aspectratio>
		<include condition="IsEmpty(Skin.String(CustomBgDialog))">DialogTexture</include>
		<include condition="!IsEmpty(Skin.String(CustomBgDialog))">DialogTextureBG</include>	
	</control>	
	<control type="image" description="List back diffuse">
		<centerleft>960</centerleft>
		<centertop>540</centertop>
		<width>802</width>
		<height>760</height>
		<aspectratio>stretch</aspectratio>
		<texture border="50" colordiffuse="$VAR[diffusedialog]" diffuse="images/DialogDiffuse.png">images/whitebg.png</texture>
	</control>

<!-- 	
    <control type="image" description="List back">
      <centerleft>960</centerleft>
      <centertop>540</centertop>
      <width>802</width>
      <height>700</height>
      <aspectratio>stretch</aspectratio>
      <texture border="50" colordiffuse="FF000000">images/DialogDiffuse.png</texture>
    </control> 	
	
-->	
    <control type="grouplist" id="9000">
      <centertop>540</centertop>
      <height>580</height>
      <align>center</align>
      <include>DialogGLs</include>
      <control type="button" id="1" description="Exit button">
		<visible>!System.HasAddon(service.libreelec.settings)</visible>
        <include>DialogButt</include>
        <onclick>XBMC.Quit()</onclick>
        <label>13009</label>
      </control>
	  
	  
      <control type="button" id="2" description="Shutdown button">
        <enable>System.CanPowerDown</enable>
        <include>DialogButt</include>
        <onclick>XBMC.Powerdown()</onclick>
        <label>13005</label>
      </control>
      <control type="button" id="3" description="Suspend button">
        <enable>System.CanSuspend</enable>
        <include>DialogButt</include>
        <onclick>XBMC.Suspend()</onclick>
        <label>13011</label>
      </control>
      <control type="button" id="4" description="Reboot button">
        <enable>System.CanReboot</enable>
        <include>DialogButt</include>
        <onclick>XBMC.Reset()</onclick>
        <label>13013</label>
      </control>
      <control type="button" id="5" description="LogOff">
        <!--enable>System.HasLoginScreen</enable-->
		<visible>System.HasLoginScreen</visible>
        <include>DialogButt</include>
        <onclick>Activatewindow(29)</onclick>
        <label>logoff</label>
      </control>
      <control type="button" id="6" description="TimerOff">
        <include>DialogButt</include>
        <onclick>AlarmClock(Timer,Quit())</onclick>
        <label>timer</label>
      </control>
      <!--control type="button" id="7" description="Settings">
		<visible>Control.IsVisible(Container(9000).ListItem.Property(defaultID),settings)</visible>
        <include>DialogButt</include>
        <onclick>ActivateWindow(Settings)</onclick>
        <label>5</label>
      </control-->
    </control>
  </controls>
</window>
