<?xml version="1.0" encoding="UTF-8"?>
<window type="dialog" id="101">
  <defaultcontrol always="true">9000</defaultcontrol>
  <allowoverlay>no</allowoverlay>
  <include>DialogOpenClose</include>
  <controls>
  



<!-- INCOMPLETE -->  
	<control type="image" description="List back">
		<centerleft>960</centerleft>
		<centertop>540</centertop>
		<width>1240</width>
		<height>640</height>
		<aspectratio>stretch</aspectratio>
		<include condition="IsEmpty(Skin.String(CustomBgDialog)) + IsEmpty(Skin.String(CustomBgHome)) + ![Skin.HasTheme(Dark)|Skin.HasTheme(White)]">DialogTexture</include>
		<include condition="!IsEmpty(Skin.String(CustomBgDialog)) | !IsEmpty(Skin.String(CustomBgHome)) | Skin.HasTheme(Dark) | Skin.HasTheme(White)">DialogTextureBG</include>	
	</control>

	<control type="image" description="List back diffuse">
		<centerleft>960</centerleft>
		<centertop>540</centertop>
		<width>1240</width>
		<height>640</height>
		<aspectratio>stretch</aspectratio>
		<texture border="50" colordiffuse="$VAR[diffusedialog]" diffuse="images/DialogDiffuse.png">images/whitebg.png</texture>	
	</control>
 
  
  
 <!--   
	<control type="image">
      <centerleft>960</centerleft>
      <centertop>540</centertop>
      <width>1240</width>
      <height>540</height>
	  <aspectratio>stretch</aspectratio>
      <texture border="50">$VAR[ContextMenu]</texture>
    </control>
-->	
	
	
	
    <control type="group">
      <left>480</left>
      <top>350</top>
      <control type="label" id="1" description="Heading">
        <width>960</width>
        <label>-</label>
        <font>size30B</font>
        <textcolor>darktext</textcolor>
        <align>center</align>
      </control>
      <control type="textbox" id="9" description="content">
        <top>75</top>
        <width>960</width>
        <height>145</height>
        <align>center</align>
		<font>size28</font>
        <textcolor>darktext</textcolor>
        <label>-</label>
      </control>
      <control type="progress" id="20" description="Progressbar">
		<visible>!Skin.HasTheme(White)</visible>
        <left>0</left>
        <top>261</top>
        <width>960</width>
        <height>9</height>
        <texturebg border="5,0,5,0">progress/ProgressBG.png</texturebg>
        <midtexture border="0,1,0,1" colordiffuse="bbffffff">progress/ProgressM.png</midtexture>
        <righttexture border="1,1,5,1" colordiffuse="bbffffff">progress/ProgressR.png</righttexture>
        <lefttexture border="5,1,1,1" colordiffuse="bbffffff">progress/ProgressL.png</lefttexture>
        <info>System.Progressbar</info>
      </control>
      <control type="progress" id="20" description="Progressbar">
		<visible>Skin.HasTheme(White)</visible>
        <left>0</left>
        <top>261</top>
        <width>960</width>
        <height>9</height>
        <texturebg border="5,0,5,0">progress/ProgressBG.png</texturebg>
        <midtexture border="0,1,0,1" colordiffuse="black">progress/ProgressM.png</midtexture>
        <righttexture border="1,1,5,1" colordiffuse="black">progress/ProgressR.png</righttexture>
        <lefttexture border="5,1,1,1" colordiffuse="black">progress/ProgressL.png</lefttexture>
        <info>System.Progressbar</info>
      </control>
      <control type="grouplist" id="9000">
        <top>330</top>
        <width>900</width>
        <height>90</height>
        <align>center</align>
        <itemgap>15</itemgap>
        <orientation>horizontal</orientation>
        <control type="button" id="11">
          <description>OK button</description>
          <width>280</width>
          <label>107</label>
          <align>center</align>
        </control>
        <control type="button" id="10">
          <description>Cancel button</description>
          <width>280</width>
          <label>106</label>
          <align>center</align>
        </control>
        <control type="button" id="12">
          <description>Custom button</description>
          <width>280</width>
          <label>106</label>
          <align>center</align>
        </control>
      </control>
    </control>
  </controls>
</window>
