<?xml version="1.0" encoding="UTF-8"?>
<window>
    <defaultcontrol always="true">570</defaultcontrol>
    <allowoverlay>no</allowoverlay>
    <include>OpenClose</include>
    <menucontrol>9000</menucontrol>
    <views>570</views>
    <controls>
        <include>OtherBackground</include>
        <control type="list" id="570">
            <left>95</left>
            <top>78</top>
            <width>1080</width>
            <height>561</height>
            <onleft>9000</onleft>
            <onright>60</onright>
            <onup>570</onup>
            <ondown>570</ondown>
            <viewtype label="535">list</viewtype>
            <pagecontrol>60</pagecontrol>
            <scrolltime>200</scrolltime>
            <itemlayout height="85" width="1080">
                <control type="label">
                    <left>90</left>
                    <top>0</top>
                    <width>870</width>
                    <height>30</height>
                    <font>font13</font>
                    <align>left</align>
                    <aligny>center</aligny>
                    <label>a [B]$INFO[ListItem.Label][/B]</label>
                </control>
                <control type="textbox">
                    <left>90</left>
                    <top>32</top>
                    <width>870</width>
                    <height>48</height>
                    <font>font12</font>
                    <align>left</align>
                    <label>$INFO[ListItem.Property(Event.Description)]</label>
                </control>
                <control type="label">
                    <left>90</left>
                    <top>0</top>
                    <width>970</width>
                    <height>30</height>
                    <font>font12</font>
                    <align>right</align>
                    <aligny>center</aligny>
                    <label>$INFO[ListItem.Label2]</label>
                </control>
            </itemlayout>
            <focusedlayout height="85" width="1080">
                <control type="group">
                    <animation effect="zoom" time="120" start="100" end="105" center="auto" tween="Back" easing="Out">Focus</animation>
                    <control type="image">
                        <top>12</top>
                        <left>-50</left>
                        <height>70</height>
                        <width>905</width>
                        <texture>shadow.png</texture>
                    </control>
                    <control type="image">
                        <height>70</height>
                        <width>805</width>
                        <texture border="8">images/White.png</texture>
                    </control>
                    <control type="label">
                        <left>90</left>
                        <top>0</top>
                        <width>870</width>
                        <height>30</height>
                        <font>font13</font>
                        <align>left</align>
                        <aligny>center</aligny>
                        <label>[B]$INFO[ListItem.Label][/B]</label>
                    </control>
                    <control type="textbox">
                        <left>90</left>
                        <top>32</top>
                        <width>870</width>
                        <height>48</height>
                        <font>font12</font>
                        <align>left</align>
                        <label>$INFO[ListItem.Property(Event.Description)]</label>
                    </control>
                    <control type="label">
                        <left>90</left>
                        <top>0</top>
                        <width>970</width>
                        <height>30</height>
                        <font>font12</font>
                        <align>right</align>
                        <aligny>center</aligny>
                        <label>$INFO[ListItem.Label2]</label>
                    </control>
                </control>
            </focusedlayout>
        </control>
        <control type="group" description="Side menu 9000 group">
            <visible allowhiddenfocus="true">ControlGroup(9000).HasFocus()</visible>
            <include>DialogOpenCloseVisible</include>
            <control type="image" description="List back">
                <centerleft>960</centerleft>
                <centertop>540</centertop>
                <width>802</width>
                <height>706</height>
                <aspectratio>stretch</aspectratio>
                <texture border="50">$VAR[ContextMenu]</texture>
                <!--colordiffuse>dialog</colordiffuse-->
            </control>
            <control type="grouplist" id="9000">
                <top>308</top>
                <height>678</height>
                <include>DialogGLs</include>
                <control type="togglebutton" id="4" description="Sort">
                    <include>DialogButt</include>
                    <label>Sort</label>
                </control>
                <control type="button" id="20" description="clear">
                    <include>DialogButt</include>
                    <label>192</label>
                </control>
                <control type="button" id="21" description="level">
                    <include>DialogButt</include>
                    <label>-</label>
                </control>
                <control type="radiobutton" id="22" description="only current">
                    <include>DialogButt</include>
                    <label>-</label>
                </control>
            </control>
        </control>
    </controls>
</window>
