<?xml version="1.0" encoding="UTF-8"?>
<window>
    <defaultcontrol always="true">600</defaultcontrol>
    <views>50,51,52,53</views>
    <controls>
        <include>OtherBackground</include>
        <!--<control type="image">-->
        <!--<height>1080</height>-->
        <!--<width>1920</width>-->
        <!--<texture>musicalbums.png</texture>-->
        <!--</control>-->

        <!--VIEWS-->
        <include>LibraryList</include>
        <include>musicalbums</include>
        <include>musicartists</include>
        <include>musicsongs</include>

        <!--GENERAL-->
        <include>9000music</include>
        <include>WindowsTopInfos</include>
    </controls>
</window>
